customer_id,customer_type,city,region,registration_date
CU00413,Corporate,Hyderabad,South,2024-10-13
CU01089,Individual,Pune,West,2026-06-01
CU00784,Individual,Bengaluru,South,2024-08-22
CU00349,Individual,Bengaluru,South,2026-07-21
CU01037,Individual,Kolkata,East,2025-02-15
CU03135,Individual,Bengaluru,South,2020-11-26
CU00890,Individual,Bengaluru,South,2025-12-25
CU01474,Individual,Bengaluru,South,2021-10-05
CU01629,Individual,Pune,West,2021-07-06
CU01341,Individual,Pune,West,2026-08-27
CU03201,Individual,New Delhi,North,2025-02-24
CU02011,Individual,Kolkata,East,2026-08-04
CU00418,Individual,Mumbai,West,2024-06-21
CU01371,Individual,Chennai,South,2026-08-13
CU01491,Individual,New Delhi,North,2023-07-04
CU01203,Individual,Kolkata,East,2020-12-28
CU00932,Individual,Bengaluru,South,2024-12-10
CU01849,Individual,Bengaluru,South,2025-12-13
CU02684,Individual,Hyderabad,South,2022-05-29
CU01839,Individual,Pune,West,2026-01-20
CU03316,Individual,New Delhi,North,2026-01-29
CU01508,Individual,Bengaluru,South,2025-06-08
CU03251,Individual,Chennai,South,2026-07-21
CU01485,Individual,Chennai,South,2025-01-20
CU01478,Individual,Bengaluru,South,2021-12-13
CU00874,Individual,Bengaluru,South,2025-02-20
CU00134,Individual,Hyderabad,South,2025-07-25
CU00050,Individual,New Delhi,North,2025-09-12
CU02382,Individual,Mumbai,West,2026-02-20
CU02620,Individual,Bengaluru,South,2026-01-09
CU00944,Individual,Bengaluru,South,2025-05-07
CU00803,Corporate,Bengaluru,South,2022-06-04
CU00169,Individual,Chennai,South,2025-04-22
CU02681,Individual,Kolkata,East,2025-12-15
CU01316,Individual,New Delhi,North,2024-09-09
CU01747,Individual,New Delhi,North,2025-03-09
CU00073,Individual,Pune,West,2025-07-24
CU00877,Individual,Bengaluru,South,2020-11-06
CU02577,Individual,Bengaluru,South,2023-09-22
CU02372,Individual,Pune,West,2025-06-13
CU01475,Individual,Hyderabad,South,2026-05-04
CU00216,Individual,Mumbai,West,2025-03-31
CU02406,Individual,Kolkata,East,2026-04-04
CU01361,Individual,Mumbai,West,2025-10-20
CU03089,Individual,Bengaluru,South,2021-01-17
CU03026,Individual,Kolkata,East,2026-06-27
CU01515,Individual,Hyderabad,South,2025-12-18
CU00471,Individual,Chennai,South,2024-10-22
CU02983,Individual,New Delhi,North,2025-11-04
CU00982,Individual,Kolkata,East,2025-05-22
CU01535,Individual,Pune,West,2021-05-13
CU01134,Corporate,New Delhi,North,2022-08-20
CU00145,Individual,Mumbai,West,2022-10-23
CU00657,Individual,Hyderabad,South,2025-08-12
CU02428,Individual,Bengaluru,South,2026-08-25
CU02396,Individual,New Delhi,North,2024-04-30
CU00328,Individual,Kolkata,East,2025-01-13
CU00791,Individual,Bengaluru,South,2021-03-21
CU00460,Individual,Hyderabad,South,2020-10-16
CU02322,Individual,Mumbai,West,2026-02-18
CU00298,Individual,Bengaluru,South,2026-01-08
CU02785,Individual,Hyderabad,South,2021-06-25
CU02821,Individual,New Delhi,North,2025-08-24
CU00329,Corporate,Chennai,South,2022-12-08
CU01166,Individual,Mumbai,West,2026-04-24
CU01312,Individual,Mumbai,West,2026-02-10
CU03346,Individual,Mumbai,West,2024-11-28
CU00242,Individual,Hyderabad,South,2025-01-23
CU00157,Individual,Bengaluru,South,2024-07-16
CU01552,Individual,Bengaluru,South,2024-12-29
CU01096,Individual,Hyderabad,South,2025-07-17
CU00466,Individual,New Delhi,North,2021-08-22
CU01800,Individual,Pune,West,2026-04-01
CU03177,Individual,Bengaluru,South,2026-02-14
CU00690,Individual,Mumbai,West,2024-07-13
CU01442,Individual,New Delhi,North,2020-12-27
CU01665,Individual,Bengaluru,South,2024-10-12
CU00728,Individual,Kolkata,East,2022-10-30
CU01269,Individual,Bengaluru,South,2025-11-07
CU02255,Individual,Bengaluru,South,2025-05-14
CU02132,Individual,Hyderabad,South,2025-09-26
CU03071,Individual,Bengaluru,South,2024-07-08
CU03025,Individual,Kolkata,East,2025-12-23
CU00477,Individual,Mumbai,West,2025-01-29
CU01762,Individual,Pune,West,2026-07-14
CU02715,Individual,New Delhi,North,2025-04-08
CU01984,Individual,Kolkata,East,2024-12-05
CU01697,Individual,New Delhi,North,2024-07-26
CU00028,Individual,Bengaluru,South,2026-02-13
CU00022,Fleet,Kolkata,East,2020-12-28
CU00545,Individual,Bengaluru,South,2020-12-05
CU02036,Individual,Bengaluru,South,2026-04-24
CU00590,Individual,Chennai,South,2025-06-27
CU01235,Individual,New Delhi,North,2026-03-23
CU02647,Individual,Bengaluru,South,2024-07-30
CU03136,Individual,Bengaluru,South,2023-12-15
CU03281,Individual,Chennai,South,2025-01-05
CU00681,Individual,Bengaluru,South,2025-01-27
CU02641,Individual,New Delhi,North,2025-05-24
CU01317,Individual,Bengaluru,South,2026-07-14
CU02366,Individual,Chennai,South,2020-12-16
CU00430,Individual,Kolkata,East,2025-12-11
CU02975,Individual,Pune,West,2026-08-11
CU03072,Individual,Kolkata,East,2024-06-22
CU02210,Corporate,New Delhi,North,2023-10-25
CU01676,Individual,Bengaluru,South,2026-07-13
CU00282,Individual,Kolkata,East,2024-10-22
CU03186,Individual,Bengaluru,South,2021-03-19
CU01469,Individual,Kolkata,East,2024-11-07
CU00975,Individual,Hyderabad,South,2026-06-26
CU01668,Individual,Bengaluru,South,2021-11-06
CU02328,Individual,Hyderabad,South,2023-10-30
CU02598,Individual,Kolkata,East,2024-11-28
CU00779,Individual,Bengaluru,South,2026-05-01
CU00261,Individual,New Delhi,North,2022-05-09
CU00436,Individual,Hyderabad,South,2024-07-03
CU02292,Individual,Bengaluru,South,2025-02-01
CU02630,Individual,Chennai,South,2025-10-11
CU01788,Fleet,Mumbai,West,2021-05-01
CU01400,Individual,Kolkata,East,2021-05-15
CU00953,Individual,Kolkata,East,2024-06-22
CU02748,Individual,Kolkata,East,2021-09-15
CU01411,Individual,Mumbai,West,2021-11-11
CU02424,Individual,Kolkata,East,2022-08-16
CU01840,Individual,New Delhi,North,2026-01-20
CU02468,Individual,Bengaluru,South,2025-10-06
CU02295,Fleet,Pune,West,2020-12-26
CU00967,Individual,Bengaluru,South,2024-04-11
CU01991,Individual,Bengaluru,South,2021-03-20
CU00138,Individual,Bengaluru,South,2025-11-12
CU02151,Individual,Bengaluru,South,2025-12-04
CU00425,Individual,Pune,West,2025-11-03
CU00895,Individual,Bengaluru,South,2026-07-22
CU02926,Individual,Mumbai,West,2021-03-27
CU01116,Individual,Mumbai,West,2025-07-19
CU02332,Individual,Bengaluru,South,2021-07-24
CU02912,Individual,Bengaluru,South,2026-03-17
CU01591,Individual,Chennai,South,2023-03-17
CU02007,Individual,Bengaluru,South,2025-12-15
CU01898,Individual,New Delhi,North,2025-06-04
CU00358,Individual,Mumbai,West,2023-10-22
CU00209,Corporate,Bengaluru,South,2020-02-26
CU00990,Individual,Mumbai,West,2025-02-17
CU03016,Individual,Hyderabad,South,2026-02-06
CU00423,Individual,Mumbai,West,2025-07-23
CU02740,Individual,Bengaluru,South,2026-05-29
CU00677,Individual,Kolkata,East,2024-08-05
CU02259,Individual,Mumbai,West,2021-03-25
CU02643,Individual,Bengaluru,South,2025-03-20
CU00912,Individual,Chennai,South,2025-04-12
CU03123,Individual,Hyderabad,South,2026-02-25
CU03000,Individual,Mumbai,West,2026-02-22
CU02560,Individual,Mumbai,West,2026-04-06
CU02211,Individual,Bengaluru,South,2025-02-02
CU01401,Individual,Pune,West,2020-08-15
CU00053,Fleet,Mumbai,West,2020-08-15
CU02205,Individual,Pune,West,2025-10-16
CU01296,Individual,Kolkata,East,2020-10-24
CU03274,Individual,Kolkata,East,2023-10-04
CU02526,Individual,Mumbai,West,2025-03-26
CU00111,Individual,Bengaluru,South,2021-03-23
CU00429,Individual,Bengaluru,South,2025-09-20
CU02849,Corporate,Chennai,South,2021-03-04
CU02529,Individual,Kolkata,East,2020-01-26
CU01925,Individual,Kolkata,East,2026-01-15
CU00341,Individual,Pune,West,2025-02-10
CU02404,Individual,Kolkata,East,2025-09-21
CU02375,Individual,New Delhi,North,2024-09-15
CU00247,Individual,Chennai,South,2025-10-09
CU00831,Individual,Pune,West,2026-03-24
CU02719,Individual,Kolkata,East,2022-02-16
CU03351,Individual,Bengaluru,South,2026-06-10
CU02907,Individual,Pune,West,2023-06-01
CU01090,Individual,Kolkata,East,2026-02-10
CU03220,Individual,Kolkata,East,2026-02-11
CU02742,Individual,Bengaluru,South,2025-04-26
CU00049,Individual,Pune,West,2024-08-04
CU02724,Individual,New Delhi,North,2025-09-30
CU01142,Individual,New Delhi,North,2025-02-19
CU02423,Individual,Chennai,South,2026-07-05
CU00254,Individual,New Delhi,North,2026-05-10
CU00919,Individual,Bengaluru,South,2022-08-25
CU02789,Individual,New Delhi,North,2025-03-28
CU01691,Individual,New Delhi,North,2026-05-31
CU00007,Individual,Chennai,South,2025-10-21
CU01712,Individual,Kolkata,East,2023-04-29
CU02755,Individual,Kolkata,East,2024-07-08
CU01524,Individual,Bengaluru,South,2026-01-14
CU01385,Individual,Bengaluru,South,2026-04-14
CU02319,Individual,Pune,West,2025-06-15
CU01617,Individual,Bengaluru,South,2022-05-03
CU01407,Individual,Bengaluru,South,2023-12-04
CU03245,Individual,Bengaluru,South,2024-12-24
CU02614,Individual,Chennai,South,2024-11-14
CU01395,Individual,New Delhi,North,2020-06-28
CU00347,Individual,Bengaluru,South,2022-01-28
CU00557,Individual,Kolkata,East,2025-05-29
CU02732,Individual,New Delhi,North,2026-01-19
CU03024,Individual,Bengaluru,South,2023-06-29
CU01415,Individual,Kolkata,East,2025-01-11
CU01433,Individual,Bengaluru,South,2024-02-24
CU01471,Individual,Hyderabad,South,2025-03-08
CU00490,Individual,Chennai,South,2024-02-15
CU01830,Individual,Chennai,South,2025-10-05
CU01562,Individual,Chennai,South,2023-02-25
CU03138,Individual,Mumbai,West,2025-07-25
CU00035,Individual,Bengaluru,South,2025-01-17
CU02913,Individual,Bengaluru,South,2020-07-03
CU03239,Individual,Hyderabad,South,2026-08-09
CU02176,Individual,Mumbai,West,2025-06-11
CU00518,Individual,Mumbai,West,2025-05-23
CU00015,Individual,Bengaluru,South,2026-05-04
CU02173,Individual,Kolkata,East,2024-06-24
CU03057,Individual,Bengaluru,South,2021-05-15
CU02747,Individual,Bengaluru,South,2025-11-26
CU01957,Individual,New Delhi,North,2024-10-18
CU00662,Individual,Kolkata,East,2024-06-24
CU01272,Individual,Pune,West,2026-07-29
CU01988,Individual,Pune,West,2026-09-08
CU01473,Individual,Pune,West,2025-07-31
CU01468,Individual,Bengaluru,South,2022-06-26
CU01951,Individual,Mumbai,West,2025-07-10
CU03263,Individual,Bengaluru,South,2023-03-03
CU00181,Individual,Bengaluru,South,2024-10-14
CU02284,Individual,Bengaluru,South,2024-04-12
CU01193,Individual,Chennai,South,2026-06-02
CU03170,Individual,Bengaluru,South,2025-12-07
CU01146,Individual,Bengaluru,South,2026-04-18
CU01695,Individual,New Delhi,North,2024-07-24
CU03113,Individual,Hyderabad,South,2024-08-10
CU01498,Individual,Chennai,South,2024-09-06
CU02469,Individual,Chennai,South,2025-12-02
CU02927,Individual,Hyderabad,South,2025-11-04
CU02812,Individual,Mumbai,West,2021-07-12
CU00676,Individual,Hyderabad,South,2020-07-25
CU02847,Individual,Chennai,South,2025-02-02
CU02226,Individual,Pune,West,2026-06-10
CU02881,Fleet,Chennai,South,2021-10-29
CU01126,Individual,New Delhi,North,2020-08-18
CU02434,Individual,Kolkata,East,2021-09-05
CU03332,Individual,Bengaluru,South,2025-03-26
CU02915,Individual,Mumbai,West,2026-03-18
CU02879,Corporate,Kolkata,East,2021-05-10
CU00077,Fleet,Bengaluru,South,2021-11-18
CU03254,Individual,New Delhi,North,2020-11-24
CU00671,Fleet,Bengaluru,South,2020-07-20
CU02552,Individual,Chennai,South,2025-09-03
CU02073,Individual,Hyderabad,South,2025-10-25
CU00597,Individual,Kolkata,East,2025-02-23
CU02661,Individual,Bengaluru,South,2023-09-17
CU00118,Individual,Mumbai,West,2025-07-21
CU01966,Individual,Bengaluru,South,2023-09-24
CU01000,Individual,New Delhi,North,2025-06-13
CU01832,Individual,Hyderabad,South,2025-12-28
CU02102,Individual,New Delhi,North,2026-02-10
CU01085,Individual,Bengaluru,South,2025-09-01
CU01886,Individual,Chennai,South,2026-06-09
CU01425,Individual,Bengaluru,South,2025-04-30
CU02626,Fleet,Kolkata,East,2020-06-13
CU00523,Individual,Kolkata,East,2026-03-26
CU03237,Individual,Bengaluru,South,2024-08-24
CU02447,Individual,New Delhi,North,2023-02-19
CU01831,Individual,New Delhi,North,2026-08-02
CU00280,Individual,Kolkata,East,2025-12-18
CU01472,Individual,Mumbai,West,2025-09-26
CU01249,Individual,Kolkata,East,2024-12-08
CU00880,Individual,Bengaluru,South,2025-01-11
CU02195,Individual,Chennai,South,2021-07-25
CU00348,Individual,Hyderabad,South,2025-12-16
CU00160,Individual,Chennai,South,2022-01-19
CU03350,Individual,New Delhi,North,2023-08-30
CU01589,Individual,New Delhi,North,2025-11-26
CU02019,Individual,New Delhi,North,2026-01-14
CU01545,Individual,Bengaluru,South,2025-06-13
CU02531,Individual,Bengaluru,South,2025-05-28
CU02797,Fleet,Bengaluru,South,2020-08-04
CU00768,Individual,Hyderabad,South,2024-07-25
CU00089,Individual,Kolkata,East,2024-02-24
CU01405,Individual,Mumbai,West,2025-02-21
CU02979,Individual,Hyderabad,South,2024-07-31
CU00499,Individual,Chennai,South,2026-08-01
CU01770,Individual,Pune,West,2026-03-18
CU02115,Individual,Bengaluru,South,2025-02-14
CU01965,Individual,Chennai,South,2026-06-07
CU00939,Individual,New Delhi,North,2026-03-14
CU02432,Individual,Bengaluru,South,2024-06-16
CU01895,Individual,Chennai,South,2023-10-30
CU02896,Individual,Bengaluru,South,2022-07-21
CU00162,Individual,Bengaluru,South,2026-08-16
CU00245,Individual,Chennai,South,2025-02-27
CU00259,Individual,Chennai,South,2025-10-07
CU00568,Individual,Bengaluru,South,2025-09-12
CU02109,Individual,Bengaluru,South,2022-03-08
CU00744,Individual,New Delhi,North,2026-05-03
CU00658,Individual,Kolkata,East,2025-06-01
CU01575,Individual,Hyderabad,South,2022-03-28
CU01079,Individual,Chennai,South,2025-09-23
CU00839,Individual,Mumbai,West,2025-10-30
CU01161,Individual,Kolkata,East,2025-01-06
CU00390,Individual,Chennai,South,2025-01-22
CU00087,Corporate,New Delhi,North,2024-07-02
CU01943,Individual,Mumbai,West,2020-10-18
CU00988,Individual,Mumbai,West,2022-10-04
CU01177,Individual,Chennai,South,2020-04-08
CU02561,Individual,Mumbai,West,2020-10-19
CU00844,Individual,Chennai,South,2026-02-10
CU03163,Individual,Pune,West,2025-03-04
CU03075,Individual,Kolkata,East,2023-11-02
CU02370,Individual,Bengaluru,South,2026-09-09
CU02150,Individual,Hyderabad,South,2024-06-23
CU00507,Individual,Bengaluru,South,2026-04-09
CU01836,Individual,New Delhi,North,2026-08-05
CU02760,Individual,Mumbai,West,2026-09-02
CU00131,Individual,Bengaluru,South,2020-04-30
CU00653,Individual,Hyderabad,South,2026-01-26
CU01157,Individual,Mumbai,West,2026-06-23
CU03010,Individual,Chennai,South,2025-11-14
CU03215,Individual,Mumbai,West,2025-08-27
CU01254,Individual,Kolkata,East,2026-08-12
CU01708,Individual,Mumbai,West,2026-04-14
CU02667,Individual,Hyderabad,South,2024-08-24
CU02483,Corporate,Hyderabad,South,2024-01-04
CU01345,Individual,Pune,West,2025-03-12
CU02340,Individual,New Delhi,North,2022-10-12
CU02147,Individual,New Delhi,North,2024-08-09
CU00372,Individual,Bengaluru,South,2025-07-30
CU00780,Individual,New Delhi,North,2024-07-09
CU02342,Individual,Mumbai,West,2021-09-21
CU03289,Fleet,Bengaluru,South,2020-04-07
CU00652,Individual,Mumbai,West,2026-08-28
CU03181,Individual,Pune,West,2021-03-12
CU02197,Corporate,Hyderabad,South,2024-06-16
CU02603,Individual,Mumbai,West,2025-12-27
CU02621,Individual,Chennai,South,2025-03-02
CU01522,Individual,Mumbai,West,2021-04-30
CU00661,Fleet,Mumbai,West,2020-09-28
CU02541,Individual,Bengaluru,South,2025-05-17
CU00350,Individual,Bengaluru,South,2023-06-10
CU01183,Individual,Bengaluru,South,2020-09-24
CU00616,Individual,Mumbai,West,2025-05-31
CU00602,Individual,Bengaluru,South,2024-08-17
CU01929,Individual,Pune,West,2026-03-03
CU00275,Individual,Bengaluru,South,2020-07-10
CU00148,Individual,Bengaluru,South,2025-02-25
CU01698,Individual,Mumbai,West,2026-06-15
CU00243,Individual,Bengaluru,South,2022-09-20
CU02303,Individual,Bengaluru,South,2026-08-04
CU00374,Individual,Bengaluru,South,2026-05-10
CU02106,Individual,Bengaluru,South,2026-07-15
CU01117,Individual,Kolkata,East,2023-04-07
CU02008,Individual,Hyderabad,South,2021-09-28
CU02825,Individual,Hyderabad,South,2024-05-02
CU00427,Individual,Pune,West,2021-04-14
CU01682,Individual,Mumbai,West,2022-08-25
CU02358,Individual,Mumbai,West,2021-02-14
CU00352,Individual,Bengaluru,South,2025-09-14
CU03185,Individual,Hyderabad,South,2024-03-06
CU00009,Individual,Chennai,South,2026-06-18
CU02682,Individual,Mumbai,West,2024-12-17
CU01917,Individual,Kolkata,East,2026-01-17
CU00129,Individual,Kolkata,East,2025-12-10
CU01548,Individual,Hyderabad,South,2025-10-16
CU02439,Individual,Hyderabad,South,2025-08-18
CU03212,Individual,Pune,West,2023-03-13
CU03001,Individual,Chennai,South,2021-05-03
CU00292,Individual,Hyderabad,South,2024-10-21
CU01270,Individual,Chennai,South,2024-06-06
CU00869,Individual,Kolkata,East,2025-10-24
CU00215,Individual,Mumbai,West,2024-08-25
CU03323,Individual,New Delhi,North,2026-07-05
CU03086,Individual,Chennai,South,2025-04-26
CU01353,Individual,Mumbai,West,2021-09-02
CU02056,Individual,Bengaluru,South,2024-08-22
CU01013,Individual,Pune,West,2025-07-29
CU01299,Individual,Kolkata,East,2026-02-08
CU01919,Individual,Pune,West,2025-12-03
CU01634,Individual,Bengaluru,South,2026-03-11
CU02518,Individual,Chennai,South,2025-08-03
CU01047,Individual,Bengaluru,South,2021-01-28
CU01518,Individual,Hyderabad,South,2026-03-27
CU00452,Individual,Bengaluru,South,2024-11-01
CU02782,Individual,Hyderabad,South,2026-04-02
CU02497,Individual,Mumbai,West,2026-08-26
CU00389,Individual,Bengaluru,South,2025-11-14
CU00966,Individual,Hyderabad,South,2024-06-01
CU03040,Individual,Bengaluru,South,2021-01-17
CU00054,Individual,Hyderabad,South,2026-04-22
CU00823,Individual,Bengaluru,South,2026-02-08
CU00301,Individual,Mumbai,West,2020-03-29
CU03223,Individual,Bengaluru,South,2025-04-06
CU00550,Individual,Kolkata,East,2024-05-21
CU02086,Individual,Chennai,South,2025-09-20
CU02107,Fleet,Chennai,South,2021-03-24
CU02386,Individual,Bengaluru,South,2025-03-06
CU00637,Individual,Bengaluru,South,2020-04-11
CU02905,Individual,Bengaluru,South,2024-08-08
CU02022,Individual,Bengaluru,South,2024-11-13
CU02554,Individual,Bengaluru,South,2026-05-10
CU01463,Individual,Kolkata,East,2026-03-16
CU02764,Individual,Mumbai,West,2025-03-08
CU01496,Individual,Mumbai,West,2026-02-27
CU00462,Individual,New Delhi,North,2021-06-28
CU00203,Individual,Hyderabad,South,2024-09-07
CU00310,Individual,Mumbai,West,2024-06-24
CU00868,Individual,Bengaluru,South,2025-12-21
CU02523,Individual,Mumbai,West,2025-11-08
CU00464,Individual,New Delhi,North,2025-10-28
CU02840,Individual,New Delhi,North,2022-08-15
CU01042,Individual,New Delhi,North,2026-01-06
CU00776,Individual,Mumbai,West,2021-06-13
CU02001,Individual,New Delhi,North,2026-04-27
CU02388,Corporate,Bengaluru,South,2022-11-14
CU00504,Individual,New Delhi,North,2026-01-17
CU00999,Individual,Mumbai,West,2026-04-22
CU01888,Individual,Hyderabad,South,2021-12-05
CU00511,Individual,Kolkata,East,2026-08-17
CU00314,Individual,Hyderabad,South,2026-05-14
CU01869,Individual,Bengaluru,South,2026-06-10
CU03297,Individual,New Delhi,North,2024-06-17
CU02082,Fleet,Mumbai,West,2020-03-21
CU01246,Individual,Pune,West,2025-07-16
CU01030,Individual,Hyderabad,South,2020-12-23
CU02075,Individual,Pune,West,2025-06-15
CU00182,Individual,Mumbai,West,2026-03-02
CU01701,Individual,New Delhi,North,2026-06-23
CU01262,Individual,Bengaluru,South,2025-11-12
CU02604,Individual,Bengaluru,South,2024-07-01
CU00726,Individual,Bengaluru,South,2024-12-02
CU02683,Individual,Pune,West,2024-08-26
CU01990,Individual,Pune,West,2025-01-11
CU02242,Individual,Chennai,South,2021-07-17
CU02487,Individual,Mumbai,West,2026-05-16
CU02098,Individual,Hyderabad,South,2022-01-02
CU01900,Individual,Hyderabad,South,2025-01-10
CU02841,Individual,Bengaluru,South,2024-07-22
CU00411,Individual,Kolkata,East,2025-02-13
CU01308,Individual,New Delhi,North,2025-11-14
CU01066,Individual,Kolkata,East,2026-05-04
CU01063,Individual,Pune,West,2024-07-26
CU01699,Individual,Mumbai,West,2022-02-17
CU00241,Individual,New Delhi,North,2022-12-21
CU02823,Individual,Chennai,South,2023-08-22
CU01233,Individual,Pune,West,2026-07-18
CU00742,Individual,Mumbai,West,2022-04-03
CU01982,Individual,Mumbai,West,2025-07-03
CU01648,Individual,Bengaluru,South,2025-03-28
CU00972,Individual,Bengaluru,South,2025-03-23
CU01794,Individual,New Delhi,North,2026-02-22
CU00376,Individual,Pune,West,2024-10-04
CU02807,Fleet,Bengaluru,South,2020-06-11
CU02996,Individual,Pune,West,2023-03-27
CU02730,Individual,Bengaluru,South,2024-08-27
CU02309,Individual,Mumbai,West,2020-09-17
CU02605,Individual,Pune,West,2023-12-01
CU02047,Fleet,Bengaluru,South,2020-06-29
CU01136,Individual,Hyderabad,South,2024-10-18
CU01373,Individual,Kolkata,East,2020-06-03
CU02694,Individual,Kolkata,East,2021-02-02
CU00405,Individual,Mumbai,West,2026-06-19
CU00450,Individual,Bengaluru,South,2021-03-27
CU02767,Individual,Bengaluru,South,2024-11-27
CU00543,Individual,Bengaluru,South,2026-08-24
CU01131,Individual,Bengaluru,South,2025-06-03
CU03012,Individual,Kolkata,East,2025-04-06
CU00115,Individual,Hyderabad,South,2023-06-16
CU02119,Individual,Pune,West,2025-04-01
CU01268,Individual,Kolkata,East,2026-06-10
CU00611,Individual,Hyderabad,South,2026-07-03
CU01273,Individual,Chennai,South,2025-03-24
CU00396,Individual,Kolkata,East,2026-08-24
CU00871,Individual,Chennai,South,2024-04-10
CU00234,Individual,Bengaluru,South,2022-06-26
CU03268,Fleet,Mumbai,West,2020-06-17
CU00440,Individual,Bengaluru,South,2026-08-20
CU03182,Individual,New Delhi,North,2023-01-08
CU02578,Corporate,Mumbai,West,2025-05-30
CU01339,Individual,Bengaluru,South,2025-10-22
CU03328,Individual,Chennai,South,2022-11-04
CU02392,Individual,Bengaluru,South,2026-02-06
CU01829,Individual,Pune,West,2026-05-28
CU02051,Individual,Chennai,South,2025-09-08
CU03088,Individual,Bengaluru,South,2024-08-08
CU01218,Individual,Chennai,South,2025-06-17
CU01040,Individual,Kolkata,East,2024-05-18
CU03091,Individual,Bengaluru,South,2024-03-17
CU00435,Individual,Chennai,South,2026-03-02
CU03143,Individual,New Delhi,North,2026-03-27
CU00567,Individual,Bengaluru,South,2024-11-19
CU01025,Individual,Bengaluru,South,2022-12-31
CU00197,Individual,Hyderabad,South,2025-04-12
CU01658,Individual,Kolkata,East,2021-05-03
CU00646,Individual,Bengaluru,South,2020-11-19
CU02271,Individual,Kolkata,East,2025-10-05
CU00826,Individual,Pune,West,2026-05-25
CU01072,Individual,Kolkata,East,2026-02-19
CU00205,Individual,Mumbai,West,2025-12-19
CU02239,Individual,Bengaluru,South,2024-05-23
CU01045,Individual,Chennai,South,2025-09-11
CU01114,Individual,Bengaluru,South,2025-11-25
CU02475,Individual,Bengaluru,South,2020-09-21
CU03121,Fleet,Bengaluru,South,2020-08-29
CU00770,Individual,Bengaluru,South,2026-07-19
CU00887,Individual,Bengaluru,South,2021-01-29
CU00503,Individual,Bengaluru,South,2024-01-14
CU00250,Individual,Mumbai,West,2024-06-10
CU02216,Individual,Pune,West,2022-03-16
CU00091,Individual,New Delhi,North,2024-09-20
CU01464,Individual,Kolkata,East,2025-02-18
CU03311,Individual,Bengaluru,South,2025-05-24
CU00491,Individual,Chennai,South,2025-05-14
CU00340,Individual,Mumbai,West,2024-11-20
CU00434,Individual,Kolkata,East,2023-04-27
CU00251,Individual,Hyderabad,South,2023-06-07
CU02452,Individual,Pune,West,2021-03-13
CU01680,Individual,Chennai,South,2026-05-17
CU02723,Individual,Mumbai,West,2020-09-07
CU02585,Individual,Bengaluru,South,2025-11-25
CU02357,Individual,Chennai,South,2026-04-15
CU01704,Individual,Bengaluru,South,2026-07-08
CU01633,Individual,Hyderabad,South,2025-03-20
CU01184,Individual,Kolkata,East,2025-12-05
CU03347,Individual,Hyderabad,South,2024-07-03
CU00172,Individual,New Delhi,North,2024-12-02
CU03262,Individual,Mumbai,West,2026-05-05
CU01790,Individual,Bengaluru,South,2024-07-17
CU02986,Individual,Kolkata,East,2026-02-01
CU00155,Individual,Chennai,South,2025-04-29
CU01873,Corporate,Bengaluru,South,2021-07-31
CU00196,Individual,New Delhi,North,2023-05-24
CU00843,Individual,Bengaluru,South,2025-06-17
CU00610,Individual,Chennai,South,2020-11-20
CU02018,Individual,Mumbai,West,2025-10-05
CU01383,Individual,Mumbai,West,2025-05-04
CU01196,Individual,Bengaluru,South,2024-05-30
CU00474,Individual,Bengaluru,South,2025-07-28
CU01890,Individual,New Delhi,North,2020-12-21
CU00165,Individual,Bengaluru,South,2023-04-26
CU02135,Individual,Kolkata,East,2025-11-03
CU02206,Individual,Bengaluru,South,2025-10-23
CU01368,Individual,Bengaluru,South,2025-08-01
CU02651,Individual,Bengaluru,South,2026-06-08
CU02291,Individual,Pune,West,2022-09-11
CU00603,Individual,Pune,West,2024-06-14
CU01021,Individual,Bengaluru,South,2024-09-17
CU00119,Individual,Bengaluru,South,2025-06-24
CU02559,Individual,Bengaluru,South,2024-10-21
CU02101,Individual,Bengaluru,South,2023-06-20
CU00571,Individual,Bengaluru,South,2024-10-18
CU02178,Individual,Kolkata,East,2021-03-22
CU02068,Individual,Kolkata,East,2021-05-09
CU00047,Individual,Bengaluru,South,2024-05-09
CU00752,Individual,Bengaluru,South,2024-02-24
CU00715,Individual,Mumbai,West,2023-07-13
CU00712,Individual,Bengaluru,South,2026-05-15
CU00270,Individual,Chennai,South,2025-10-07
CU00338,Individual,Chennai,South,2023-05-13
CU03142,Corporate,Bengaluru,South,2021-03-15
CU01823,Individual,Bengaluru,South,2025-01-12
CU00950,Individual,Mumbai,West,2023-04-29
CU01901,Individual,New Delhi,North,2026-03-30
CU00530,Individual,Bengaluru,South,2025-04-21
CU03321,Fleet,Pune,West,2023-02-22
CU02858,Individual,Pune,West,2026-08-17
CU00332,Individual,Bengaluru,South,2022-03-12
CU03067,Individual,Mumbai,West,2025-12-23
CU02093,Fleet,Chennai,South,2020-02-22
CU01408,Individual,Chennai,South,2020-02-27
CU00686,Individual,Hyderabad,South,2026-08-20
CU01536,Individual,Bengaluru,South,2025-02-08
CU01746,Individual,Bengaluru,South,2026-01-07
CU03333,Individual,Bengaluru,South,2024-09-02
CU02553,Individual,Bengaluru,South,2025-08-24
CU01488,Individual,Bengaluru,South,2020-02-05
CU01309,Individual,Mumbai,West,2026-06-13
CU03296,Individual,Bengaluru,South,2026-06-22
CU00632,Corporate,Hyderabad,South,2026-04-29
CU03335,Individual,Mumbai,West,2025-11-17
CU02461,Individual,New Delhi,North,2025-10-26
CU03265,Individual,Mumbai,West,2026-03-31
CU00754,Individual,Kolkata,East,2026-08-17
CU02409,Individual,Bengaluru,South,2025-07-21
CU03118,Individual,Bengaluru,South,2025-08-23
CU02430,Individual,Bengaluru,South,2024-09-30
CU02739,Individual,Hyderabad,South,2026-08-29
CU02134,Individual,Bengaluru,South,2025-01-21
CU00600,Individual,Kolkata,East,2024-11-10
CU01234,Individual,Bengaluru,South,2024-06-08
CU02771,Individual,Hyderabad,South,2024-11-25
CU01981,Individual,New Delhi,North,2026-04-30
CU02542,Individual,Kolkata,East,2024-11-07
CU01123,Individual,Hyderabad,South,2026-08-30
CU00589,Individual,Pune,West,2025-06-17
CU02066,Individual,Bengaluru,South,2026-04-26
CU01677,Individual,Bengaluru,South,2024-07-17
CU02928,Individual,Bengaluru,South,2026-07-12
CU02998,Individual,Mumbai,West,2026-05-01
CU02822,Individual,Bengaluru,South,2025-08-10
CU00150,Individual,Mumbai,West,2025-11-08
CU01534,Individual,Bengaluru,South,2026-01-13
CU03052,Fleet,Pune,West,2020-07-12
CU02796,Individual,Kolkata,East,2025-09-07
CU01797,Fleet,Bengaluru,South,2021-01-20
CU02437,Individual,Bengaluru,South,2026-08-15
CU00431,Individual,New Delhi,North,2024-10-01
CU01011,Individual,New Delhi,North,2024-04-02
CU02294,Individual,Hyderabad,South,2023-01-06
CU00758,Individual,Hyderabad,South,2025-03-08
CU00945,Fleet,New Delhi,North,2020-11-06
CU00439,Individual,Bengaluru,South,2024-09-09
CU02735,Individual,Chennai,South,2026-04-21
CU01267,Individual,New Delhi,North,2024-06-11
CU01645,Individual,Mumbai,West,2020-04-30
CU01240,Individual,New Delhi,North,2022-04-16
CU01761,Fleet,Mumbai,West,2020-09-22
CU01163,Individual,Bengaluru,South,2025-08-01
CU00387,Individual,Bengaluru,South,2026-02-13
CU02938,Individual,Bengaluru,South,2021-10-09
CU02113,Fleet,Chennai,South,2020-05-02
CU02908,Individual,Bengaluru,South,2026-07-12
CU00421,Individual,New Delhi,North,2026-04-18
CU01973,Corporate,Mumbai,West,2022-10-24
CU02385,Corporate,Chennai,South,2025-11-24
CU02038,Individual,Pune,West,2025-04-01
CU02191,Individual,Hyderabad,South,2026-05-05
CU00224,Individual,Mumbai,West,2025-04-04
CU02257,Individual,Bengaluru,South,2025-12-11
CU01631,Individual,Mumbai,West,2021-10-13
CU02925,Individual,New Delhi,North,2024-10-21
CU00771,Individual,Mumbai,West,2024-10-03
CU03324,Individual,Bengaluru,South,2020-05-20
CU00778,Individual,Chennai,South,2025-08-04
CU01837,Individual,Kolkata,East,2026-04-05
CU00414,Individual,Bengaluru,South,2025-11-26
CU01752,Individual,Pune,West,2026-03-18
CU00834,Fleet,Bengaluru,South,2021-01-26
CU00634,Individual,Bengaluru,South,2021-10-17
CU02809,Individual,Kolkata,East,2026-01-29
CU01974,Individual,Chennai,South,2026-01-01
CU00179,Individual,New Delhi,North,2026-08-31
CU02860,Individual,Bengaluru,South,2026-05-02
CU00964,Individual,Pune,West,2022-08-20
CU01625,Individual,Pune,West,2020-02-11
CU00815,Individual,Hyderabad,South,2026-04-21
CU00046,Individual,Bengaluru,South,2021-05-05
CU03030,Individual,Hyderabad,South,2023-03-10
CU03082,Individual,Kolkata,East,2024-06-30
CU02832,Individual,Pune,West,2026-04-17
CU00920,Individual,Pune,West,2020-11-01
CU00979,Individual,Pune,West,2025-01-11
CU00747,Individual,Bengaluru,South,2025-08-26
CU03259,Individual,New Delhi,North,2024-11-28
CU00200,Individual,New Delhi,North,2024-07-04
CU03271,Individual,Mumbai,West,2024-04-05
CU00140,Individual,Bengaluru,South,2024-04-21
CU01754,Individual,Bengaluru,South,2025-12-11
CU01678,Individual,Bengaluru,South,2023-01-31
CU00304,Individual,Chennai,South,2026-01-24
CU02833,Individual,New Delhi,North,2025-01-21
CU01644,Individual,Chennai,South,2026-02-27
CU02081,Individual,Chennai,South,2026-01-21
CU02763,Individual,Hyderabad,South,2024-06-07
CU02892,Corporate,Bengaluru,South,2023-07-19
CU00987,Individual,New Delhi,North,2025-06-13
CU01859,Individual,Pune,West,2025-09-10
CU01253,Individual,Mumbai,West,2023-05-26
CU00331,Fleet,Kolkata,East,2021-03-10
CU01969,Individual,New Delhi,North,2024-11-14
CU03049,Individual,Pune,West,2025-01-03
CU02811,Individual,New Delhi,North,2024-08-21
CU02379,Individual,Chennai,South,2024-10-15
CU00433,Individual,Mumbai,West,2026-06-21
CU02708,Individual,New Delhi,North,2023-03-02
CU01769,Individual,Hyderabad,South,2025-11-11
CU00841,Individual,Kolkata,East,2021-05-26
CU00819,Individual,Pune,West,2026-02-25
CU01922,Individual,Bengaluru,South,2021-04-21
CU03161,Individual,Chennai,South,2025-04-21
CU01285,Individual,Hyderabad,South,2025-02-13
CU02508,Individual,Bengaluru,South,2025-02-19
CU01344,Individual,Bengaluru,South,2026-03-11
CU00488,Fleet,New Delhi,North,2020-11-11
CU01394,Individual,Hyderabad,South,2022-02-14
CU00068,Individual,Pune,West,2025-11-17
CU00528,Individual,Hyderabad,South,2026-05-18
CU01715,Individual,Mumbai,West,2026-09-01
CU01263,Individual,Pune,West,2026-04-18
CU02663,Individual,Kolkata,East,2026-05-14
CU02149,Individual,Bengaluru,South,2021-05-22
CU02584,Corporate,Bengaluru,South,2021-07-27
CU03286,Individual,Mumbai,West,2025-09-02
CU00986,Individual,Bengaluru,South,2021-12-08
CU00020,Individual,Mumbai,West,2024-10-05
CU01428,Individual,Hyderabad,South,2025-06-04
CU02157,Individual,Mumbai,West,2025-09-04
CU02532,Individual,Mumbai,West,2024-10-27
CU02097,Individual,Chennai,South,2026-01-12
CU02376,Individual,Pune,West,2020-09-27
CU03085,Individual,New Delhi,North,2021-10-25
CU02522,Individual,New Delhi,North,2021-09-17
CU03074,Individual,Kolkata,East,2024-12-01
CU01170,Individual,Mumbai,West,2020-05-23
CU00356,Individual,Bengaluru,South,2022-05-04
CU00857,Individual,Chennai,South,2020-10-29
CU01321,Individual,Chennai,South,2024-03-12
CU00384,Individual,Hyderabad,South,2026-05-01
CU00820,Individual,Mumbai,West,2026-04-03
CU00684,Individual,Kolkata,East,2024-01-26
CU01675,Individual,Mumbai,West,2020-02-26
CU00702,Individual,Bengaluru,South,2026-05-01
CU02891,Individual,New Delhi,North,2026-03-22
CU01075,Individual,Bengaluru,South,2026-06-13
CU02266,Individual,Pune,West,2026-06-27
CU01580,Individual,Bengaluru,South,2022-02-18
CU00903,Individual,New Delhi,North,2022-08-27
CU00416,Individual,Bengaluru,South,2026-08-29
CU00126,Individual,Kolkata,East,2026-06-09
CU01722,Individual,Hyderabad,South,2024-07-04
CU01002,Individual,Bengaluru,South,2025-09-20
CU01215,Individual,Hyderabad,South,2026-02-13
CU02065,Individual,Kolkata,East,2025-01-02
CU02566,Individual,Hyderabad,South,2020-08-05
CU00816,Individual,Hyderabad,South,2021-10-14
CU00498,Individual,Bengaluru,South,2021-03-05
CU03003,Fleet,Bengaluru,South,2022-05-08
CU00382,Individual,New Delhi,North,2024-11-08
CU00497,Corporate,Bengaluru,South,2021-09-02
CU02262,Individual,Mumbai,West,2023-04-24
CU01911,Individual,Kolkata,East,2023-02-21
CU02942,Individual,Bengaluru,South,2020-11-17
CU01578,Individual,Kolkata,East,2024-09-06
CU01243,Individual,Bengaluru,South,2026-05-04
CU02878,Individual,New Delhi,North,2025-10-16
CU00293,Individual,Kolkata,East,2021-08-26
CU00941,Individual,Pune,West,2025-07-03
CU02496,Individual,Pune,West,2020-05-05
CU01818,Individual,Bengaluru,South,2026-03-15
CU02238,Individual,Mumbai,West,2026-06-28
CU01855,Individual,Kolkata,East,2026-08-28
CU02465,Individual,Kolkata,East,2024-04-05
CU00055,Individual,Kolkata,East,2024-03-19
CU00911,Individual,Chennai,South,2024-08-17
CU00586,Individual,New Delhi,North,2024-12-03
CU02281,Individual,Bengaluru,South,2026-07-28
CU00316,Individual,Pune,West,2026-07-01
CU01786,Individual,Chennai,South,2024-04-15
CU03240,Individual,Bengaluru,South,2025-06-07
CU00438,Individual,Bengaluru,South,2025-07-19
CU02887,Individual,Pune,West,2026-03-21
CU01226,Individual,Hyderabad,South,2026-01-25
CU02540,Individual,Kolkata,East,2025-05-04
CU00623,Individual,Bengaluru,South,2026-03-05
CU02286,Individual,Pune,West,2023-01-12
CU00095,Individual,Chennai,South,2025-12-23
CU02443,Individual,Hyderabad,South,2025-04-01
CU02445,Corporate,Mumbai,West,2022-11-02
CU01878,Individual,Hyderabad,South,2025-01-23
CU01931,Individual,Kolkata,East,2025-02-12
CU02808,Individual,Chennai,South,2025-09-11
CU00074,Individual,Kolkata,East,2022-07-29
CU02112,Individual,Bengaluru,South,2024-09-11
CU03349,Individual,Chennai,South,2025-06-21
CU02298,Individual,Mumbai,West,2026-04-26
CU03291,Individual,Pune,West,2025-03-25
CU00085,Individual,Mumbai,West,2024-09-30
CU01920,Individual,Chennai,South,2025-11-30
CU03305,Individual,Hyderabad,South,2020-11-20
CU02016,Individual,Hyderabad,South,2024-12-23
CU03209,Corporate,Chennai,South,2021-09-25
CU02373,Individual,Mumbai,West,2022-06-19
CU03021,Individual,Bengaluru,South,2024-11-02
CU00861,Individual,New Delhi,North,2025-06-16
CU00584,Individual,Bengaluru,South,2026-07-13
CU02207,Individual,Bengaluru,South,2025-01-02
CU00535,Individual,Pune,West,2026-02-14
CU02798,Individual,Kolkata,East,2025-05-22
CU02124,Fleet,Bengaluru,South,2023-02-16
CU01799,Individual,Bengaluru,South,2020-02-13
CU00420,Individual,Bengaluru,South,2026-08-15
CU02347,Individual,Kolkata,East,2025-01-07
CU03244,Individual,Bengaluru,South,2025-07-30
CU02507,Individual,Mumbai,West,2025-04-30
CU00756,Individual,Bengaluru,South,2025-01-10
CU01162,Individual,Bengaluru,South,2026-04-21
CU01733,Individual,Pune,West,2025-12-22
CU02623,Individual,Chennai,South,2024-11-14
CU01410,Individual,Chennai,South,2025-08-03
CU00419,Individual,Bengaluru,South,2025-03-18
CU00195,Individual,Chennai,South,2025-01-04
CU02665,Individual,Bengaluru,South,2024-01-20
CU03105,Individual,Bengaluru,South,2025-10-06
CU00872,Fleet,Bengaluru,South,2020-08-17
CU01197,Individual,Bengaluru,South,2022-11-29
CU01717,Individual,Mumbai,West,2023-09-18
CU03315,Individual,Chennai,South,2024-09-22
CU00648,Individual,Pune,West,2026-01-04
CU00863,Individual,Mumbai,West,2026-08-15
CU02660,Individual,Chennai,South,2024-08-07
CU03013,Individual,Bengaluru,South,2023-09-01
CU03156,Fleet,Chennai,South,2020-11-06
CU02187,Individual,Mumbai,West,2021-08-06
CU01418,Individual,New Delhi,North,2024-11-12
CU01481,Individual,Chennai,South,2026-06-19
CU00099,Fleet,New Delhi,North,2024-10-20
CU00940,Individual,Chennai,South,2025-01-04
CU02251,Individual,New Delhi,North,2024-11-30
CU01637,Individual,Mumbai,West,2026-05-21
CU00024,Individual,New Delhi,North,2026-04-13
CU01978,Individual,Kolkata,East,2025-10-15
CU01417,Individual,Bengaluru,South,2025-01-03
CU00560,Individual,New Delhi,North,2026-08-15
CU00781,Individual,Hyderabad,South,2024-12-13
CU01432,Individual,Kolkata,East,2020-05-30
CU02474,Individual,Kolkata,East,2025-12-03
CU00691,Individual,Mumbai,West,2024-08-03
CU00740,Individual,Kolkata,East,2025-08-18
CU01447,Fleet,Kolkata,East,2021-01-15
CU01236,Individual,Bengaluru,South,2026-08-06
CU01290,Individual,Pune,West,2024-12-09
CU01963,Individual,Chennai,South,2026-05-19
CU02590,Individual,Kolkata,East,2026-08-30
CU03146,Individual,Kolkata,East,2021-07-14
CU01765,Individual,Mumbai,West,2024-09-15
CU01387,Individual,Bengaluru,South,2025-04-10
CU00032,Individual,Bengaluru,South,2025-05-17
CU00998,Individual,Mumbai,West,2026-08-01
CU02914,Individual,New Delhi,North,2024-07-07
CU03070,Individual,Bengaluru,South,2024-03-16
CU02830,Individual,New Delhi,North,2021-02-05
CU01960,Individual,Bengaluru,South,2026-02-28
CU02964,Individual,Kolkata,East,2025-01-10
CU03028,Individual,Pune,West,2025-12-23
CU00218,Corporate,Mumbai,West,2024-11-29
CU03083,Individual,Mumbai,West,2024-03-17
CU00989,Individual,Bengaluru,South,2025-12-10
CU00296,Individual,New Delhi,North,2021-01-02
CU01652,Individual,Kolkata,East,2025-08-17
CU00446,Individual,Bengaluru,South,2023-04-16
CU02158,Individual,New Delhi,North,2024-06-13
CU01567,Individual,Bengaluru,South,2024-02-28
CU01909,Individual,Kolkata,East,2026-08-26
CU02499,Individual,New Delhi,North,2021-11-13
CU02947,Individual,New Delhi,North,2025-02-14
CU01223,Individual,Hyderabad,South,2025-11-20
CU01510,Individual,Chennai,South,2026-08-10
CU01452,Individual,New Delhi,North,2025-12-20
CU00116,Individual,Bengaluru,South,2026-09-06
CU01349,Individual,Bengaluru,South,2021-09-08
CU00354,Individual,Bengaluru,South,2024-10-17
CU00897,Individual,Hyderabad,South,2025-02-16
CU00391,Individual,Bengaluru,South,2025-11-24
CU03147,Individual,Mumbai,West,2026-01-10
CU02451,Individual,Kolkata,East,2025-05-29
CU02167,Individual,Bengaluru,South,2026-07-25
CU01081,Individual,Hyderabad,South,2024-05-11
CU02495,Individual,Pune,West,2023-01-28
CU00445,Individual,Pune,West,2026-03-22
CU01245,Individual,Hyderabad,South,2025-07-02
CU00587,Individual,Bengaluru,South,2026-05-08
CU02053,Individual,Bengaluru,South,2025-12-11
CU00056,Individual,Hyderabad,South,2020-12-17
CU02954,Individual,Mumbai,West,2025-06-18
CU00006,Individual,New Delhi,North,2025-10-11
CU00370,Individual,Kolkata,East,2024-11-21
CU02759,Individual,Pune,West,2022-12-17
CU01039,Individual,Bengaluru,South,2024-12-01
CU01927,Individual,Mumbai,West,2026-09-01
CU03122,Individual,Chennai,South,2022-01-23
CU01883,Individual,Bengaluru,South,2026-02-24
CU03155,Individual,Kolkata,East,2026-08-29
CU02845,Fleet,New Delhi,North,2020-02-22
CU00092,Individual,Hyderabad,South,2025-06-01
CU01910,Individual,Mumbai,West,2025-05-01
CU01419,Individual,Hyderabad,South,2025-12-10
CU02699,Individual,Bengaluru,South,2024-09-07
CU00330,Individual,Hyderabad,South,2021-02-21
CU02072,Individual,Mumbai,West,2025-08-04
CU03331,Individual,Kolkata,East,2026-08-10
CU02868,Individual,Bengaluru,South,2024-09-10
CU01211,Individual,Bengaluru,South,2020-03-16
CU02945,Individual,Kolkata,East,2026-01-23
CU02401,Individual,Bengaluru,South,2025-07-20
CU02701,Individual,New Delhi,North,2024-07-16
CU02722,Individual,Hyderabad,South,2025-10-17
CU01101,Individual,Kolkata,East,2023-12-14
CU02696,Fleet,Mumbai,West,2020-08-09
CU02233,Individual,Bengaluru,South,2025-11-15
CU03139,Individual,Chennai,South,2025-08-03
CU03171,Individual,New Delhi,North,2022-10-12
CU03246,Individual,Chennai,South,2026-08-11
CU02801,Individual,Mumbai,West,2025-04-21
CU01556,Individual,Bengaluru,South,2025-10-18
CU01892,Individual,Mumbai,West,2021-07-21
CU03222,Individual,Bengaluru,South,2025-03-13
CU00449,Individual,Bengaluru,South,2025-02-05
CU02627,Individual,Kolkata,East,2023-01-10
CU00917,Individual,Kolkata,East,2025-07-04
CU02380,Fleet,New Delhi,North,2023-03-15
CU02534,Corporate,Mumbai,West,2020-12-04
CU00613,Individual,Bengaluru,South,2026-05-23
CU00100,Individual,Kolkata,East,2025-11-30
CU01749,Individual,Bengaluru,South,2025-02-13
CU03104,Individual,Bengaluru,South,2026-02-18
CU01603,Individual,New Delhi,North,2025-06-24
CU00287,Individual,Bengaluru,South,2024-05-17
CU02227,Individual,Bengaluru,South,2025-11-27
CU00069,Individual,Chennai,South,2025-05-26
CU03319,Individual,Hyderabad,South,2024-11-13
CU01347,Individual,Chennai,South,2025-07-21
CU01202,Individual,Bengaluru,South,2023-12-01
CU02727,Individual,Mumbai,West,2023-10-17
CU02307,Individual,Hyderabad,South,2025-12-29
CU03101,Individual,Chennai,South,2024-12-15
CU01763,Individual,New Delhi,North,2025-06-20
CU01449,Individual,Bengaluru,South,2021-09-03
CU00321,Individual,Bengaluru,South,2024-08-30
CU02613,Individual,Mumbai,West,2024-04-25
CU00276,Individual,Bengaluru,South,2021-09-28
CU01904,Individual,Hyderabad,South,2024-02-13
CU02013,Individual,New Delhi,North,2025-03-11
CU02177,Individual,Hyderabad,South,2020-05-10
CU01975,Individual,Hyderabad,South,2023-10-28
CU00596,Individual,Kolkata,East,2024-09-24
CU00806,Individual,Bengaluru,South,2024-08-02
CU01335,Individual,Chennai,South,2026-03-12
CU02395,Individual,Pune,West,2024-02-15
CU00734,Individual,Pune,West,2024-07-29
CU01065,Individual,New Delhi,North,2021-06-26
CU01980,Individual,Hyderabad,South,2026-04-11
CU01565,Individual,Chennai,South,2020-05-19
CU03133,Individual,Bengaluru,South,2025-11-09
CU01147,Individual,Bengaluru,South,2025-04-13
CU02501,Individual,New Delhi,North,2025-05-19
CU02843,Individual,Kolkata,East,2026-04-15
CU01095,Individual,Pune,West,2024-10-28
CU00443,Individual,Mumbai,West,2022-05-30
CU00801,Individual,Kolkata,East,2024-09-25
CU01167,Individual,Bengaluru,South,2025-10-03
CU01008,Individual,Bengaluru,South,2023-06-29
CU01356,Individual,Chennai,South,2025-07-28
CU02463,Individual,Hyderabad,South,2026-07-08
CU02153,Individual,Chennai,South,2026-02-21
CU02974,Individual,Bengaluru,South,2022-12-17
CU02310,Individual,Bengaluru,South,2024-06-30
CU00517,Individual,Bengaluru,South,2023-12-02
CU02848,Individual,Bengaluru,South,2025-06-27
CU03189,Individual,Bengaluru,South,2020-12-03
CU01744,Individual,Bengaluru,South,2023-01-04
CU01725,Individual,Chennai,South,2025-09-05
CU02441,Individual,Bengaluru,South,2024-08-02
CU01713,Individual,Hyderabad,South,2022-01-28
CU01121,Individual,Bengaluru,South,2024-12-02
CU01138,Individual,Hyderabad,South,2025-05-13
CU00829,Individual,Bengaluru,South,2022-06-11
CU02228,Individual,Bengaluru,South,2023-01-17
CU02615,Individual,New Delhi,North,2025-05-20
CU00619,Individual,New Delhi,North,2024-10-29
CU01720,Individual,Bengaluru,South,2020-06-10
CU02137,Individual,Bengaluru,South,2025-01-01
CU03169,Individual,Bengaluru,South,2021-08-31
CU01283,Individual,Bengaluru,South,2020-12-31
CU03022,Individual,Hyderabad,South,2025-11-09
CU01706,Individual,Chennai,South,2024-10-19
CU01284,Individual,Chennai,South,2024-07-10
CU00750,Individual,Bengaluru,South,2021-06-14
CU01664,Individual,Mumbai,West,2025-08-02
CU03277,Individual,Bengaluru,South,2026-05-07
CU01120,Fleet,New Delhi,North,2020-11-21
CU03293,Individual,Hyderabad,South,2020-05-18
CU00212,Individual,New Delhi,North,2026-02-06
CU02209,Individual,Chennai,South,2026-04-25
CU01369,Individual,Bengaluru,South,2023-11-30
CU02886,Individual,Pune,West,2025-07-11
CU01740,Individual,Bengaluru,South,2024-12-29
CU01080,Individual,Bengaluru,South,2025-02-16
CU00454,Individual,Chennai,South,2024-09-01
CU02854,Individual,Mumbai,West,2021-07-26
CU00915,Individual,Bengaluru,South,2024-12-20
CU00721,Individual,Hyderabad,South,2024-06-25
CU00469,Individual,New Delhi,North,2025-07-25
CU02200,Individual,Kolkata,East,2020-10-24
CU00620,Individual,Bengaluru,South,2022-11-15
CU01176,Individual,Bengaluru,South,2021-04-26
CU00039,Individual,Kolkata,East,2024-11-11
CU01329,Individual,Hyderabad,South,2026-04-01
CU00818,Individual,New Delhi,North,2026-01-18
CU00902,Individual,Chennai,South,2024-07-10
CU00228,Individual,Bengaluru,South,2026-02-20
CU01486,Individual,Pune,West,2023-08-14
CU02264,Individual,Mumbai,West,2025-07-05
CU01693,Individual,New Delhi,North,2024-05-19
CU01977,Individual,Kolkata,East,2024-11-04
CU02060,Individual,Pune,West,2024-12-21
CU01399,Individual,Hyderabad,South,2024-12-28
CU01074,Individual,Hyderabad,South,2020-03-23
CU01431,Individual,Chennai,South,2023-01-24
CU02363,Individual,Bengaluru,South,2025-12-21
CU03159,Individual,Bengaluru,South,2026-04-24
CU00012,Individual,Bengaluru,South,2024-02-28
CU02436,Individual,Kolkata,East,2021-09-20
CU00763,Individual,Chennai,South,2026-08-11
CU02338,Individual,Bengaluru,South,2024-10-24
CU01547,Individual,Kolkata,East,2024-03-27
CU00635,Individual,Bengaluru,South,2023-09-29
CU01906,Corporate,Hyderabad,South,2026-03-15
CU00708,Individual,Chennai,South,2020-01-29
CU00065,Individual,Mumbai,West,2026-03-10
CU02853,Individual,Chennai,South,2025-04-16
CU02467,Individual,Bengaluru,South,2026-07-12
CU00918,Individual,Bengaluru,South,2025-03-11
CU02874,Individual,Chennai,South,2026-01-26
CU00001,Individual,New Delhi,North,2026-08-22
CU02339,Individual,Kolkata,East,2026-03-24
CU01983,Individual,New Delhi,North,2026-08-11
CU02485,Individual,New Delhi,North,2022-01-31
CU00707,Individual,Bengaluru,South,2025-04-02
CU01872,Individual,New Delhi,North,2025-12-16
CU01993,Individual,New Delhi,North,2023-02-21
CU01420,Individual,Bengaluru,South,2026-05-27
CU02472,Individual,Mumbai,West,2024-06-04
CU00759,Individual,Hyderabad,South,2024-09-21
CU02820,Individual,Chennai,South,2020-09-22
CU00415,Individual,Hyderabad,South,2025-03-02
CU01427,Corporate,New Delhi,North,2020-03-29
CU00663,Fleet,Chennai,South,2020-11-08
CU01151,Individual,Bengaluru,South,2024-06-18
CU01791,Individual,Chennai,South,2025-11-01
CU03211,Individual,Bengaluru,South,2025-04-18
CU00588,Individual,Kolkata,East,2025-06-02
CU01484,Individual,Mumbai,West,2022-04-29
CU01294,Individual,Hyderabad,South,2026-07-23
CU02116,Individual,Chennai,South,2026-01-21
CU02139,Individual,Kolkata,East,2026-05-19
CU02352,Individual,New Delhi,North,2024-09-27
CU02777,Individual,Kolkata,East,2025-05-20
CU00732,Individual,Bengaluru,South,2024-07-28
CU02662,Individual,Kolkata,East,2026-07-01
CU01280,Individual,Chennai,South,2022-12-29
CU02408,Individual,Mumbai,West,2026-04-27
CU02412,Individual,Bengaluru,South,2025-12-31
CU03210,Individual,Mumbai,West,2021-12-18
CU02985,Individual,Pune,West,2021-03-28
CU01961,Individual,Pune,West,2024-06-21
CU00360,Individual,Pune,West,2025-10-17
CU00040,Individual,Bengaluru,South,2022-04-27
CU01860,Individual,New Delhi,North,2025-07-08
CU01048,Individual,New Delhi,North,2026-01-23
CU00618,Individual,Bengaluru,South,2024-10-18
CU00664,Individual,Kolkata,East,2026-08-25
CU03060,Individual,Mumbai,West,2026-01-05
CU03166,Individual,Pune,West,2024-12-02
CU00362,Individual,Bengaluru,South,2025-06-18
CU02285,Individual,Bengaluru,South,2024-11-10
CU00079,Individual,Kolkata,East,2025-06-04
CU00479,Individual,New Delhi,North,2026-07-29
CU00076,Individual,Chennai,South,2026-02-14
CU00018,Individual,New Delhi,North,2024-03-26
CU00288,Individual,Kolkata,East,2025-01-13
CU02362,Individual,New Delhi,North,2022-12-02
CU03334,Individual,Chennai,South,2023-05-27
CU00303,Individual,Mumbai,West,2026-04-03
CU01998,Individual,Pune,West,2026-05-20
CU02713,Individual,New Delhi,North,2025-05-23
CU02214,Individual,Bengaluru,South,2026-03-17
CU01397,Individual,Bengaluru,South,2024-09-07
CU01541,Individual,Pune,West,2020-12-20
CU02067,Individual,Mumbai,West,2025-11-13
CU03034,Individual,Chennai,South,2023-07-20
CU02387,Individual,Pune,West,2026-05-15
CU02256,Individual,Bengaluru,South,2026-05-17
CU01436,Individual,Mumbai,West,2024-01-04
CU00907,Individual,Pune,West,2024-10-29
CU02351,Individual,Bengaluru,South,2026-08-26
CU00299,Individual,Bengaluru,South,2024-04-04
CU01201,Individual,Pune,West,2022-10-16
CU01205,Individual,Kolkata,East,2026-03-23
CU02677,Individual,Bengaluru,South,2025-01-06
CU00952,Individual,Pune,West,2025-07-17
CU01313,Individual,Bengaluru,South,2025-08-10
CU02090,Individual,Mumbai,West,2025-07-02
CU02111,Individual,Chennai,South,2024-09-09
CU01067,Individual,Pune,West,2025-05-23
CU02261,Individual,Hyderabad,South,2023-01-23
CU02343,Individual,Bengaluru,South,2025-09-16
CU03229,Individual,Bengaluru,South,2024-09-09
CU00802,Individual,Bengaluru,South,2024-12-13
CU03115,Individual,Bengaluru,South,2025-07-17
CU02466,Individual,Chennai,South,2023-01-09
CU02241,Fleet,Mumbai,West,2020-06-24
CU01506,Individual,Pune,West,2024-10-29
CU02835,Individual,Mumbai,West,2025-07-02
CU01599,Individual,Bengaluru,South,2020-10-19
CU00506,Individual,Bengaluru,South,2025-04-26
CU01757,Individual,Mumbai,West,2020-07-11
CU03180,Individual,New Delhi,North,2023-01-09
CU02345,Individual,Mumbai,West,2026-02-19
CU03340,Individual,New Delhi,North,2021-02-10
CU02922,Individual,Kolkata,East,2026-03-17
CU01300,Individual,New Delhi,North,2024-09-16
CU01802,Individual,Mumbai,West,2022-06-17
CU00629,Individual,Bengaluru,South,2020-10-27
CU00238,Individual,Bengaluru,South,2024-07-04
CU00149,Individual,Pune,West,2020-12-09
CU02234,Individual,Mumbai,West,2022-11-23
CU00628,Corporate,Bengaluru,South,2024-09-17
CU01915,Individual,Hyderabad,South,2025-10-10
CU03005,Individual,New Delhi,North,2021-09-28
CU01023,Individual,Pune,West,2023-10-01
CU03032,Individual,Bengaluru,South,2023-10-19
CU01376,Individual,Bengaluru,South,2025-07-17
CU03054,Individual,Bengaluru,South,2020-03-25
CU03238,Individual,Mumbai,West,2021-10-16
CU00667,Individual,New Delhi,North,2025-06-25
CU02984,Individual,Bengaluru,South,2022-12-21
CU01239,Corporate,Bengaluru,South,2021-12-20
CU02201,Individual,Bengaluru,South,2024-11-22
CU01821,Individual,Hyderabad,South,2021-07-26
CU02951,Individual,Hyderabad,South,2025-07-20
CU00094,Individual,New Delhi,North,2025-06-07
CU02736,Individual,Pune,West,2024-09-20
CU03300,Individual,Bengaluru,South,2024-11-19
CU02524,Individual,Chennai,South,2024-06-05
CU01579,Individual,Bengaluru,South,2025-12-27
CU02594,Individual,Hyderabad,South,2023-04-17
CU01838,Fleet,Bengaluru,South,2022-01-16
CU02757,Individual,Bengaluru,South,2026-05-16
CU00128,Individual,Hyderabad,South,2026-06-15
CU00123,Individual,Hyderabad,South,2026-02-18
CU00098,Individual,Mumbai,West,2022-02-01
CU00143,Individual,New Delhi,North,2025-06-14
CU00916,Individual,Chennai,South,2021-04-02
CU02488,Individual,Bengaluru,South,2022-11-08
CU01884,Individual,Bengaluru,South,2023-05-09
CU02882,Fleet,Kolkata,East,2021-07-28
CU01813,Individual,Chennai,South,2025-01-08
CU03304,Individual,Hyderabad,South,2026-04-08
CU00003,Individual,Kolkata,East,2024-12-08
CU00773,Individual,Bengaluru,South,2025-10-29
CU01220,Individual,Bengaluru,South,2023-11-15
CU01894,Individual,Hyderabad,South,2026-01-11
CU02220,Individual,Hyderabad,South,2026-08-10
CU01827,Individual,Bengaluru,South,2024-10-23
CU00854,Individual,Hyderabad,South,2024-09-26
CU02044,Individual,Pune,West,2023-01-28
CU01479,Individual,New Delhi,North,2025-06-27
CU02099,Individual,Pune,West,2026-04-11
CU02968,Individual,Bengaluru,South,2025-05-08
CU01916,Individual,Pune,West,2025-08-13
CU01127,Individual,Kolkata,East,2024-07-24
CU01857,Individual,Chennai,South,2025-04-14
CU02940,Individual,Kolkata,East,2025-01-22
CU01655,Individual,Chennai,South,2021-12-05
CU02118,Individual,Pune,West,2025-11-07
CU03092,Individual,Mumbai,West,2024-06-22
CU01112,Fleet,Kolkata,East,2020-11-15
CU02438,Individual,Bengaluru,South,2024-05-27
CU01561,Individual,Pune,West,2025-04-22
CU02750,Individual,New Delhi,North,2024-04-06
CU01189,Individual,New Delhi,North,2026-04-05
CU00905,Corporate,Bengaluru,South,2020-02-09
CU03218,Individual,Chennai,South,2022-04-27
CU03202,Individual,Mumbai,West,2026-03-29
CU02972,Individual,Kolkata,East,2025-04-01
CU01389,Individual,Pune,West,2026-04-20
CU01402,Individual,Mumbai,West,2024-11-29
CU00064,Individual,Pune,West,2025-11-04
CU00432,Individual,Mumbai,West,2026-01-27
CU00264,Individual,Bengaluru,South,2025-06-21
CU02374,Individual,Bengaluru,South,2022-02-02
CU01144,Individual,Bengaluru,South,2022-06-04
CU01190,Individual,Bengaluru,South,2022-05-16
CU00144,Individual,Hyderabad,South,2026-08-14
CU02192,Individual,Mumbai,West,2024-06-23
CU03015,Fleet,Bengaluru,South,2020-04-06
CU00366,Individual,Kolkata,East,2025-03-24
CU00088,Individual,Mumbai,West,2021-09-08
CU00097,Individual,Bengaluru,South,2026-07-14
CU00797,Individual,Bengaluru,South,2023-12-16
CU01216,Individual,Bengaluru,South,2026-06-20
CU00005,Individual,Mumbai,West,2025-07-05
CU02355,Individual,Kolkata,East,2026-07-02
CU02162,Individual,Bengaluru,South,2026-08-19
CU01109,Individual,Chennai,South,2024-09-23
CU02054,Individual,Mumbai,West,2024-11-25
CU03264,Individual,New Delhi,North,2026-04-02
CU01736,Individual,Kolkata,East,2022-08-16
CU00626,Individual,Mumbai,West,2020-02-11
CU01105,Corporate,Chennai,South,2023-07-28
CU02085,Individual,Pune,West,2026-05-15
CU01604,Individual,Hyderabad,South,2021-04-25
CU03160,Individual,Hyderabad,South,2025-09-27
CU01413,Individual,Bengaluru,South,2026-05-10
CU02859,Individual,Mumbai,West,2026-08-08
CU02516,Individual,Bengaluru,South,2022-01-05
CU02193,Individual,Bengaluru,South,2026-07-28
CU00846,Individual,New Delhi,North,2026-01-23
CU01229,Individual,Pune,West,2026-06-13
CU01289,Individual,Chennai,South,2026-07-24
CU02617,Individual,Mumbai,West,2025-08-15
CU02450,Individual,Bengaluru,South,2022-09-22
CU01104,Individual,Mumbai,West,2026-01-05
CU02091,Individual,Bengaluru,South,2024-08-02
CU02301,Individual,Bengaluru,South,2026-05-01
CU03275,Individual,Pune,West,2025-04-29
CU02287,Individual,Kolkata,East,2024-06-06
CU01050,Corporate,Bengaluru,South,2024-07-03
CU00485,Individual,Mumbai,West,2025-09-29
CU02015,Individual,Hyderabad,South,2022-11-05
CU02141,Individual,Chennai,South,2025-03-10
CU02478,Individual,New Delhi,North,2026-03-04
CU00399,Fleet,Bengaluru,South,2020-10-24
CU01924,Individual,Bengaluru,South,2024-11-18
CU01393,Corporate,Bengaluru,South,2022-04-06
CU01069,Individual,New Delhi,North,2022-09-12
CU03056,Individual,Hyderabad,South,2021-04-05
CU02318,Individual,Bengaluru,South,2026-04-06
CU02636,Individual,Pune,West,2026-05-11
CU01043,Individual,Pune,West,2022-01-25
CU00711,Individual,New Delhi,North,2025-10-18
CU00461,Individual,Kolkata,East,2023-08-22
CU01129,Individual,Kolkata,East,2025-04-03
CU01780,Individual,Bengaluru,South,2026-02-19
CU01150,Individual,Bengaluru,South,2026-01-27
CU00369,Individual,Bengaluru,South,2024-12-25
CU01930,Individual,Pune,West,2022-05-21
CU02582,Individual,Chennai,South,2025-04-30
CU00968,Individual,Bengaluru,South,2025-06-26
CU00013,Individual,Kolkata,East,2024-05-12
CU02544,Individual,Chennai,South,2024-10-17
CU00594,Individual,Hyderabad,South,2025-10-08
CU01227,Individual,Pune,West,2026-07-26
CU01908,Individual,Kolkata,East,2025-06-07
CU01108,Individual,Hyderabad,South,2025-01-13
CU02806,Individual,New Delhi,North,2026-07-24
CU02786,Individual,Bengaluru,South,2026-03-11
CU02893,Individual,Mumbai,West,2025-03-07
CU00227,Individual,Bengaluru,South,2026-05-14
CU02644,Individual,Bengaluru,South,2025-11-12
CU00796,Individual,New Delhi,North,2024-11-19
CU00683,Individual,Bengaluru,South,2024-12-17
CU01388,Individual,Kolkata,East,2026-06-26
CU00650,Individual,Pune,West,2025-06-17
CU03045,Corporate,New Delhi,North,2021-11-13
CU01437,Individual,Kolkata,East,2025-03-10
CU01711,Individual,New Delhi,North,2024-10-27
CU02398,Individual,Bengaluru,South,2025-09-24
CU01331,Individual,Bengaluru,South,2024-08-23
CU01727,Individual,New Delhi,North,2026-08-16
CU00066,Individual,Chennai,South,2022-12-03
CU00266,Individual,Bengaluru,South,2021-04-08
CU00769,Individual,Mumbai,West,2022-05-23
CU03231,Individual,New Delhi,North,2025-03-06
CU02824,Individual,Bengaluru,South,2025-05-30
CU00858,Individual,Mumbai,West,2025-11-07
CU01276,Individual,New Delhi,North,2024-10-22
CU01188,Individual,Chennai,South,2024-08-15
CU00208,Individual,Hyderabad,South,2024-11-03
CU02470,Individual,Bengaluru,South,2022-07-24
CU01438,Individual,Hyderabad,South,2025-04-11
CU00380,Individual,Bengaluru,South,2025-06-05
CU00992,Individual,Mumbai,West,2024-03-24
CU01064,Individual,Pune,West,2025-11-28
CU00045,Individual,Bengaluru,South,2026-08-31
CU00873,Individual,Pune,West,2020-10-30
CU03228,Individual,Kolkata,East,2026-01-02
CU00335,Individual,Pune,West,2023-04-05
CU01933,Individual,Bengaluru,South,2025-02-22
CU01805,Individual,Bengaluru,South,2020-05-06
CU01958,Individual,Bengaluru,South,2025-09-02
CU02889,Individual,Kolkata,East,2024-09-16
CU02863,Individual,Kolkata,East,2025-06-24
CU02982,Individual,Bengaluru,South,2022-01-06
CU02130,Individual,Kolkata,East,2026-04-21
CU02464,Individual,Pune,West,2024-09-30
CU02181,Fleet,Mumbai,West,2025-06-07
CU00984,Individual,Bengaluru,South,2026-07-29
CU00154,Individual,Bengaluru,South,2022-11-25
CU00255,Individual,Chennai,South,2026-02-28
CU00849,Individual,Kolkata,East,2024-12-18
CU01207,Individual,New Delhi,North,2025-01-21
CU01053,Individual,Bengaluru,South,2024-06-17
CU01083,Individual,New Delhi,North,2026-06-01
CU00075,Individual,Chennai,South,2026-09-05
CU02728,Individual,Kolkata,East,2025-05-03
CU00041,Individual,Pune,West,2023-01-28
CU02145,Individual,Bengaluru,South,2025-04-03
CU01948,Individual,Bengaluru,South,2022-08-27
CU01334,Individual,Bengaluru,South,2022-12-11
CU01179,Fleet,Mumbai,West,2020-03-02
CU03111,Individual,Bengaluru,South,2026-04-12
CU00217,Individual,Bengaluru,South,2025-05-13
CU02473,Individual,Chennai,South,2025-06-08
CU00850,Corporate,Bengaluru,South,2021-04-11
CU00665,Individual,Chennai,South,2024-03-17
CU02902,Individual,Hyderabad,South,2026-03-16
CU01333,Individual,Pune,West,2026-06-28
CU00935,Individual,Mumbai,West,2026-02-23
CU01846,Individual,Mumbai,West,2022-05-05
CU02506,Fleet,Mumbai,West,2020-03-22
CU01414,Individual,Kolkata,East,2025-11-22
CU03066,Individual,Bengaluru,South,2026-03-03
CU01767,Individual,Bengaluru,South,2020-12-03
CU00593,Individual,Bengaluru,South,2025-02-19
CU01809,Individual,Kolkata,East,2022-06-14
CU01705,Individual,Kolkata,East,2022-10-21
CU02503,Individual,Bengaluru,South,2026-08-26
CU02337,Individual,New Delhi,North,2022-10-28
CU03241,Individual,Hyderabad,South,2024-12-20
CU03301,Individual,Chennai,South,2025-11-07
CU01004,Individual,Chennai,South,2025-02-07
CU01172,Individual,Hyderabad,South,2023-07-19
CU01204,Individual,Hyderabad,South,2025-06-22
CU02601,Corporate,Hyderabad,South,2021-12-20
CU02814,Individual,New Delhi,North,2025-08-15
CU02049,Individual,New Delhi,North,2022-01-16
CU02992,Individual,Hyderabad,South,2022-05-05
CU01354,Individual,Bengaluru,South,2026-05-12
CU02171,Individual,Hyderabad,South,2024-10-07
CU02705,Individual,Chennai,South,2023-11-22
CU00377,Individual,Hyderabad,South,2021-05-22
CU03283,Individual,Chennai,South,2025-11-23
CU03109,Individual,Bengaluru,South,2021-03-31
CU01143,Corporate,Kolkata,East,2024-10-12
CU01826,Individual,New Delhi,North,2024-08-09
CU02208,Individual,Pune,West,2024-11-25
CU01945,Individual,Bengaluru,South,2025-02-16
CU00827,Individual,Pune,West,2024-05-03
CU00947,Individual,Bengaluru,South,2025-11-24
CU01899,Individual,Bengaluru,South,2026-02-12
CU01378,Individual,Hyderabad,South,2024-11-24
CU03153,Individual,Hyderabad,South,2025-11-14
CU00070,Individual,Hyderabad,South,2022-12-01
CU00692,Individual,Bengaluru,South,2026-09-02
CU01392,Individual,New Delhi,North,2025-05-17
CU00442,Individual,Bengaluru,South,2026-03-14
CU00081,Individual,Bengaluru,South,2024-04-06
CU00312,Individual,Bengaluru,South,2021-10-19
CU01363,Corporate,Bengaluru,South,2021-11-10
CU00675,Individual,Bengaluru,South,2022-09-10
CU02037,Individual,Mumbai,West,2025-08-29
CU00156,Individual,Hyderabad,South,2025-02-26
CU00185,Individual,Mumbai,West,2025-01-08
CU02397,Individual,Bengaluru,South,2025-04-16
CU01058,Individual,Chennai,South,2024-12-23
CU01835,Individual,New Delhi,North,2023-11-07
CU01102,Individual,Mumbai,West,2024-04-06
CU02127,Individual,Pune,West,2025-07-21
CU00493,Individual,Pune,West,2024-07-09
CU02918,Individual,Kolkata,East,2025-11-06
CU02336,Individual,New Delhi,North,2023-06-04
CU02936,Individual,Kolkata,East,2025-07-09
CU01671,Individual,Bengaluru,South,2021-06-05
CU02154,Individual,Mumbai,West,2025-11-29
CU00345,Individual,Chennai,South,2024-02-21
CU01914,Individual,Hyderabad,South,2025-01-22
CU01328,Individual,Chennai,South,2022-04-20
CU01435,Individual,New Delhi,North,2022-06-24
CU03348,Individual,Hyderabad,South,2026-05-05
CU00642,Corporate,Mumbai,West,2022-06-23
CU02365,Individual,Mumbai,West,2021-04-27
CU00852,Individual,Pune,West,2024-09-01
CU00888,Individual,Kolkata,East,2023-10-30
CU00467,Individual,Bengaluru,South,2025-07-21
CU02957,Individual,Bengaluru,South,2026-05-01
CU00572,Individual,Kolkata,East,2024-09-23
CU02910,Individual,Mumbai,West,2026-04-27
CU02458,Individual,Bengaluru,South,2021-06-24
CU03255,Individual,Pune,West,2024-04-06
CU02709,Individual,Mumbai,West,2020-10-10
CU00605,Corporate,Bengaluru,South,2023-06-18
CU00373,Individual,Bengaluru,South,2024-10-07
CU00096,Individual,Mumbai,West,2024-01-02
CU00977,Individual,Bengaluru,South,2025-07-10
CU00760,Individual,Pune,West,2025-06-22
CU00137,Corporate,Hyderabad,South,2021-07-09
CU01159,Individual,Mumbai,West,2025-09-11
CU02571,Individual,Mumbai,West,2026-01-23
CU03309,Individual,Chennai,South,2026-08-04
CU00599,Individual,Chennai,South,2023-04-25
CU02953,Individual,Bengaluru,South,2024-07-19
CU02353,Individual,Bengaluru,South,2021-11-04
CU03144,Individual,Chennai,South,2026-03-11
CU02935,Individual,Chennai,South,2025-05-02
CU00492,Individual,Bengaluru,South,2020-12-01
CU02020,Individual,Mumbai,West,2026-05-01
CU02781,Fleet,Hyderabad,South,2023-01-19
CU01601,Individual,Pune,West,2026-01-20
CU00505,Fleet,New Delhi,North,2022-05-28
CU00746,Individual,Mumbai,West,2026-07-29
CU00787,Individual,Chennai,South,2024-11-21
CU00501,Individual,Pune,West,2025-02-13
CU01651,Individual,Mumbai,West,2025-02-05
CU01926,Individual,Hyderabad,South,2025-05-03
CU01995,Individual,Pune,West,2025-07-14
CU01396,Individual,Hyderabad,South,2025-08-05
CU00772,Individual,Bengaluru,South,2024-07-12
CU03243,Individual,Mumbai,West,2023-08-02
CU02867,Individual,Pune,West,2025-08-14
CU02638,Fleet,Kolkata,East,2024-04-15
CU01360,Individual,Kolkata,East,2026-04-19
CU01077,Individual,Mumbai,West,2024-08-30
CU01059,Individual,Bengaluru,South,2026-02-05
CU01613,Individual,Hyderabad,South,2020-10-20
CU01912,Individual,Hyderabad,South,2024-08-10
CU00749,Individual,Kolkata,East,2026-04-25
CU01441,Individual,Mumbai,West,2024-07-16
CU00482,Individual,New Delhi,North,2023-09-20
CU02199,Individual,Pune,West,2025-10-12
CU01199,Individual,Chennai,South,2026-02-05
CU02855,Fleet,Bengaluru,South,2020-07-10
CU02316,Individual,Bengaluru,South,2020-05-15
CU01470,Individual,Pune,West,2025-10-31
CU01559,Individual,New Delhi,North,2024-09-21
CU00193,Individual,Hyderabad,South,2021-08-03
CU01461,Individual,Pune,West,2026-07-27
CU01041,Individual,Hyderabad,South,2026-03-27
CU02969,Individual,Bengaluru,South,2025-05-15
CU01340,Individual,Hyderabad,South,2023-10-15
CU03285,Individual,Mumbai,West,2022-02-16
CU01352,Individual,New Delhi,North,2022-09-14
CU00814,Individual,Bengaluru,South,2025-12-31
CU02698,Individual,New Delhi,North,2025-04-16
CU01443,Individual,Kolkata,East,2026-04-18
CU01781,Corporate,New Delhi,North,2024-07-23
CU01370,Individual,New Delhi,North,2025-06-29
CU02297,Individual,Bengaluru,South,2023-12-08
CU02324,Individual,Bengaluru,South,2021-08-10
CU02862,Individual,New Delhi,North,2021-05-19
CU02653,Individual,Pune,West,2025-12-23
CU02919,Individual,Bengaluru,South,2020-10-06
CU01936,Individual,Kolkata,East,2026-04-15
CU00885,Individual,Bengaluru,South,2022-10-06
CU02890,Fleet,New Delhi,North,2022-05-16
CU01630,Individual,Chennai,South,2025-09-04
CU01834,Individual,Bengaluru,South,2024-04-27
CU00954,Individual,Pune,West,2026-02-02
CU02039,Individual,Kolkata,East,2025-10-30
CU02203,Individual,Pune,West,2025-05-24
CU02831,Individual,Bengaluru,South,2026-04-11
CU01288,Individual,Bengaluru,South,2022-01-22
CU01956,Individual,Bengaluru,South,2025-10-24
CU03035,Individual,Bengaluru,South,2026-03-22
CU03078,Individual,Bengaluru,South,2024-06-06
CU02700,Individual,New Delhi,North,2024-12-27
CU01597,Individual,New Delhi,North,2021-10-12
CU02420,Individual,New Delhi,North,2026-02-23
CU01661,Individual,Pune,West,2024-10-28
CU00938,Individual,Mumbai,West,2025-02-02
CU02002,Individual,Bengaluru,South,2025-03-17
CU00719,Individual,Chennai,South,2025-08-14
CU00392,Individual,Bengaluru,South,2025-12-22
CU02276,Individual,Mumbai,West,2022-03-09
CU02551,Individual,Bengaluru,South,2025-11-07
CU00422,Individual,Pune,West,2026-06-16
CU00607,Individual,Hyderabad,South,2025-08-25
CU02223,Corporate,Bengaluru,South,2025-03-10
CU01696,Individual,Bengaluru,South,2020-01-23
CU02548,Individual,Pune,West,2026-08-22
CU02999,Individual,Kolkata,East,2026-06-09
CU02937,Individual,Hyderabad,South,2026-04-16
CU01421,Individual,Kolkata,East,2024-03-23
CU01937,Individual,New Delhi,North,2024-07-12
CU02084,Individual,Chennai,South,2025-08-26
CU01577,Fleet,Bengaluru,South,2021-03-16
CU00757,Individual,New Delhi,North,2025-09-06
CU00798,Fleet,Bengaluru,South,2020-03-12
CU00359,Individual,Pune,West,2025-09-21
CU02179,Individual,Kolkata,East,2025-06-06
CU01955,Individual,Mumbai,West,2023-03-27
CU00638,Individual,Bengaluru,South,2022-12-17
CU02327,Individual,Bengaluru,South,2023-01-03
CU02634,Individual,Hyderabad,South,2024-12-13
CU02649,Individual,New Delhi,North,2025-07-28
CU02413,Individual,Chennai,South,2024-11-09
CU00124,Individual,Chennai,South,2022-12-13
CU00569,Individual,Mumbai,West,2025-09-21
CU02991,Individual,Hyderabad,South,2022-08-13
CU00213,Individual,Bengaluru,South,2021-04-26
CU00029,Individual,Mumbai,West,2025-01-28
CU01646,Individual,Pune,West,2026-04-29
CU02045,Individual,Chennai,South,2022-10-06
CU02414,Individual,Bengaluru,South,2025-12-07
CU00142,Individual,Bengaluru,South,2024-06-16
CU00225,Individual,Pune,West,2024-08-01
CU00548,Individual,Bengaluru,South,2023-11-15
CU02194,Individual,Hyderabad,South,2026-03-02
CU03260,Individual,Kolkata,East,2026-05-03
CU02537,Individual,Chennai,South,2024-08-05
CU00835,Individual,Pune,West,2023-01-24
CU02122,Individual,Bengaluru,South,2024-11-16
CU00978,Individual,Kolkata,East,2025-10-09
CU02299,Individual,Bengaluru,South,2024-08-17
CU01907,Individual,Bengaluru,South,2025-06-01
CU00525,Individual,Chennai,South,2024-11-24
CU02685,Individual,Hyderabad,South,2026-08-17
CU01902,Individual,Kolkata,East,2024-06-01
CU02164,Individual,Chennai,South,2022-09-11
CU00267,Individual,Bengaluru,South,2021-06-12
CU01819,Individual,Chennai,South,2023-01-14
CU02427,Individual,Kolkata,East,2022-09-08
CU03129,Individual,Pune,West,2024-11-03
CU00825,Individual,New Delhi,North,2025-05-11
CU01882,Individual,New Delhi,North,2023-01-02
CU00532,Individual,Mumbai,West,2024-10-04
CU02317,Individual,Kolkata,East,2025-10-22
CU03256,Individual,New Delhi,North,2024-08-10
CU02581,Individual,Bengaluru,South,2024-07-24
CU02457,Individual,Chennai,South,2024-03-08
CU03043,Individual,Hyderabad,South,2020-04-19
CU01650,Individual,Chennai,South,2022-01-23
CU01992,Individual,Kolkata,East,2024-10-15
CU01513,Individual,Bengaluru,South,2025-04-04
CU01662,Individual,Chennai,South,2024-10-20
CU01756,Individual,Bengaluru,South,2025-06-11
CU01237,Individual,Hyderabad,South,2024-11-16
CU01103,Individual,Bengaluru,South,2022-11-11
CU03330,Individual,Kolkata,East,2025-12-04
CU01113,Individual,Mumbai,West,2025-10-13
CU01935,Individual,Bengaluru,South,2024-11-21
CU00817,Fleet,Hyderabad,South,2020-11-19
CU01078,Individual,New Delhi,North,2024-09-09
CU01718,Individual,Bengaluru,South,2025-05-01
CU02490,Fleet,Pune,West,2020-10-13
CU02032,Individual,New Delhi,North,2025-01-31
CU00563,Individual,Hyderabad,South,2021-05-23
CU01940,Individual,New Delhi,North,2025-05-01
CU03242,Individual,New Delhi,North,2021-09-08
CU00194,Individual,Mumbai,West,2026-05-17
CU00014,Individual,Hyderabad,South,2022-02-28
CU00735,Individual,Bengaluru,South,2026-03-29
CU01816,Individual,New Delhi,North,2025-05-01
CU02917,Individual,Bengaluru,South,2024-06-06
CU02562,Individual,Hyderabad,South,2026-07-21
CU01027,Individual,Pune,West,2025-03-23
CU02655,Individual,Bengaluru,South,2024-08-17
CU03027,Individual,Mumbai,West,2024-12-14
CU00410,Individual,Mumbai,West,2021-03-11
CU02117,Individual,Pune,West,2026-07-25
CU03193,Individual,Chennai,South,2021-01-07
CU00678,Individual,Bengaluru,South,2022-08-06
CU01985,Individual,Bengaluru,South,2022-11-02
CU02587,Individual,Pune,West,2025-04-19
CU03250,Individual,Bengaluru,South,2025-02-05
CU03310,Individual,Pune,West,2023-12-12
CU00898,Individual,Pune,West,2025-07-31
CU01731,Individual,Pune,West,2022-08-05
CU02579,Individual,Chennai,South,2026-07-30
CU00889,Individual,Bengaluru,South,2024-06-06
CU01949,Individual,Chennai,South,2022-05-13
CU00355,Individual,Bengaluru,South,2024-02-16
CU01594,Individual,Chennai,South,2026-01-06
CU00737,Fleet,Pune,West,2020-10-10
CU00540,Individual,Chennai,South,2024-09-05
CU02692,Individual,Mumbai,West,2024-08-14
CU02519,Fleet,Mumbai,West,2022-06-23
CU02230,Individual,Bengaluru,South,2025-07-27
CU02274,Individual,Kolkata,East,2025-04-07
CU00220,Individual,Bengaluru,South,2025-07-07
CU02688,Individual,Hyderabad,South,2025-10-07
CU03065,Individual,Kolkata,East,2024-07-15
CU03050,Individual,Bengaluru,South,2025-06-18
CU01429,Individual,Bengaluru,South,2024-09-30
CU01968,Individual,New Delhi,North,2023-01-10
CU00105,Individual,Mumbai,West,2024-12-31
CU00305,Individual,Pune,West,2025-07-06
CU00268,Fleet,New Delhi,North,2021-02-14
CU02588,Individual,Kolkata,East,2025-01-18
CU00104,Corporate,Mumbai,West,2021-07-26
CU01277,Individual,Kolkata,East,2025-02-12
CU03214,Individual,Bengaluru,South,2026-01-20
CU02844,Corporate,Pune,West,2024-06-22
CU00891,Individual,Bengaluru,South,2025-05-28
CU00233,Individual,Bengaluru,South,2023-10-05
CU01519,Individual,Mumbai,West,2026-01-29
CU02734,Individual,Bengaluru,South,2021-06-12
CU03344,Individual,New Delhi,North,2025-11-19
CU01493,Individual,Pune,West,2026-05-01
CU02498,Individual,Chennai,South,2026-04-23
CU02444,Individual,Pune,West,2025-01-13
CU00495,Corporate,Mumbai,West,2020-12-09
CU00031,Individual,Chennai,South,2025-04-06
CU01217,Individual,Mumbai,West,2021-09-07
CU02170,Individual,Bengaluru,South,2025-05-31
CU02745,Individual,Chennai,South,2026-05-05
CU02628,Individual,Chennai,South,2024-06-10
CU00933,Individual,Bengaluru,South,2022-01-07
CU01306,Individual,Mumbai,West,2025-10-26
CU00601,Individual,New Delhi,North,2023-03-15
CU02970,Individual,Chennai,South,2026-03-28
CU00767,Individual,Bengaluru,South,2026-06-02
CU00957,Individual,Bengaluru,South,2020-07-29
CU02950,Individual,Chennai,South,2024-08-18
CU00724,Individual,Kolkata,East,2024-11-01
CU00859,Fleet,Pune,West,2021-11-07
CU00698,Individual,Bengaluru,South,2024-06-03
CU01999,Fleet,Mumbai,West,2021-09-23
CU01384,Individual,Bengaluru,South,2024-05-10
CU01742,Individual,Pune,West,2024-08-13
CU03080,Individual,New Delhi,North,2025-01-27
CU00980,Individual,Mumbai,West,2022-06-21
CU01501,Individual,Chennai,South,2023-08-18
CU00606,Individual,Bengaluru,South,2024-06-06
CU03326,Individual,Bengaluru,South,2026-02-08
CU00884,Individual,Bengaluru,South,2021-09-16
CU01833,Individual,Pune,West,2022-06-28
CU00633,Individual,Pune,West,2023-01-31
CU00830,Individual,Hyderabad,South,2025-04-18
CU03039,Individual,Bengaluru,South,2026-03-05
CU00184,Individual,Chennai,South,2024-06-07
CU03269,Individual,Bengaluru,South,2026-01-02
CU02930,Individual,Kolkata,East,2026-07-07
CU01292,Individual,New Delhi,North,2026-03-02
CU00302,Individual,New Delhi,North,2023-05-19
CU02686,Individual,Pune,West,2025-11-13
CU00716,Individual,Kolkata,East,2023-10-08
CU00566,Individual,Chennai,South,2023-02-11
CU03287,Individual,Bengaluru,South,2025-02-09
CU03317,Individual,Kolkata,East,2026-07-21
CU01020,Individual,Hyderabad,South,2025-02-11
CU01456,Individual,Bengaluru,South,2026-01-13
CU03236,Individual,Pune,West,2025-02-02
CU01967,Fleet,Chennai,South,2020-07-21
CU01338,Corporate,Chennai,South,2021-03-17
CU03235,Individual,Mumbai,West,2026-04-22
CU02364,Individual,Kolkata,East,2026-07-24
CU00549,Individual,Mumbai,West,2026-07-04
CU00244,Individual,Mumbai,West,2024-07-11
CU02563,Individual,New Delhi,North,2026-01-18
CU02900,Individual,Chennai,South,2021-10-16
CU00265,Fleet,Chennai,South,2020-10-25
CU02156,Individual,Bengaluru,South,2024-07-28
CU01692,Individual,Bengaluru,South,2026-05-25
CU01803,Individual,Chennai,South,2024-09-01
CU02650,Individual,Pune,West,2024-05-14
CU01171,Individual,Chennai,South,2021-11-25
CU02250,Individual,Bengaluru,South,2025-04-28
CU02003,Individual,Chennai,South,2026-03-30
CU00269,Individual,New Delhi,North,2022-04-28
CU02611,Individual,Bengaluru,South,2024-04-25
CU03199,Individual,Pune,West,2026-05-20
CU01460,Individual,Bengaluru,South,2025-04-03
CU00786,Individual,Hyderabad,South,2026-05-19
CU02456,Individual,Bengaluru,South,2021-02-06
CU01403,Individual,Pune,West,2024-04-27
CU02089,Individual,Mumbai,West,2021-06-17
CU00158,Individual,Chennai,South,2022-06-23
CU03128,Fleet,Pune,West,2020-08-27
CU00519,Individual,Bengaluru,South,2025-10-30
CU02597,Individual,Bengaluru,South,2022-10-26
CU00447,Individual,Pune,West,2025-11-09
CU02870,Individual,Pune,West,2026-07-04
CU02883,Individual,Bengaluru,South,2024-10-12
CU03196,Individual,Chennai,South,2024-05-26
CU02315,Individual,Bengaluru,South,2025-08-06
CU00558,Individual,Kolkata,East,2025-10-08
CU02411,Individual,Hyderabad,South,2025-09-15
CU03096,Individual,Chennai,South,2026-01-07
CU02410,Individual,Hyderabad,South,2020-06-20
CU02477,Individual,Bengaluru,South,2025-06-13
CU01568,Fleet,Bengaluru,South,2020-03-30
CU00592,Individual,Chennai,South,2025-09-10
CU00951,Individual,Bengaluru,South,2021-03-07
CU01391,Individual,Hyderabad,South,2020-07-28
CU01896,Corporate,Hyderabad,South,2025-05-11
CU00522,Individual,Chennai,South,2021-10-07
CU02652,Individual,Bengaluru,South,2024-01-17
CU01596,Fleet,Hyderabad,South,2020-06-05
CU02159,Individual,Hyderabad,South,2020-04-03
CU03208,Individual,Hyderabad,South,2025-06-25
CU02023,Individual,Bengaluru,South,2024-11-04
CU00428,Individual,Pune,West,2024-07-23
CU00453,Individual,Hyderabad,South,2022-05-14
CU01730,Individual,Pune,West,2023-07-29
CU00585,Individual,Mumbai,West,2023-11-27
CU02573,Individual,New Delhi,North,2025-08-31
CU02865,Individual,Kolkata,East,2024-06-03
CU01145,Individual,Pune,West,2026-04-22
CU01016,Individual,Pune,West,2024-12-28
CU00283,Individual,New Delhi,North,2026-08-06
CU00472,Individual,Bengaluru,South,2021-02-22
CU00300,Individual,Mumbai,West,2022-11-07
CU01962,Individual,Kolkata,East,2026-07-21
CU02803,Individual,Chennai,South,2024-03-19
CU00832,Individual,Mumbai,West,2024-05-19
CU01732,Individual,Bengaluru,South,2025-11-16
CU02422,Individual,Chennai,South,2022-09-14
CU02212,Individual,Pune,West,2025-04-10
CU02640,Individual,Bengaluru,South,2026-04-03
CU02306,Fleet,Mumbai,West,2021-04-27
CU00125,Individual,New Delhi,North,2024-07-27
CU00487,Individual,Bengaluru,South,2026-01-01
CU02083,Individual,Hyderabad,South,2021-09-29
CU02174,Individual,Kolkata,East,2026-09-01
CU00946,Individual,Hyderabad,South,2025-09-03
CU02160,Individual,Mumbai,West,2024-09-25
CU01714,Individual,Bengaluru,South,2020-07-27
CU02668,Individual,Kolkata,East,2026-01-04
CU01605,Individual,Pune,West,2025-04-15
CU02221,Individual,Kolkata,East,2024-09-07
CU00682,Individual,Bengaluru,South,2024-03-25
CU01867,Individual,Bengaluru,South,2022-01-14
CU01764,Individual,Hyderabad,South,2025-12-10
CU00693,Individual,Pune,West,2024-09-23
CU01719,Individual,Pune,West,2024-03-30
CU03213,Individual,Hyderabad,South,2025-11-20
CU03108,Individual,Kolkata,East,2026-06-14
CU03044,Individual,New Delhi,North,2024-02-07
CU00963,Individual,Kolkata,East,2023-02-01
CU00777,Individual,Pune,West,2024-08-25
CU02494,Individual,Pune,West,2023-07-15
CU01810,Individual,New Delhi,North,2024-02-24
CU03230,Individual,Pune,West,2025-01-17
CU02367,Individual,New Delhi,North,2022-08-25
CU00717,Individual,Chennai,South,2026-05-16
CU01348,Individual,New Delhi,North,2026-07-22
CU01130,Individual,Bengaluru,South,2020-05-28
CU02140,Individual,Bengaluru,South,2026-07-30
CU00641,Individual,Mumbai,West,2024-10-15
CU00579,Individual,Bengaluru,South,2026-01-13
CU02766,Individual,Chennai,South,2021-12-19
CU02851,Individual,Hyderabad,South,2025-03-11
CU02290,Individual,New Delhi,North,2025-11-26
CU00559,Individual,Hyderabad,South,2023-12-25
CU01119,Individual,Bengaluru,South,2026-09-06
CU02997,Individual,Hyderabad,South,2024-10-25
CU01941,Individual,Mumbai,West,2025-02-08
CU02043,Individual,Mumbai,West,2021-03-15
CU02795,Individual,New Delhi,North,2026-06-18
CU01856,Individual,Hyderabad,South,2023-08-13
CU03184,Individual,Chennai,South,2025-06-06
CU00333,Individual,Bengaluru,South,2025-06-09
CU02646,Fleet,Mumbai,West,2020-02-08
CU00117,Individual,Kolkata,East,2022-04-07
CU01164,Individual,Hyderabad,South,2022-10-10
CU02929,Individual,New Delhi,North,2025-08-15
CU03051,Individual,Mumbai,West,2025-09-28
CU03151,Individual,Bengaluru,South,2025-02-14
CU02460,Individual,Hyderabad,South,2024-10-14
CU01609,Individual,Bengaluru,South,2025-08-11
CU00063,Individual,Pune,West,2025-12-20
CU00294,Individual,Bengaluru,South,2025-11-16
CU02094,Individual,Bengaluru,South,2025-08-14
CU01149,Individual,Bengaluru,South,2024-08-12
CU02707,Individual,Bengaluru,South,2025-11-26
CU01503,Individual,Kolkata,East,2025-11-13
CU01876,Individual,Bengaluru,South,2026-02-24
CU03261,Individual,Chennai,South,2025-05-23
CU01487,Individual,Bengaluru,South,2026-02-10
CU02839,Individual,Bengaluru,South,2025-08-30
CU03191,Individual,Mumbai,West,2025-04-09
CU01737,Individual,Hyderabad,South,2023-08-17
CU03145,Individual,Chennai,South,2025-11-03
CU02323,Individual,Kolkata,East,2025-07-22
CU00315,Individual,Pune,West,2023-02-03
CU02600,Individual,Pune,West,2025-05-18
CU02678,Individual,Bengaluru,South,2021-08-03
CU00167,Individual,Bengaluru,South,2025-12-21
CU02758,Individual,New Delhi,North,2025-06-17
CU00277,Individual,Bengaluru,South,2020-11-02
CU00510,Individual,Pune,West,2025-11-26
CU01358,Individual,Mumbai,West,2025-03-17
CU02368,Individual,Bengaluru,South,2020-04-18
CU00542,Individual,Kolkata,East,2022-08-11
CU00996,Individual,Kolkata,East,2025-03-26
CU02790,Individual,Pune,West,2022-05-13
CU01566,Individual,Hyderabad,South,2026-07-29
CU00379,Individual,Bengaluru,South,2020-11-12
CU00666,Individual,Bengaluru,South,2020-04-09
CU02275,Individual,Chennai,South,2025-04-22
CU00840,Individual,Hyderabad,South,2025-08-08
CU02550,Individual,Kolkata,East,2024-10-06
CU02505,Individual,Chennai,South,2025-09-22
CU00409,Individual,New Delhi,North,2024-11-28
CU00730,Individual,Chennai,South,2025-12-26
CU00199,Individual,New Delhi,North,2025-11-29
CU01158,Individual,Chennai,South,2023-03-13
CU01423,Individual,New Delhi,North,2025-10-24
CU00291,Individual,Hyderabad,South,2025-10-27
CU01367,Individual,Bengaluru,South,2022-12-28
CU02834,Individual,Bengaluru,South,2020-08-25
CU00974,Individual,Hyderabad,South,2022-02-04
CU01621,Individual,Bengaluru,South,2026-01-10
CU01381,Individual,New Delhi,North,2021-02-07
CU01776,Individual,Bengaluru,South,2026-08-16
CU00970,Individual,New Delhi,North,2026-04-17
CU00456,Individual,Kolkata,East,2024-09-23
CU02217,Individual,Hyderabad,South,2025-03-12
CU02592,Individual,Mumbai,West,2023-07-13
CU00534,Corporate,Kolkata,East,2020-02-18
CU01531,Individual,Pune,West,2024-10-12
CU00136,Individual,New Delhi,North,2025-02-26
CU03306,Individual,New Delhi,North,2026-03-16
CU01897,Individual,Bengaluru,South,2022-04-15
CU01726,Individual,Kolkata,East,2020-08-08
CU01106,Individual,Bengaluru,South,2026-07-07
CU00210,Individual,Kolkata,East,2024-07-29
CU00468,Individual,Bengaluru,South,2021-08-12
CU02633,Individual,Chennai,South,2022-08-29
CU01446,Fleet,Mumbai,West,2020-08-08
CU00923,Individual,New Delhi,North,2024-02-12
CU03345,Individual,Hyderabad,South,2024-12-07
CU01137,Individual,Bengaluru,South,2020-03-31
CU01140,Individual,New Delhi,North,2025-04-09
CU00114,Individual,Mumbai,West,2025-12-11
CU02513,Fleet,New Delhi,North,2021-03-18
CU00751,Individual,Bengaluru,South,2026-04-29
CU01689,Individual,New Delhi,North,2024-08-18
CU02110,Individual,Chennai,South,2025-07-31
CU02543,Individual,Chennai,South,2026-03-24
CU01777,Individual,Mumbai,West,2023-01-30
CU00647,Individual,Pune,West,2025-09-30
CU02805,Individual,Hyderabad,South,2024-07-09
CU02716,Individual,Mumbai,West,2023-12-17
CU03103,Individual,Bengaluru,South,2025-01-23
CU02080,Individual,Kolkata,East,2022-04-14
CU02780,Individual,Mumbai,West,2026-03-26
CU03098,Individual,Kolkata,East,2023-01-24
CU02987,Individual,Kolkata,East,2022-10-24
CU01497,Individual,Pune,West,2025-06-28
CU02842,Corporate,Mumbai,West,2020-12-21
CU00257,Individual,Kolkata,East,2020-01-31
CU03033,Individual,Bengaluru,South,2026-07-27
CU03134,Individual,Mumbai,West,2023-03-12
CU03004,Individual,Mumbai,West,2021-04-15
CU02884,Corporate,Chennai,South,2022-07-12
CU00810,Individual,Bengaluru,South,2025-04-18
CU01564,Fleet,Hyderabad,South,2022-02-04
CU00529,Individual,Mumbai,West,2025-11-28
CU02143,Individual,Mumbai,West,2025-06-13
CU03273,Individual,Kolkata,East,2024-07-15
CU03258,Individual,Mumbai,West,2026-07-20
CU01865,Individual,Mumbai,West,2026-07-08
CU01052,Individual,Bengaluru,South,2025-09-07
CU00133,Fleet,Pune,West,2021-09-07
CU03126,Individual,Hyderabad,South,2025-04-26
CU02625,Individual,Kolkata,East,2022-11-08
CU02024,Individual,Mumbai,West,2020-10-30
CU03077,Individual,Chennai,South,2024-10-01
CU01523,Individual,Bengaluru,South,2023-12-15
CU00574,Individual,Mumbai,West,2024-12-13
CU01546,Individual,Chennai,South,2025-05-01
CU01741,Individual,Pune,West,2025-03-31
CU00297,Individual,Pune,West,2024-12-04
CU01198,Individual,New Delhi,North,2024-12-11
CU00539,Fleet,Kolkata,East,2021-04-26
CU00161,Individual,Bengaluru,South,2024-11-07
CU00502,Individual,Mumbai,West,2022-07-12
CU02062,Individual,Bengaluru,South,2024-04-04
CU01214,Individual,Hyderabad,South,2024-08-16
CU03187,Individual,Chennai,South,2025-01-17
CU02229,Individual,New Delhi,North,2026-06-22
CU00183,Individual,Mumbai,West,2025-01-23
CU01036,Individual,Chennai,South,2025-08-26
CU02378,Individual,Mumbai,West,2022-10-09
CU01386,Individual,Bengaluru,South,2024-08-18
CU00121,Individual,Mumbai,West,2021-07-27
CU03226,Individual,Bengaluru,South,2025-12-07
CU00219,Individual,Pune,West,2025-08-16
CU02224,Individual,Bengaluru,South,2021-09-02
CU00804,Individual,Chennai,South,2024-11-26
CU02639,Individual,Pune,West,2023-02-25
CU01606,Individual,Bengaluru,South,2025-01-28
CU01555,Individual,Hyderabad,South,2025-01-08
CU00608,Individual,Hyderabad,South,2025-04-03
CU00082,Individual,Bengaluru,South,2025-08-13
CU01209,Individual,Hyderabad,South,2024-06-29
CU02346,Individual,Hyderabad,South,2024-04-24
CU00060,Individual,Pune,West,2025-10-26
CU02419,Individual,Pune,West,2025-10-03
CU02783,Individual,Hyderabad,South,2025-05-08
CU03047,Individual,Bengaluru,South,2026-03-02
CU01782,Individual,New Delhi,North,2026-01-31
CU01293,Individual,Hyderabad,South,2025-02-09
CU00867,Individual,Mumbai,West,2024-06-03
CU00323,Individual,New Delhi,North,2020-06-23
CU01152,Corporate,Hyderabad,South,2024-11-23
CU02078,Individual,New Delhi,North,2024-10-10
CU01918,Individual,Mumbai,West,2022-05-14
CU01874,Individual,Pune,West,2022-06-04
CU01724,Individual,New Delhi,North,2025-04-26
CU01271,Individual,Mumbai,West,2024-07-22
CU01751,Individual,Pune,West,2026-08-29
CU01862,Individual,Chennai,South,2026-06-18
CU02852,Fleet,Mumbai,West,2020-05-15
CU00981,Individual,Bengaluru,South,2024-06-28
CU00008,Individual,Mumbai,West,2025-06-26
CU02619,Individual,Bengaluru,South,2021-10-29
CU00062,Individual,Pune,West,2024-10-27
CU00093,Individual,Hyderabad,South,2025-03-06
CU02121,Individual,Bengaluru,South,2026-04-17
CU00057,Individual,Chennai,South,2025-11-11
CU02282,Individual,Bengaluru,South,2024-11-03
CU02405,Individual,Bengaluru,South,2024-10-25
CU02933,Individual,Chennai,South,2025-11-25
CU01723,Individual,Bengaluru,South,2023-09-30
CU01964,Individual,Bengaluru,South,2024-09-22
CU00274,Individual,Mumbai,West,2020-10-20
CU02691,Individual,Bengaluru,South,2025-03-29
CU03076,Individual,Mumbai,West,2024-07-28
CU00914,Individual,Kolkata,East,2024-06-24
CU00334,Individual,Hyderabad,South,2025-07-01
CU00289,Individual,Mumbai,West,2025-11-17
CU00685,Individual,Bengaluru,South,2025-08-09
CU02017,Individual,Bengaluru,South,2025-09-16
CU00624,Individual,Bengaluru,South,2025-05-19
CU00378,Individual,Bengaluru,South,2026-08-08
CU01553,Individual,Bengaluru,South,2024-09-15
CU02341,Individual,Hyderabad,South,2025-04-16
CU02131,Fleet,New Delhi,North,2020-09-03
CU03093,Individual,Bengaluru,South,2024-03-02
CU01758,Individual,Hyderabad,South,2025-01-30
CU02104,Individual,Kolkata,East,2024-09-07
CU00204,Individual,Bengaluru,South,2024-10-06
CU01502,Individual,Hyderabad,South,2023-03-10
CU01242,Individual,Mumbai,West,2025-02-20
CU00793,Individual,Bengaluru,South,2026-06-14
CU02218,Individual,Chennai,South,2025-02-15
CU00103,Individual,Kolkata,East,2024-10-08
CU02817,Individual,Bengaluru,South,2025-12-04
CU02052,Individual,Bengaluru,South,2022-10-13
CU02664,Individual,Chennai,South,2024-07-10
CU01509,Individual,Hyderabad,South,2022-06-10
CU03018,Individual,Bengaluru,South,2023-01-24
CU02129,Individual,Hyderabad,South,2024-10-08
CU01557,Individual,Mumbai,West,2025-03-26
CU02565,Individual,Bengaluru,South,2026-01-08
CU00621,Individual,Chennai,South,2026-06-07
CU02876,Individual,Hyderabad,South,2025-05-28
CU01490,Individual,Pune,West,2025-03-04
CU00484,Individual,Chennai,South,2026-05-10
CU00580,Individual,Mumbai,West,2023-09-03
CU02657,Individual,Kolkata,East,2021-09-28
CU03038,Individual,Bengaluru,South,2024-03-07
CU01709,Individual,Hyderabad,South,2025-09-06
CU00109,Individual,Hyderabad,South,2024-12-26
CU00383,Individual,Bengaluru,South,2024-11-03
CU03037,Individual,Chennai,South,2025-01-27
CU02268,Individual,Bengaluru,South,2025-12-15
CU01710,Individual,Bengaluru,South,2023-05-15
CU00985,Individual,Kolkata,East,2026-09-06
CU01257,Individual,Mumbai,West,2026-08-20
CU00281,Individual,Hyderabad,South,2022-05-19
CU01222,Individual,Chennai,South,2021-02-15
CU01942,Individual,Bengaluru,South,2024-11-20
CU03150,Fleet,Bengaluru,South,2021-07-25
CU00965,Individual,Chennai,South,2025-11-03
CU00211,Individual,Hyderabad,South,2024-01-28
CU00186,Individual,Pune,West,2026-06-07
CU02525,Individual,Hyderabad,South,2020-10-09
CU00107,Individual,Bengaluru,South,2026-06-24
CU02813,Individual,Chennai,South,2021-11-13
CU00078,Individual,Bengaluru,South,2025-05-23
CU01806,Individual,Bengaluru,South,2022-01-30
CU03342,Corporate,Kolkata,East,2020-03-21
CU03272,Individual,Bengaluru,South,2022-06-17
CU02695,Individual,Pune,West,2024-02-20
CU03249,Individual,Mumbai,West,2024-03-20
CU00424,Individual,New Delhi,North,2026-09-04
CU03233,Individual,Chennai,South,2025-05-17
CU00178,Individual,Bengaluru,South,2024-09-03
CU02312,Individual,Bengaluru,South,2025-01-10
CU00061,Corporate,New Delhi,North,2020-03-23
CU01619,Individual,Chennai,South,2025-06-08
CU01232,Individual,Hyderabad,South,2025-09-13
CU01516,Individual,Bengaluru,South,2024-08-19
CU01225,Individual,Chennai,South,2021-03-08
CU00473,Individual,New Delhi,North,2024-10-20
CU00723,Individual,Bengaluru,South,2026-04-17
CU00725,Individual,Pune,West,2020-04-05
CU01540,Individual,Chennai,South,2025-01-07
CU01362,Individual,Mumbai,West,2023-08-08
CU00139,Individual,Bengaluru,South,2024-10-29
CU00812,Individual,Bengaluru,South,2026-08-14
CU01094,Individual,Bengaluru,South,2021-10-12
CU01976,Individual,Kolkata,East,2025-08-16
CU01287,Individual,Bengaluru,South,2025-01-01
CU00309,Fleet,Hyderabad,South,2021-01-06
CU00704,Individual,Bengaluru,South,2020-01-17
CU00258,Individual,Pune,West,2026-01-20
CU02934,Individual,New Delhi,North,2026-06-04
CU01175,Individual,Mumbai,West,2025-01-31
CU00538,Individual,Mumbai,West,2026-02-26
CU02721,Individual,Hyderabad,South,2023-09-03
CU02061,Individual,Kolkata,East,2023-05-12
CU00122,Individual,Chennai,South,2021-12-02
CU02180,Individual,Chennai,South,2025-02-04
CU00630,Individual,Bengaluru,South,2024-03-28
CU00655,Individual,Kolkata,East,2026-06-04
CU01843,Individual,Bengaluru,South,2020-04-18
CU02108,Individual,Hyderabad,South,2024-07-15
CU02877,Individual,Bengaluru,South,2024-07-10
CU01082,Individual,Bengaluru,South,2026-02-21
CU00733,Individual,Kolkata,East,2025-07-11
CU02381,Individual,Bengaluru,South,2020-10-18
CU01380,Individual,Hyderabad,South,2024-06-13
CU02326,Individual,Bengaluru,South,2025-01-10
CU00555,Individual,Bengaluru,South,2021-03-09
CU02504,Individual,Kolkata,East,2026-01-10
CU02718,Individual,New Delhi,North,2026-03-30
CU01006,Individual,Chennai,South,2023-01-21
CU02128,Individual,Bengaluru,South,2026-04-24
CU00838,Individual,New Delhi,North,2025-01-14
CU01303,Individual,Bengaluru,South,2025-01-03
CU00942,Individual,Chennai,South,2022-11-10
CU00232,Individual,New Delhi,North,2025-06-05
CU00866,Individual,Bengaluru,South,2026-05-23
CU02672,Individual,Bengaluru,South,2025-02-14
CU00576,Corporate,Bengaluru,South,2020-12-01
CU01686,Individual,Bengaluru,South,2025-02-21
CU02222,Individual,Bengaluru,South,2026-03-27
CU02931,Individual,Bengaluru,South,2021-11-20
CU01286,Individual,Bengaluru,South,2026-05-09
CU03204,Individual,Kolkata,East,2025-01-10
CU02943,Individual,New Delhi,North,2024-08-04
CU02779,Individual,Bengaluru,South,2024-11-03
CU00743,Individual,Mumbai,West,2025-08-08
CU00961,Individual,Hyderabad,South,2024-06-14
CU01659,Individual,Chennai,South,2020-09-01
CU00246,Individual,Chennai,South,2025-04-02
CU02034,Individual,Kolkata,East,2020-08-31
CU03247,Corporate,Bengaluru,South,2022-06-22
CU01213,Individual,Mumbai,West,2022-04-05
CU00697,Individual,Mumbai,West,2025-01-04
CU01808,Individual,Bengaluru,South,2026-08-28
CU00475,Individual,Bengaluru,South,2025-01-25
CU01774,Individual,Hyderabad,South,2023-04-14
CU00278,Individual,Bengaluru,South,2025-06-20
CU01505,Individual,Hyderabad,South,2026-03-05
CU01656,Individual,Chennai,South,2025-04-20
CU00670,Individual,Chennai,South,2024-11-13
CU02459,Individual,Hyderabad,South,2025-08-11
CU02225,Individual,Pune,West,2025-05-04
CU01311,Individual,Pune,West,2026-06-17
CU01996,Individual,Chennai,South,2026-07-31
CU03110,Individual,Bengaluru,South,2025-02-25
CU01674,Individual,Mumbai,West,2025-01-03
CU03320,Individual,Pune,West,2025-07-25
CU02144,Individual,Mumbai,West,2025-09-09
CU02546,Individual,Pune,West,2026-08-27
CU01319,Individual,New Delhi,North,2024-09-11
CU00720,Individual,Mumbai,West,2025-09-21
CU01626,Individual,Hyderabad,South,2025-09-14
CU02394,Individual,Chennai,South,2026-05-27
CU02331,Individual,Bengaluru,South,2024-02-25
CU00407,Individual,New Delhi,North,2025-12-17
CU00295,Individual,Hyderabad,South,2024-09-17
CU02219,Individual,Mumbai,West,2023-07-07
CU01160,Individual,New Delhi,North,2022-10-23
CU01450,Individual,Bengaluru,South,2026-03-14
CU01135,Individual,Bengaluru,South,2023-06-15
CU00565,Individual,Bengaluru,South,2025-12-14
CU02014,Individual,New Delhi,North,2025-11-29
CU01337,Individual,Pune,West,2026-03-22
CU02138,Individual,Kolkata,East,2023-04-23
CU01669,Individual,Hyderabad,South,2026-04-27
CU03270,Individual,Mumbai,West,2026-03-13
CU02429,Individual,Bengaluru,South,2025-05-24
CU00799,Individual,Chennai,South,2025-05-02
CU01814,Individual,Bengaluru,South,2025-07-15
CU01034,Individual,Bengaluru,South,2021-10-11
CU02838,Individual,Mumbai,West,2025-12-02
CU03221,Individual,Hyderabad,South,2026-03-06
CU01141,Individual,Mumbai,West,2025-02-16
CU02575,Corporate,Pune,West,2025-08-13
CU03183,Individual,Bengaluru,South,2026-03-14
CU02371,Individual,New Delhi,North,2025-06-04
CU03131,Individual,New Delhi,North,2026-03-08
CU01457,Individual,New Delhi,North,2026-08-28
CU01891,Individual,Mumbai,West,2023-02-09
CU00508,Individual,Bengaluru,South,2026-01-14
CU01398,Individual,Pune,West,2026-01-05
CU01055,Individual,Kolkata,East,2026-02-25
CU02063,Individual,New Delhi,North,2021-11-30
CU00639,Individual,Pune,West,2025-07-13
CU01512,Individual,Bengaluru,South,2025-04-08
CU01657,Individual,New Delhi,North,2025-10-30
CU02354,Individual,Bengaluru,South,2026-02-16
CU02096,Individual,Mumbai,West,2022-12-16
CU01952,Individual,Mumbai,West,2025-04-20
CU01044,Individual,Mumbai,West,2025-07-03
CU02609,Individual,Hyderabad,South,2024-12-16
CU01783,Individual,Hyderabad,South,2026-02-04
CU00402,Individual,Bengaluru,South,2026-05-06
CU03279,Individual,Chennai,South,2025-12-12
CU01409,Individual,Bengaluru,South,2021-05-29
CU02861,Individual,Bengaluru,South,2026-07-16
CU02952,Individual,Hyderabad,South,2023-10-25
CU01934,Individual,Bengaluru,South,2025-01-26
CU00337,Individual,Hyderabad,South,2026-06-04
CU00106,Individual,Hyderabad,South,2023-07-08
CU00531,Individual,Bengaluru,South,2025-09-29
CU02995,Individual,Mumbai,West,2025-02-25
CU01822,Individual,Bengaluru,South,2026-03-11
CU03064,Individual,Chennai,South,2025-12-27
CU02673,Individual,Kolkata,East,2025-03-26
CU01492,Individual,Pune,West,2025-08-23
CU03158,Individual,Kolkata,East,2026-08-15
CU02774,Individual,Kolkata,East,2026-05-10
CU01186,Individual,New Delhi,North,2022-05-21
CU02426,Individual,New Delhi,North,2026-03-19
CU01558,Individual,Bengaluru,South,2026-06-02
CU01181,Individual,Chennai,South,2021-05-06
CU02773,Individual,Mumbai,West,2025-07-16
CU01251,Individual,Chennai,South,2024-11-20
CU02030,Individual,Hyderabad,South,2021-09-05
CU01327,Individual,New Delhi,North,2024-12-10
CU00706,Individual,Chennai,South,2024-11-20
CU00971,Individual,Mumbai,West,2021-08-28
CU01707,Individual,Bengaluru,South,2022-04-15
CU01666,Individual,Pune,West,2025-04-19
CU01194,Individual,Chennai,South,2025-03-24
CU01377,Individual,Chennai,South,2024-09-03
CU01467,Individual,New Delhi,North,2025-09-16
CU00782,Individual,Hyderabad,South,2025-02-26
CU03100,Corporate,Bengaluru,South,2025-03-30
CU00926,Corporate,Bengaluru,South,2024-11-20
CU00948,Individual,Bengaluru,South,2025-03-08
CU02720,Fleet,Bengaluru,South,2020-08-02
CU03031,Individual,Hyderabad,South,2024-06-02
CU02025,Individual,Chennai,South,2021-09-26
CU01817,Individual,Kolkata,East,2021-02-07
CU03318,Individual,Bengaluru,South,2025-02-11
CU00703,Individual,Bengaluru,South,2026-02-18
CU03338,Individual,Pune,West,2025-02-08
CU02400,Individual,Bengaluru,South,2021-11-12
CU00033,Individual,Kolkata,East,2024-09-30
CU00805,Individual,Hyderabad,South,2025-11-07
CU02669,Individual,Bengaluru,South,2024-07-10
CU01330,Individual,Bengaluru,South,2026-03-27
CU00127,Individual,Bengaluru,South,2025-09-08
CU00037,Individual,Mumbai,West,2024-12-04
CU01382,Corporate,Bengaluru,South,2025-07-29
CU02725,Individual,Kolkata,East,2025-08-15
CU00821,Individual,Kolkata,East,2023-11-10
CU00886,Individual,Bengaluru,South,2026-05-11
CU01010,Fleet,Bengaluru,South,2020-07-02
CU01587,Individual,New Delhi,North,2025-04-09
CU03152,Individual,Bengaluru,South,2026-08-21
CU00622,Individual,Bengaluru,South,2026-07-18
CU02856,Individual,Bengaluru,South,2022-05-27
CU02895,Individual,Mumbai,West,2025-09-18
CU02005,Individual,Bengaluru,South,2025-07-18
CU01928,Individual,Bengaluru,South,2025-01-05
CU00163,Individual,Bengaluru,South,2025-10-10
CU02120,Individual,Pune,West,2025-11-18
CU03102,Corporate,Kolkata,East,2022-11-24
CU02897,Individual,Bengaluru,South,2023-10-07
CU00164,Individual,Bengaluru,South,2026-07-24
CU03174,Fleet,Bengaluru,South,2020-01-29
CU01864,Individual,New Delhi,North,2023-09-07
CU00962,Individual,New Delhi,North,2025-09-03
CU02769,Individual,Bengaluru,South,2025-03-21
CU01092,Individual,New Delhi,North,2026-02-09
CU01071,Individual,Bengaluru,South,2021-02-10
CU02960,Individual,Hyderabad,South,2021-07-22
CU02941,Individual,Mumbai,West,2020-06-28
CU00995,Individual,Kolkata,East,2025-05-15
CU00701,Fleet,Chennai,South,2021-01-19
CU02493,Individual,Bengaluru,South,2024-10-06
CU01616,Individual,Chennai,South,2025-06-02
CU00279,Individual,Bengaluru,South,2025-01-26
CU02658,Individual,Mumbai,West,2026-02-18
CU01153,Individual,Kolkata,East,2025-10-26
CU03312,Individual,Bengaluru,South,2026-03-30
CU00577,Individual,Bengaluru,South,2023-11-27
CU03020,Individual,Chennai,South,2020-05-11
CU00521,Individual,Bengaluru,South,2025-11-07
CU00536,Individual,Chennai,South,2026-08-29
CU00813,Individual,Chennai,South,2025-06-11
CU02335,Individual,New Delhi,North,2021-10-05
CU03329,Individual,Mumbai,West,2020-10-10
CU02344,Individual,Bengaluru,South,2025-06-28
CU02454,Individual,Bengaluru,South,2026-05-08
CU00614,Individual,Bengaluru,South,2022-02-26
CU03107,Individual,New Delhi,North,2021-10-22
CU01858,Individual,Bengaluru,South,2025-01-10
CU00319,Individual,Hyderabad,South,2024-06-24
CU00674,Individual,Kolkata,East,2024-11-29
CU00748,Individual,Bengaluru,South,2026-02-09
CU00552,Individual,Kolkata,East,2020-02-03
CU00260,Individual,Pune,West,2020-07-31
CU01877,Individual,Chennai,South,2022-08-05
CU01550,Individual,Bengaluru,South,2024-04-07
CU00795,Individual,Bengaluru,South,2025-04-19
CU00775,Individual,Pune,West,2024-03-10
CU01265,Individual,New Delhi,North,2026-07-09
CU02618,Individual,Bengaluru,South,2026-01-05
CU02731,Fleet,Bengaluru,South,2020-02-16
CU01156,Individual,Kolkata,East,2025-06-14
CU03073,Individual,Bengaluru,South,2026-08-04
CU01326,Individual,Pune,West,2024-12-08
CU02246,Individual,Chennai,South,2021-03-15
CU02702,Individual,Bengaluru,South,2024-08-03
CU02006,Individual,Hyderabad,South,2021-04-05
CU01989,Individual,Mumbai,West,2024-11-18
CU01863,Individual,Chennai,South,2020-11-21
CU02103,Individual,Kolkata,East,2026-04-09
CU01573,Individual,Bengaluru,South,2024-08-05
CU03048,Individual,Bengaluru,South,2024-08-09
CU00509,Individual,Hyderabad,South,2024-04-30
CU02333,Individual,Kolkata,East,2024-09-05
CU03343,Individual,Hyderabad,South,2025-02-17
CU01169,Individual,Bengaluru,South,2024-10-28
CU03217,Individual,Bengaluru,South,2022-10-15
CU01560,Individual,Hyderabad,South,2026-04-03
CU00695,Individual,Mumbai,West,2025-08-07
CU00855,Corporate,Hyderabad,South,2021-07-16
CU03132,Fleet,Hyderabad,South,2024-09-27
CU00709,Individual,Bengaluru,South,2026-08-27
CU00177,Individual,Mumbai,West,2025-10-13
CU01014,Individual,Mumbai,West,2025-11-29
CU02272,Individual,Bengaluru,South,2021-03-06
CU02033,Fleet,Chennai,South,2023-04-08
CU02703,Individual,Kolkata,East,2025-01-26
CU01448,Individual,Chennai,South,2026-02-15
CU01325,Individual,Mumbai,West,2025-10-16
CU01088,Individual,Hyderabad,South,2025-10-01
CU00272,Individual,Bengaluru,South,2026-06-12
CU00688,Individual,Bengaluru,South,2024-03-24
CU01154,Individual,Pune,West,2026-03-26
CU00516,Individual,New Delhi,North,2024-05-08
CU01628,Individual,Kolkata,East,2024-12-12
CU00386,Individual,Pune,West,2025-11-11
CU03252,Individual,Kolkata,East,2024-09-17
CU03119,Individual,Bengaluru,South,2022-03-24
CU00598,Individual,Mumbai,West,2026-01-07
CU02260,Individual,New Delhi,North,2020-11-30
CU02280,Individual,Hyderabad,South,2020-05-24
CU00578,Individual,Bengaluru,South,2024-12-25
CU00221,Individual,New Delhi,North,2026-07-01
CU03053,Individual,Chennai,South,2026-06-16
CU02100,Individual,Bengaluru,South,2023-02-06
CU01773,Individual,New Delhi,North,2026-05-04
CU02569,Individual,Bengaluru,South,2025-03-18
CU00762,Individual,Hyderabad,South,2025-05-22
CU02136,Individual,Bengaluru,South,2024-09-23
CU01406,Individual,Pune,West,2025-03-15
CU01889,Individual,Chennai,South,2024-11-24
CU01759,Individual,Bengaluru,South,2025-09-27
CU02679,Individual,Bengaluru,South,2026-03-24
CU03290,Individual,Bengaluru,South,2022-01-10
CU00694,Individual,Hyderabad,South,2024-06-29
CU02980,Individual,Bengaluru,South,2026-07-18
CU02567,Individual,Kolkata,East,2025-06-05
CU03278,Individual,Bengaluru,South,2026-03-14
CU02963,Individual,Bengaluru,South,2026-01-31
CU01426,Individual,Pune,West,2026-05-15
CU00973,Individual,Bengaluru,South,2025-08-24
CU00928,Individual,Pune,West,2025-11-23
CU01986,Individual,Bengaluru,South,2026-03-21
CU00680,Individual,Bengaluru,South,2023-08-12
CU01174,Individual,New Delhi,North,2024-08-16
CU00792,Individual,New Delhi,North,2024-12-25
CU02359,Individual,Kolkata,East,2025-08-07
CU02530,Fleet,Bengaluru,South,2020-08-18
CU02802,Individual,Chennai,South,2026-08-18
CU01110,Individual,Bengaluru,South,2026-01-21
CU00856,Individual,Chennai,South,2025-03-06
CU01592,Individual,Mumbai,West,2026-01-25
CU01595,Individual,Chennai,South,2025-11-19
CU02305,Individual,Bengaluru,South,2020-11-04
CU02027,Individual,Kolkata,East,2025-11-13
CU00496,Fleet,Kolkata,East,2021-01-19
CU00969,Individual,New Delhi,North,2022-07-28
CU01581,Individual,New Delhi,North,2025-03-20
CU00878,Individual,New Delhi,North,2025-03-20
CU02407,Individual,Mumbai,West,2026-01-31
CU01357,Individual,Bengaluru,South,2026-03-05
CU00851,Individual,Chennai,South,2022-12-08
CU02184,Individual,Kolkata,East,2020-12-26
CU03276,Individual,Hyderabad,South,2021-09-07
CU00710,Individual,Chennai,South,2026-08-15
CU02263,Fleet,Bengaluru,South,2022-07-23
CU02772,Individual,Chennai,South,2025-12-29
CU03087,Individual,Bengaluru,South,2026-02-15
CU01750,Individual,Mumbai,West,2022-11-24
CU01028,Individual,Kolkata,East,2026-01-18
CU02819,Individual,Chennai,South,2026-06-24
CU01654,Individual,Bengaluru,South,2024-10-08
CU02348,Individual,New Delhi,North,2026-06-11
CU01454,Individual,New Delhi,North,2025-02-03
CU00102,Individual,New Delhi,North,2024-12-03
CU00837,Individual,Chennai,South,2021-08-05
CU00643,Individual,Bengaluru,South,2024-03-14
CU01923,Individual,Mumbai,West,2025-08-19
CU00412,Individual,Hyderabad,South,2024-11-29
CU00524,Individual,Kolkata,East,2021-06-17
CU00187,Corporate,Bengaluru,South,2023-06-26
CU01825,Individual,Mumbai,West,2025-10-09
CU00794,Individual,Pune,West,2023-10-26
CU02442,Individual,Mumbai,West,2024-08-07
CU01627,Individual,New Delhi,North,2026-02-04
CU01324,Individual,Bengaluru,South,2023-02-04
CU01600,Individual,Hyderabad,South,2026-02-01
CU00927,Individual,Bengaluru,South,2021-08-03
CU00072,Individual,Hyderabad,South,2025-10-02
CU01851,Individual,Bengaluru,South,2020-06-23
CU02689,Individual,New Delhi,North,2026-03-25
CU00361,Individual,New Delhi,North,2024-10-30
CU02920,Individual,Kolkata,East,2026-03-28
CU01879,Individual,Bengaluru,South,2025-03-24
CU03148,Individual,Bengaluru,South,2024-06-07
CU00336,Individual,Bengaluru,South,2025-10-27
CU02762,Individual,Bengaluru,South,2026-06-05
CU01663,Fleet,Chennai,South,2024-10-21
CU01495,Individual,Bengaluru,South,2025-01-11
CU00546,Individual,New Delhi,North,2025-02-04
CU03178,Individual,Bengaluru,South,2025-08-12
CU02527,Individual,New Delhi,North,2026-08-31
CU01480,Individual,Mumbai,West,2026-09-04
CU00561,Individual,Mumbai,West,2021-07-26
CU02325,Individual,Pune,West,2022-11-15
CU01314,Individual,Mumbai,West,2024-09-17
CU01297,Individual,Pune,West,2024-10-11
CU01576,Individual,Bengaluru,South,2021-01-29
CU02778,Individual,Mumbai,West,2025-09-05
CU00875,Individual,Mumbai,West,2025-05-16
CU01118,Individual,New Delhi,North,2024-12-13
CU03055,Individual,New Delhi,North,2024-07-19
CU01086,Individual,Hyderabad,South,2023-12-14
CU00308,Individual,Bengaluru,South,2020-07-22
CU00924,Individual,Pune,West,2023-11-28
CU02283,Individual,Bengaluru,South,2023-09-05
CU00554,Individual,Chennai,South,2024-08-02
CU00253,Corporate,Bengaluru,South,2025-10-01
CU01702,Individual,Bengaluru,South,2025-11-24
CU02885,Individual,New Delhi,North,2024-08-02
CU00230,Fleet,Mumbai,West,2020-04-16
CU03140,Individual,Bengaluru,South,2025-06-05
CU02204,Individual,Bengaluru,South,2026-04-04
CU01372,Corporate,Mumbai,West,2020-07-08
CU03116,Individual,Chennai,South,2021-05-31
CU02254,Individual,Chennai,South,2021-03-25
CU01416,Fleet,New Delhi,North,2021-11-19
CU01024,Individual,New Delhi,North,2025-02-01
CU00478,Individual,Bengaluru,South,2025-07-04
CU03007,Individual,Bengaluru,South,2022-02-28
CU00870,Individual,Mumbai,West,2024-08-27
CU02296,Fleet,Bengaluru,South,2021-05-15
CU03084,Individual,Hyderabad,South,2026-02-11
CU01115,Individual,Pune,West,2024-11-13
CU02190,Individual,Kolkata,East,2023-05-08
CU02253,Fleet,Chennai,South,2021-11-22
CU00052,Individual,Mumbai,West,2025-11-23
CU01828,Fleet,Chennai,South,2023-07-02
CU00481,Individual,Bengaluru,South,2022-04-22
CU03294,Individual,Bengaluru,South,2026-03-26
CU01893,Individual,Bengaluru,South,2026-07-04
CU00320,Individual,Bengaluru,South,2025-10-30
CU00313,Individual,Bengaluru,South,2020-05-30
CU00397,Individual,Bengaluru,South,2025-05-18
CU01318,Individual,Bengaluru,South,2025-04-30
CU02350,Individual,Bengaluru,South,2021-03-23
CU00790,Individual,Pune,West,2021-07-27
CU01792,Individual,Bengaluru,South,2024-10-21
CU02761,Individual,Bengaluru,South,2026-08-31
CU01259,Individual,Pune,West,2026-03-18
CU01018,Individual,Hyderabad,South,2024-05-16
CU02635,Individual,Bengaluru,South,2025-12-25
CU00494,Individual,Hyderabad,South,2026-08-21
CU00159,Corporate,Hyderabad,South,2020-05-10
CU01422,Individual,New Delhi,North,2020-03-31
CU01191,Individual,Kolkata,East,2026-06-14
CU00307,Individual,New Delhi,North,2026-04-19
CU00949,Individual,Bengaluru,South,2026-01-31
CU02196,Individual,Pune,West,2026-02-11
CU00135,Individual,Chennai,South,2024-07-08
CU00176,Individual,Kolkata,East,2024-01-27
CU03195,Individual,Kolkata,East,2022-09-19
CU03168,Individual,Pune,West,2024-08-20
CU02361,Corporate,Bengaluru,South,2024-12-17
CU02059,Individual,Mumbai,West,2023-06-05
CU00058,Individual,New Delhi,North,2021-11-23
CU01206,Individual,Hyderabad,South,2020-04-22
CU01332,Individual,Pune,West,2022-08-16
CU02152,Individual,Mumbai,West,2025-11-17
CU00533,Individual,Bengaluru,South,2022-04-05
CU03106,Individual,Chennai,South,2023-07-02
CU01932,Individual,Bengaluru,South,2023-10-21
CU02095,Individual,Mumbai,West,2024-04-11
CU01298,Individual,Chennai,South,2021-02-01
CU03117,Individual,Chennai,South,2022-11-18
CU01430,Individual,Hyderabad,South,2025-12-10
CU03097,Individual,New Delhi,North,2021-03-03
CU01124,Individual,Bengaluru,South,2023-07-07
CU01434,Individual,Mumbai,West,2024-07-25
CU02704,Individual,Bengaluru,South,2024-12-24
CU02697,Individual,Chennai,South,2022-06-16
CU02866,Individual,Bengaluru,South,2025-05-11
CU02946,Individual,Bengaluru,South,2025-01-16
CU00833,Individual,Hyderabad,South,2024-11-12
CU02391,Individual,Chennai,South,2021-09-27
CU01056,Individual,Mumbai,West,2024-10-26
CU01499,Individual,New Delhi,North,2020-10-29
CU02744,Individual,Hyderabad,South,2020-02-15
CU00262,Individual,Bengaluru,South,2026-01-11
CU02277,Individual,New Delhi,North,2024-08-28
CU02071,Individual,Chennai,South,2024-08-03
CU01005,Fleet,Bengaluru,South,2025-07-11
CU01811,Individual,Bengaluru,South,2020-02-05
CU00174,Individual,Bengaluru,South,2025-09-22
CU00483,Individual,New Delhi,North,2020-09-17
CU01673,Fleet,Pune,West,2020-03-06
CU00318,Individual,Bengaluru,South,2023-10-06
CU00101,Individual,Kolkata,East,2022-04-20
CU01716,Individual,New Delhi,North,2020-01-21
CU00343,Individual,Bengaluru,South,2024-10-07
CU01307,Individual,Pune,West,2021-10-07
CU00059,Individual,Hyderabad,South,2024-05-13
CU02714,Individual,Hyderabad,South,2022-01-07
CU01128,Fleet,Bengaluru,South,2021-03-06
CU02589,Individual,New Delhi,North,2024-06-09
CU01921,Individual,New Delhi,North,2025-02-11
CU00459,Individual,Kolkata,East,2026-04-08
CU01521,Individual,Kolkata,East,2020-10-21
CU00486,Fleet,Pune,West,2020-03-18
CU02155,Individual,Bengaluru,South,2021-07-22
CU02671,Individual,Kolkata,East,2025-03-26
CU01544,Individual,Mumbai,West,2025-07-08
CU00351,Individual,Pune,West,2025-12-02
CU02035,Individual,Bengaluru,South,2024-06-13
CU02622,Individual,Mumbai,West,2024-03-10
CU01019,Individual,Mumbai,West,2021-03-20
CU01365,Individual,Bengaluru,South,2023-09-16
CU00339,Individual,Hyderabad,South,2026-07-27
CU02549,Individual,New Delhi,North,2024-03-16
CU01049,Individual,Bengaluru,South,2024-10-18
CU01351,Individual,Bengaluru,South,2023-01-20
CU00026,Individual,Chennai,South,2024-10-10
CU01970,Individual,Bengaluru,South,2021-09-18
CU00582,Individual,Chennai,South,2024-10-01
CU00731,Individual,Hyderabad,South,2024-01-26
CU00788,Individual,Chennai,South,2025-11-05
CU01868,Fleet,Bengaluru,South,2022-02-16
CU02948,Individual,New Delhi,North,2026-06-12
CU00226,Individual,Chennai,South,2023-11-14
CU02114,Individual,Chennai,South,2026-02-22
CU01745,Individual,Chennai,South,2021-01-01
CU02186,Individual,New Delhi,North,2021-07-09
CU01100,Individual,Pune,West,2025-06-13
CU02693,Individual,Hyderabad,South,2026-08-13
CU02921,Individual,Pune,West,2022-04-10
CU02965,Individual,Chennai,South,2025-06-02
CU03257,Individual,Bengaluru,South,2025-05-15
CU00038,Individual,Mumbai,West,2021-06-26
CU02087,Individual,Chennai,South,2023-04-07
CU01375,Individual,Chennai,South,2026-07-25
CU00553,Individual,Bengaluru,South,2021-09-14
CU01424,Individual,Hyderabad,South,2026-02-10
CU01939,Individual,Bengaluru,South,2020-08-14
CU00609,Individual,Pune,West,2024-01-13
CU01760,Individual,Chennai,South,2025-01-14
CU01574,Individual,Mumbai,West,2026-04-13
CU00465,Individual,Bengaluru,South,2026-07-22
CU02654,Individual,Bengaluru,South,2024-09-02
CU01953,Individual,New Delhi,North,2023-05-23
CU02756,Individual,New Delhi,North,2025-08-26
CU02768,Individual,Chennai,South,2020-10-28
CU01310,Individual,Bengaluru,South,2025-02-16
CU03219,Individual,Bengaluru,South,2025-03-27
CU03023,Individual,Kolkata,East,2024-10-22
CU00842,Corporate,Pune,West,2022-11-03
CU01636,Individual,New Delhi,North,2025-07-24
CU02000,Individual,Chennai,South,2024-12-15
CU02591,Individual,Bengaluru,South,2025-07-10
CU02743,Individual,Bengaluru,South,2024-10-20
CU00822,Individual,Chennai,South,2026-05-07
CU01168,Individual,Bengaluru,South,2026-05-04
CU00311,Individual,Bengaluru,South,2025-02-15
CU02749,Individual,Bengaluru,South,2023-10-02
CU02545,Individual,Bengaluru,South,2024-03-31
CU01054,Individual,Bengaluru,South,2024-11-16
CU00865,Individual,Kolkata,East,2024-10-13
CU00457,Individual,Chennai,South,2026-04-12
CU01466,Individual,Chennai,South,2026-06-23
CU00034,Individual,Chennai,South,2025-07-17
CU00741,Individual,Bengaluru,South,2024-11-06
CU01639,Individual,Kolkata,East,2026-05-25
CU03036,Individual,Bengaluru,South,2021-07-30
CU01590,Individual,New Delhi,North,2025-07-20
CU02539,Individual,Hyderabad,South,2024-06-19
CU01511,Individual,Kolkata,East,2026-03-13
CU01533,Individual,New Delhi,North,2025-05-16
CU02418,Individual,Pune,West,2024-08-21
CU00860,Individual,Bengaluru,South,2026-04-19
CU00235,Individual,Bengaluru,South,2024-03-20
CU02248,Individual,Bengaluru,South,2024-03-12
CU01221,Individual,Bengaluru,South,2024-06-04
CU02726,Individual,Bengaluru,South,2024-11-10
CU00198,Individual,Bengaluru,South,2025-08-29
CU02846,Individual,Chennai,South,2026-07-17
CU01681,Individual,Hyderabad,South,2020-04-05
CU00017,Individual,Bengaluru,South,2025-05-09
CU01870,Individual,Hyderabad,South,2026-05-09
CU00901,Individual,New Delhi,North,2024-08-15
CU02973,Individual,Pune,West,2026-02-23
CU01866,Individual,Chennai,South,2024-12-13
CU02041,Individual,Mumbai,West,2020-03-26
CU02583,Individual,Hyderabad,South,2026-04-30
CU02237,Individual,Hyderabad,South,2024-03-11
CU02990,Individual,Bengaluru,South,2024-12-31
CU01173,Individual,Pune,West,2022-09-13
CU00881,Individual,Mumbai,West,2024-06-07
CU01807,Individual,New Delhi,North,2026-08-18
CU01084,Individual,New Delhi,North,2022-06-21
CU03206,Individual,Pune,West,2025-08-15
CU00170,Individual,Bengaluru,South,2026-08-11
CU03339,Fleet,Bengaluru,South,2022-01-24
CU02976,Fleet,Chennai,South,2020-08-05
CU02632,Fleet,Bengaluru,South,2020-08-05
CU01087,Fleet,Bengaluru,South,2020-11-07
CU01275,Individual,Hyderabad,South,2023-07-31
CU00931,Individual,Bengaluru,South,2024-01-27
CU00240,Individual,Pune,West,2020-07-09
CU01404,Individual,Pune,West,2022-01-02
CU00403,Individual,Bengaluru,South,2025-05-06
CU02616,Corporate,New Delhi,North,2024-10-16
CU00043,Individual,Kolkata,East,2026-03-20
CU01842,Individual,Kolkata,East,2024-10-25
CU03337,Individual,Pune,West,2024-07-19
CU00527,Individual,New Delhi,North,2025-08-22
CU01462,Individual,Bengaluru,South,2024-11-03
CU00745,Individual,Bengaluru,South,2025-07-27
CU00864,Individual,Pune,West,2025-12-21
CU01379,Individual,Bengaluru,South,2025-03-07
CU02188,Fleet,Mumbai,West,2021-04-27
CU02126,Individual,Kolkata,East,2026-05-31
CU01954,Individual,Pune,West,2026-03-12
CU00385,Individual,Mumbai,West,2026-08-30
CU00705,Individual,Mumbai,West,2024-11-15
CU03190,Individual,New Delhi,North,2026-09-08
CU02547,Individual,Bengaluru,South,2024-11-14
CU02799,Individual,Hyderabad,South,2025-12-17
CU02105,Individual,Chennai,South,2022-09-16
CU02864,Individual,Mumbai,West,2024-08-10
CU02383,Individual,Chennai,South,2024-04-16
CU01643,Individual,Bengaluru,South,2021-10-01
CU01057,Individual,Bengaluru,South,2024-09-16
CU02810,Individual,Bengaluru,South,2026-03-28
CU01111,Individual,Bengaluru,South,2026-05-07
CU00086,Individual,New Delhi,North,2021-02-24
CU02449,Individual,New Delhi,North,2024-09-07
CU02329,Fleet,Bengaluru,South,2020-03-11
CU02875,Individual,Hyderabad,South,2026-01-03
CU00526,Individual,Bengaluru,South,2024-06-25
CU02514,Individual,Pune,West,2026-03-21
CU01219,Individual,Mumbai,West,2025-09-18
CU03094,Individual,Bengaluru,South,2026-06-18
CU02888,Individual,Bengaluru,South,2025-02-16
CU00168,Individual,Chennai,South,2024-04-17
CU03061,Individual,Bengaluru,South,2025-06-30
CU03200,Individual,Bengaluru,South,2024-08-08
CU01342,Individual,Bengaluru,South,2026-01-02
CU02360,Individual,Chennai,South,2026-08-23
CU02502,Individual,Kolkata,East,2021-09-21
CU00448,Individual,Chennai,South,2025-04-27
CU01640,Individual,New Delhi,North,2020-11-28
CU02269,Individual,Chennai,South,2026-07-09
CU02939,Individual,Bengaluru,South,2025-12-19
CU01012,Individual,Mumbai,West,2022-05-14
CU00645,Corporate,Mumbai,West,2026-02-05
CU01165,Individual,Kolkata,East,2025-07-30
CU02476,Individual,Mumbai,West,2026-01-08
CU00395,Individual,New Delhi,North,2025-05-18
CU00976,Individual,Bengaluru,South,2025-04-15
CU02872,Individual,Bengaluru,South,2026-04-28
CU02737,Individual,Mumbai,West,2024-12-27
CU00627,Fleet,Chennai,South,2020-04-26
CU01944,Individual,Kolkata,East,2021-01-25
CU02029,Individual,Pune,West,2026-07-18
CU02235,Individual,Hyderabad,South,2023-08-08
CU01062,Individual,New Delhi,North,2026-06-11
CU01543,Individual,Mumbai,West,2025-10-14
CU01979,Individual,Kolkata,East,2026-07-17
CU00739,Individual,Pune,West,2026-08-17
CU02146,Individual,Mumbai,West,2026-03-30
CU01060,Individual,Pune,West,2025-07-30
CU00229,Individual,Bengaluru,South,2020-08-24
CU01588,Individual,Bengaluru,South,2025-12-18
CU02932,Corporate,Hyderabad,South,2020-03-05
CU01526,Individual,Bengaluru,South,2025-10-11
CU01439,Individual,Bengaluru,South,2024-12-18
CU02390,Individual,Bengaluru,South,2024-02-09
CU01003,Fleet,Bengaluru,South,2020-03-08
CU02421,Individual,Pune,West,2025-06-27
CU00271,Individual,Hyderabad,South,2022-01-15
CU02480,Individual,Pune,West,2024-09-10
CU00151,Individual,Bengaluru,South,2024-07-19
CU03325,Fleet,Chennai,South,2020-11-21
CU01133,Individual,New Delhi,North,2026-04-24
CU00248,Individual,New Delhi,North,2020-01-18
CU03314,Individual,Pune,West,2026-07-31
CU00636,Individual,Chennai,South,2024-09-24
CU02231,Individual,Hyderabad,South,2023-10-27
CU00862,Individual,Mumbai,West,2021-12-05
CU00562,Individual,Mumbai,West,2025-10-31
CU00921,Individual,Chennai,South,2026-04-20
CU02074,Individual,Pune,West,2023-06-11
CU00426,Individual,Chennai,South,2025-07-15
CU01690,Individual,Pune,West,2025-09-04
CU01913,Individual,Kolkata,East,2023-12-07
CU01841,Individual,Chennai,South,2026-08-31
CU00631,Individual,Hyderabad,South,2026-02-16
CU01845,Individual,Pune,West,2025-08-23
CU00367,Individual,New Delhi,North,2025-03-04
CU01570,Individual,Mumbai,West,2025-09-29
CU01729,Individual,Bengaluru,South,2024-09-28
CU00206,Fleet,Chennai,South,2020-06-14
CU00591,Corporate,Bengaluru,South,2025-02-20
CU02792,Individual,Pune,West,2025-07-03
CU03141,Individual,Chennai,South,2024-04-03
CU01683,Corporate,Bengaluru,South,2022-04-25
CU01366,Individual,Bengaluru,South,2025-07-01
CU00417,Individual,Hyderabad,South,2025-11-09
CU00322,Individual,Mumbai,West,2025-04-20
CU01032,Individual,Mumbai,West,2024-11-13
CU01772,Individual,Hyderabad,South,2026-04-17
CU00236,Individual,New Delhi,North,2021-05-04
CU01852,Individual,Kolkata,East,2022-05-16
CU01850,Individual,Chennai,South,2024-08-27
CU03295,Individual,Kolkata,East,2024-06-12
CU01824,Individual,Kolkata,East,2025-11-17
CU01530,Individual,Bengaluru,South,2020-05-25
CU00249,Individual,Bengaluru,South,2026-08-31
CU00010,Individual,Chennai,South,2026-02-07
CU02711,Individual,Pune,West,2025-02-02
CU01440,Individual,Pune,West,2026-03-06
CU03019,Individual,Chennai,South,2025-02-10
CU03282,Individual,Mumbai,West,2025-08-21
CU02302,Individual,New Delhi,North,2021-03-22
CU03327,Individual,Bengaluru,South,2025-06-08
CU02417,Individual,Chennai,South,2025-11-26
CU02492,Individual,Mumbai,West,2024-05-04
CU00892,Individual,Bengaluru,South,2026-05-19
CU03307,Individual,Hyderabad,South,2024-04-26
CU02079,Fleet,Bengaluru,South,2020-03-13
CU02880,Individual,Hyderabad,South,2025-06-15
CU02593,Individual,New Delhi,North,2025-05-05
CU02629,Individual,Chennai,South,2025-08-04
CU00036,Individual,Bengaluru,South,2025-06-28
CU02247,Individual,Pune,West,2026-01-20
CU03125,Individual,Chennai,South,2021-04-20
CU02236,Individual,Bengaluru,South,2025-06-24
CU01987,Individual,Chennai,South,2026-06-23
CU00044,Individual,Bengaluru,South,2025-02-16
CU01778,Corporate,Kolkata,East,2025-03-26
CU01038,Individual,Bengaluru,South,2023-10-30
CU01525,Individual,Mumbai,West,2025-03-17
CU03172,Individual,Bengaluru,South,2023-09-03
CU02741,Individual,Pune,West,2021-05-05
CU00141,Individual,Bengaluru,South,2023-04-24
CU02955,Individual,New Delhi,North,2024-11-14
CU00444,Individual,Bengaluru,South,2026-06-07
CU02666,Individual,Bengaluru,South,2025-02-12
CU02133,Individual,Bengaluru,South,2026-03-27
CU01482,Individual,Bengaluru,South,2026-04-07
CU01538,Individual,Mumbai,West,2026-01-14
CU00807,Individual,Hyderabad,South,2024-12-26
CU03137,Individual,Pune,West,2022-09-14
CU00738,Individual,Pune,West,2024-10-18
CU02528,Individual,Bengaluru,South,2022-01-25
CU01212,Individual,Pune,West,2021-12-13
CU02125,Corporate,Bengaluru,South,2021-03-19
CU00239,Individual,Bengaluru,South,2026-07-02
CU03284,Individual,Pune,West,2024-11-17
CU02270,Individual,Bengaluru,South,2025-09-10
CU00699,Individual,Bengaluru,South,2025-04-20
CU01195,Individual,Mumbai,West,2025-07-27
CU02512,Individual,Hyderabad,South,2024-10-04
CU03192,Individual,Pune,West,2026-04-13
CU01489,Fleet,Hyderabad,South,2022-07-26
CU02599,Individual,Bengaluru,South,2025-08-13
CU00925,Individual,Mumbai,West,2024-09-02
CU00824,Individual,Bengaluru,South,2026-07-27
CU00783,Individual,Bengaluru,South,2021-08-17
CU01620,Individual,Pune,West,2025-06-19
CU00284,Individual,Bengaluru,South,2026-01-21
CU01672,Individual,New Delhi,North,2025-05-09
CU00381,Individual,Hyderabad,South,2022-04-30
CU03165,Individual,Pune,West,2020-02-06
CU00207,Individual,Bengaluru,South,2025-12-15
CU01187,Individual,Bengaluru,South,2023-09-11
CU02031,Individual,Bengaluru,South,2024-09-28
CU03308,Individual,Bengaluru,South,2024-07-31
CU02572,Individual,Bengaluru,South,2026-01-29
CU03205,Individual,Bengaluru,South,2026-09-02
CU01796,Individual,Bengaluru,South,2024-10-29
CU01323,Individual,Kolkata,East,2025-02-18
CU03176,Individual,Pune,West,2024-09-14
CU01766,Individual,Bengaluru,South,2020-09-21
CU00375,Individual,Hyderabad,South,2024-06-05
CU00455,Individual,Bengaluru,South,2026-06-22
CU01412,Individual,Bengaluru,South,2025-08-03
CU02967,Individual,New Delhi,North,2026-02-09
CU02489,Fleet,Hyderabad,South,2021-03-27
CU02607,Individual,Bengaluru,South,2024-06-05
CU00051,Individual,Bengaluru,South,2020-04-11
CU02249,Individual,Hyderabad,South,2024-11-04
CU00544,Fleet,Chennai,South,2021-03-21
CU00700,Individual,New Delhi,North,2022-04-10
CU00048,Individual,Bengaluru,South,2023-07-17
CU02308,Individual,Kolkata,East,2025-08-14
CU01302,Individual,Bengaluru,South,2026-03-13
CU01563,Individual,Chennai,South,2026-03-24
CU00222,Individual,Pune,West,2025-03-22
CU01748,Individual,Hyderabad,South,2022-07-28
CU00537,Individual,Bengaluru,South,2026-02-26
CU02971,Individual,Bengaluru,South,2024-02-25
CU01861,Individual,Hyderabad,South,2020-05-01
CU01451,Individual,Bengaluru,South,2025-01-02
CU02994,Individual,Bengaluru,South,2026-03-16
CU02048,Individual,Chennai,South,2025-04-19
CU03079,Fleet,Bengaluru,South,2022-07-10
CU01001,Individual,Chennai,South,2024-08-04
CU01728,Corporate,Chennai,South,2020-12-14
CU01459,Individual,Pune,West,2026-09-07
CU00480,Individual,Mumbai,West,2025-01-22
CU01035,Individual,Kolkata,East,2024-09-29
CU02898,Individual,Pune,West,2026-02-04
CU00959,Individual,Pune,West,2020-10-15
CU01252,Individual,Hyderabad,South,2026-03-22
CU00084,Individual,New Delhi,North,2026-04-26
CU02535,Individual,Hyderabad,South,2025-09-04
CU00896,Individual,Bengaluru,South,2020-11-10
CU02816,Individual,New Delhi,North,2024-10-04
CU01208,Individual,Mumbai,West,2025-01-20
CU00021,Individual,Bengaluru,South,2025-10-03
CU02166,Corporate,Kolkata,East,2025-04-11
CU00306,Individual,Chennai,South,2023-12-11
CU01784,Individual,Bengaluru,South,2023-06-05
CU01647,Individual,Chennai,South,2024-07-28
CU02753,Corporate,Hyderabad,South,2021-03-31
CU01500,Individual,Bengaluru,South,2024-06-17
CU01871,Individual,Hyderabad,South,2023-08-14
CU02894,Individual,Mumbai,West,2024-08-17
CU01528,Individual,New Delhi,North,2026-08-14
CU01739,Individual,Bengaluru,South,2024-10-01
CU01598,Individual,Bengaluru,South,2024-07-01
CU00067,Individual,Kolkata,East,2025-01-26
CU01051,Individual,Bengaluru,South,2023-05-30
CU00828,Individual,Chennai,South,2026-06-22
CU01007,Individual,Kolkata,East,2025-02-18
CU01583,Individual,Pune,West,2026-05-30
CU01743,Individual,Bengaluru,South,2025-09-05
CU01266,Individual,Pune,West,2024-11-12
CU02334,Individual,Kolkata,East,2025-08-02
CU01015,Individual,Pune,West,2024-09-03
CU00956,Individual,Hyderabad,South,2022-05-24
CU02252,Individual,Hyderabad,South,2026-07-31
CU02637,Individual,Hyderabad,South,2025-09-11
CU00368,Individual,Hyderabad,South,2025-11-17
CU01182,Individual,Pune,West,2020-06-26
CU01228,Individual,Mumbai,West,2026-06-10
CU01322,Individual,Kolkata,East,2022-04-07
CU01853,Individual,Hyderabad,South,2025-02-14
CU02631,Individual,Bengaluru,South,2026-05-18
CU02871,Individual,Chennai,South,2021-08-26
CU02168,Individual,Pune,West,2025-02-03
CU02076,Individual,New Delhi,North,2025-11-21
CU02624,Individual,Bengaluru,South,2020-06-18
CU01885,Individual,Bengaluru,South,2025-05-22
CU00286,Individual,Hyderabad,South,2025-11-21
CU00019,Individual,Bengaluru,South,2024-09-22
CU02313,Fleet,Bengaluru,South,2021-09-20
CU02416,Individual,Mumbai,West,2024-03-20
CU03224,Individual,Mumbai,West,2025-12-16
CU01301,Individual,Bengaluru,South,2023-01-10
CU00958,Individual,Bengaluru,South,2024-07-31
CU03234,Individual,New Delhi,North,2022-10-10
CU02175,Individual,Mumbai,West,2025-02-24
CU02680,Individual,Hyderabad,South,2026-08-03
CU00800,Individual,Bengaluru,South,2024-08-22
CU02172,Individual,Mumbai,West,2025-12-21
CU00640,Individual,Hyderabad,South,2023-04-06
CU02751,Individual,Pune,West,2021-12-18
CU00223,Individual,New Delhi,North,2024-07-24
CU02944,Individual,New Delhi,North,2025-08-12
CU03090,Individual,Hyderabad,South,2025-03-09
CU01660,Individual,Chennai,South,2021-02-08
CU02520,Individual,Pune,West,2024-07-31
CU01569,Individual,Mumbai,West,2026-05-28
CU01185,Individual,Mumbai,West,2024-12-22
CU02213,Individual,Bengaluru,South,2026-01-03
CU03063,Individual,New Delhi,North,2021-08-25
CU01346,Individual,Bengaluru,South,2024-11-08
CU02729,Individual,Bengaluru,South,2025-10-13
CU03302,Individual,Bengaluru,South,2026-02-05
CU01076,Individual,Kolkata,East,2024-11-12
CU00673,Individual,Hyderabad,South,2026-02-01
CU01295,Individual,Mumbai,West,2026-06-06
CU01768,Individual,Mumbai,West,2024-06-26
CU02069,Corporate,New Delhi,North,2021-01-19
CU01793,Individual,Bengaluru,South,2025-09-21
CU02491,Individual,Bengaluru,South,2026-07-02
CU00937,Individual,Bengaluru,South,2024-07-03
CU00263,Individual,Pune,West,2022-04-07
CU02050,Individual,Kolkata,East,2025-08-30
CU01107,Individual,New Delhi,North,2021-08-03
CU01097,Individual,New Delhi,North,2025-05-28
CU00202,Individual,Bengaluru,South,2020-01-26
CU03114,Individual,New Delhi,North,2022-12-02
CU01374,Individual,Bengaluru,South,2026-06-21
CU01281,Individual,Kolkata,East,2022-04-29
CU00514,Individual,Pune,West,2025-12-30
CU00317,Individual,Bengaluru,South,2025-07-18
CU02267,Individual,Kolkata,East,2025-06-17
CU00936,Individual,Bengaluru,South,2021-05-20
CU00955,Individual,Hyderabad,South,2020-08-07
CU02857,Individual,Bengaluru,South,2025-06-01
CU02770,Individual,Kolkata,East,2026-02-28
CU00130,Individual,Mumbai,West,2024-08-09
CU02586,Individual,Chennai,South,2022-08-11
CU02021,Individual,New Delhi,North,2024-06-28
CU01139,Individual,Chennai,South,2022-03-01
CU02818,Individual,Chennai,South,2025-11-26
CU00617,Individual,Bengaluru,South,2025-10-03
CU01938,Individual,Mumbai,West,2026-09-06
CU00943,Individual,Hyderabad,South,2026-06-16
CU03173,Individual,Bengaluru,South,2022-02-19
CU00894,Individual,Mumbai,West,2026-06-18
CU01795,Individual,Mumbai,West,2024-09-22
CU00930,Corporate,Mumbai,West,2024-09-05
CU00463,Individual,Hyderabad,South,2025-03-04
CU00371,Individual,New Delhi,North,2025-03-25
CU01178,Individual,Hyderabad,South,2020-07-22
CU02836,Individual,Bengaluru,South,2025-07-17
CU02949,Individual,Bengaluru,South,2025-03-05
CU01073,Individual,New Delhi,North,2020-08-26
CU00656,Individual,Bengaluru,South,2025-10-11
CU03266,Individual,Hyderabad,South,2025-09-13
CU02988,Individual,Bengaluru,South,2026-03-28
CU00595,Individual,Kolkata,East,2025-09-08
CU02010,Individual,Bengaluru,South,2024-12-21
CU00899,Individual,Bengaluru,South,2024-12-19
CU02656,Individual,Bengaluru,South,2026-02-23
CU02837,Individual,Chennai,South,2021-07-17
CU00845,Individual,Hyderabad,South,2025-01-22
CU02142,Individual,New Delhi,North,2020-03-21
CU01210,Individual,Bengaluru,South,2022-02-27
CU01320,Individual,Bengaluru,South,2025-06-22
CU00342,Individual,New Delhi,North,2023-02-22
CU00476,Individual,Pune,West,2025-06-03
CU02873,Individual,Mumbai,West,2024-06-17
CU02057,Individual,Bengaluru,South,2025-07-28
CU01527,Individual,Kolkata,East,2026-08-01
CU01022,Individual,Bengaluru,South,2025-12-12
CU00672,Individual,New Delhi,North,2025-09-16
CU01847,Individual,Hyderabad,South,2026-05-15
CU01785,Individual,Bengaluru,South,2025-02-24
CU01517,Individual,Bengaluru,South,2026-07-04
CU00575,Individual,Pune,West,2024-12-08
CU00908,Individual,Hyderabad,South,2022-04-27
CU01046,Individual,Bengaluru,South,2021-12-04
CU02978,Individual,New Delhi,North,2020-12-01
CU01539,Individual,New Delhi,North,2026-09-07
CU01618,Individual,Hyderabad,South,2025-09-28
CU00722,Individual,Hyderabad,South,2024-04-30
CU02046,Individual,Hyderabad,South,2026-05-06
CU02606,Individual,Mumbai,West,2024-12-11
CU02415,Individual,Bengaluru,South,2025-06-21
CU00997,Fleet,Chennai,South,2022-03-01
CU00353,Individual,Mumbai,West,2021-10-17
CU01504,Individual,Kolkata,East,2024-12-18
CU03341,Individual,Hyderabad,South,2022-04-08
CU02556,Individual,Kolkata,East,2026-05-24
CU02288,Individual,Mumbai,West,2025-03-04
CU02993,Individual,New Delhi,North,2024-09-05
CU03095,Individual,New Delhi,North,2026-09-05
CU03008,Individual,Chennai,South,2026-01-08
CU00189,Individual,New Delhi,North,2025-12-07
CU00188,Individual,Bengaluru,South,2025-06-02
CU01350,Individual,Bengaluru,South,2023-11-29
CU02425,Individual,Chennai,South,2022-02-10
CU02289,Individual,Bengaluru,South,2023-09-01
CU00175,Individual,Bengaluru,South,2023-07-31
CU00659,Individual,Bengaluru,South,2024-10-18
CU01200,Individual,Bengaluru,South,2022-06-10
CU00994,Individual,Chennai,South,2022-07-05
CU01264,Individual,Hyderabad,South,2026-08-20
CU00736,Individual,Pune,West,2026-03-04
CU01061,Individual,Chennai,South,2024-08-11
CU02510,Individual,Bengaluru,South,2024-08-22
CU02402,Individual,Mumbai,West,2025-12-14
CU00201,Individual,Kolkata,East,2023-09-06
CU01685,Individual,Bengaluru,South,2026-03-30
CU02596,Individual,Hyderabad,South,2025-07-12
CU02446,Individual,Chennai,South,2024-11-25
CU01241,Individual,Hyderabad,South,2021-06-26
CU01009,Individual,Pune,West,2025-04-08
CU00785,Individual,New Delhi,North,2023-12-07
CU00848,Individual,Bengaluru,South,2025-01-31
CU01554,Individual,Bengaluru,South,2026-02-18
CU02608,Corporate,Mumbai,West,2023-10-20
CU01255,Individual,Chennai,South,2021-10-18
CU02042,Individual,Bengaluru,South,2025-01-14
CU01947,Individual,Bengaluru,South,2024-10-02
CU00273,Individual,Kolkata,East,2025-11-02
CU01848,Fleet,Bengaluru,South,2020-04-20
CU02956,Individual,Kolkata,East,2026-08-28
CU00042,Individual,Pune,West,2023-12-01
CU02389,Individual,Kolkata,East,2025-01-04
CU01453,Individual,Kolkata,East,2024-02-01
CU02676,Individual,Bengaluru,South,2023-03-11
CU00960,Individual,Hyderabad,South,2026-06-30
CU02909,Individual,Chennai,South,2025-07-08
CU00551,Individual,Hyderabad,South,2021-03-06
CU02012,Individual,Pune,West,2025-07-03
CU01703,Individual,Kolkata,East,2025-06-26
CU02482,Individual,Kolkata,East,2026-01-29
CU02435,Individual,Kolkata,East,2025-08-22
CU01684,Individual,Bengaluru,South,2026-02-13
CU02431,Individual,Hyderabad,South,2023-01-13
CU01537,Individual,Pune,West,2026-08-12
CU02775,Individual,Pune,West,2025-08-16
CU02924,Individual,Hyderabad,South,2021-07-19
CU00071,Fleet,Bengaluru,South,2020-06-12
CU02088,Individual,New Delhi,North,2025-02-10
CU01514,Individual,Bengaluru,South,2025-08-23
CU02258,Individual,Bengaluru,South,2026-02-25
CU00393,Individual,New Delhi,North,2024-10-22
CU02791,Individual,Bengaluru,South,2024-08-22
CU00714,Individual,Pune,West,2025-10-17
CU01238,Individual,Kolkata,East,2025-06-01
CU00581,Individual,New Delhi,North,2025-06-16
CU00180,Individual,Mumbai,West,2022-09-25
CU02906,Individual,Bengaluru,South,2025-11-06
CU00893,Individual,Bengaluru,South,2024-03-05
CU03062,Individual,Bengaluru,South,2025-06-05
CU00132,Individual,Mumbai,West,2025-09-14
CU00809,Individual,Bengaluru,South,2025-10-05
CU02058,Individual,New Delhi,North,2026-03-24
CU00192,Individual,Hyderabad,South,2021-11-20
CU01444,Individual,Hyderabad,South,2023-06-28
CU02183,Corporate,Hyderabad,South,2020-03-12
CU02903,Individual,Bengaluru,South,2024-07-06
CU01641,Individual,Bengaluru,South,2024-10-05
CU03112,Individual,Bengaluru,South,2023-11-06
CU01854,Individual,Mumbai,West,2024-07-16
CU00166,Individual,Kolkata,East,2023-04-19
CU01971,Individual,Mumbai,West,2025-08-07
CU00727,Individual,Chennai,South,2025-11-28
CU02481,Individual,Bengaluru,South,2025-07-16
CU00173,Individual,Bengaluru,South,2024-11-30
CU00922,Individual,Chennai,South,2026-01-15
CU02330,Individual,Mumbai,West,2021-04-01
CU01642,Individual,Bengaluru,South,2022-09-06
CU01250,Individual,Bengaluru,South,2026-04-03
CU00324,Individual,Bengaluru,South,2024-08-16
CU02645,Individual,Kolkata,East,2026-09-02
CU00808,Individual,New Delhi,North,2026-05-13
CU00882,Individual,Hyderabad,South,2020-03-12
CU02538,Individual,Bengaluru,South,2025-04-23
CU02314,Individual,Mumbai,West,2026-03-22
CU01231,Individual,Chennai,South,2022-08-24
CU01972,Individual,Mumbai,West,2020-09-01
CU01721,Individual,Bengaluru,South,2020-01-21
CU01455,Individual,Bengaluru,South,2025-01-15
CU00729,Individual,Bengaluru,South,2026-01-22
CU01738,Individual,Chennai,South,2021-07-05
CU02377,Individual,Bengaluru,South,2025-09-13
CU00983,Individual,New Delhi,North,2026-01-22
CU03164,Individual,Pune,West,2024-07-23
CU01687,Individual,New Delhi,North,2026-08-01
CU00668,Individual,New Delhi,North,2024-07-25
CU02804,Individual,New Delhi,North,2025-01-10
CU02533,Individual,Pune,West,2023-10-21
CU00512,Individual,Pune,West,2024-07-03
CU02901,Individual,Pune,West,2022-03-18
CU02977,Individual,Pune,West,2024-03-05
CU02850,Individual,Bengaluru,South,2026-06-08
CU01098,Individual,Kolkata,East,2026-05-02
CU01787,Individual,Mumbai,West,2025-03-21
CU02165,Individual,Pune,West,2023-10-30
CU01364,Individual,Pune,West,2023-10-17
CU01542,Individual,Bengaluru,South,2024-12-28
CU03288,Individual,Bengaluru,South,2024-08-18
CU00713,Individual,Hyderabad,South,2025-03-14
CU01026,Individual,Bengaluru,South,2026-02-03
CU01775,Individual,Hyderabad,South,2026-04-16
CU01520,Individual,Hyderabad,South,2026-05-19
CU01465,Individual,Chennai,South,2026-01-12
CU02536,Individual,Bengaluru,South,2025-08-07
CU00394,Individual,Bengaluru,South,2020-04-28
CU02092,Individual,Mumbai,West,2024-07-19
CU03154,Individual,Chennai,South,2026-01-31
CU03042,Individual,Kolkata,East,2026-01-28
CU02511,Individual,Mumbai,West,2025-10-01
CU02202,Individual,Chennai,South,2024-06-23
CU01632,Individual,New Delhi,North,2025-12-28
CU01593,Individual,Mumbai,West,2024-04-29
CU02961,Individual,Kolkata,East,2021-07-15
CU01887,Individual,Chennai,South,2026-03-15
CU01905,Individual,Bengaluru,South,2026-03-07
CU03099,Individual,Bengaluru,South,2024-01-16
CU01688,Individual,Chennai,South,2025-05-18
CU01355,Individual,Bengaluru,South,2026-07-29
CU00090,Individual,Bengaluru,South,2022-06-05
CU02794,Individual,Bengaluru,South,2023-05-15
CU02500,Individual,New Delhi,North,2025-11-05
CU00237,Individual,Bengaluru,South,2025-10-04
CU00408,Individual,New Delhi,North,2024-04-26
CU00451,Individual,Bengaluru,South,2025-02-28
CU02899,Individual,Mumbai,West,2026-05-28
CU02916,Individual,New Delhi,North,2022-08-07
CU02829,Individual,Mumbai,West,2020-04-12
CU00404,Individual,Bengaluru,South,2024-10-05
CU00364,Individual,Bengaluru,South,2025-01-30
CU03179,Individual,Kolkata,East,2025-06-06
CU02733,Individual,Mumbai,West,2025-11-06
CU02675,Individual,New Delhi,North,2026-01-14
CU00363,Individual,Pune,West,2021-04-29
CU02448,Individual,Chennai,South,2024-12-20
CU00836,Individual,Bengaluru,South,2026-01-22
CU00112,Individual,Hyderabad,South,2026-04-23
CU00993,Individual,Hyderabad,South,2025-05-27
CU01248,Individual,Mumbai,West,2024-06-29
CU01700,Individual,Bengaluru,South,2026-08-26
CU02185,Individual,Bengaluru,South,2025-07-14
CU02243,Individual,Mumbai,West,2026-04-13
CU00214,Individual,Hyderabad,South,2026-08-25
CU00025,Individual,New Delhi,North,2025-10-29
CU01667,Individual,Mumbai,West,2025-05-12
CU00285,Individual,Bengaluru,South,2024-01-28
CU02070,Individual,Bengaluru,South,2026-06-21
CU02486,Individual,New Delhi,North,2024-08-28
CU02384,Individual,Mumbai,West,2024-07-12
CU01615,Individual,Chennai,South,2025-07-26
CU02161,Individual,Bengaluru,South,2020-09-13
CU03280,Individual,Bengaluru,South,2022-01-02
CU03046,Individual,Kolkata,East,2024-08-17
CU00388,Individual,Bengaluru,South,2022-08-09
CU02787,Individual,Bengaluru,South,2025-01-13
CU00689,Individual,Bengaluru,South,2021-03-04
CU01122,Individual,Bengaluru,South,2024-12-12
CU00541,Individual,Pune,West,2024-12-07
CU01274,Individual,Kolkata,East,2024-02-13
CU01148,Individual,Hyderabad,South,2025-03-26
CU00004,Individual,Bengaluru,South,2021-07-11
CU03175,Individual,Bengaluru,South,2026-08-09
CU01771,Individual,Kolkata,East,2026-01-06
CU02009,Individual,Pune,West,2025-08-11
CU03232,Individual,Hyderabad,South,2025-06-03
CU01622,Individual,Bengaluru,South,2024-08-16
CU02746,Individual,Kolkata,East,2025-02-10
CU02182,Individual,Chennai,South,2025-08-22
CU02148,Individual,Hyderabad,South,2024-09-11
CU01880,Individual,Bengaluru,South,2025-07-07
CU02304,Individual,Mumbai,West,2023-10-28
CU01070,Fleet,Bengaluru,South,2020-01-18
CU03157,Individual,Bengaluru,South,2025-03-27
CU01755,Individual,Bengaluru,South,2026-02-09
CU02064,Individual,Chennai,South,2024-08-31
CU02077,Individual,Bengaluru,South,2021-12-19
CU02904,Individual,Mumbai,West,2025-02-03
CU02215,Individual,Bengaluru,South,2022-08-20
CU00660,Individual,Chennai,South,2025-02-19
CU02278,Individual,Hyderabad,South,2026-03-07
CU03029,Individual,New Delhi,North,2024-11-24
CU01586,Individual,Chennai,South,2020-06-26
CU03069,Individual,Bengaluru,South,2025-09-27
CU03207,Individual,Hyderabad,South,2025-07-26
CU02163,Individual,Mumbai,West,2026-08-17
CU00900,Individual,New Delhi,North,2026-02-18
CU01679,Individual,Pune,West,2022-08-13
CU00651,Individual,Bengaluru,South,2025-05-30
CU01997,Fleet,Mumbai,West,2020-09-30
CU00515,Individual,New Delhi,North,2021-05-20
CU02028,Individual,Kolkata,East,2024-08-14
CU01532,Individual,Kolkata,East,2024-08-23
CU03188,Individual,New Delhi,North,2025-09-12
CU01789,Individual,Bengaluru,South,2021-03-30
CU00327,Individual,Bengaluru,South,2025-12-02
CU00879,Individual,Pune,West,2026-05-20
CU00401,Fleet,Chennai,South,2020-06-18
CU00764,Fleet,Chennai,South,2021-03-02
CU01305,Individual,Bengaluru,South,2026-03-23
CU02471,Individual,Hyderabad,South,2025-09-15
CU00564,Individual,Kolkata,East,2025-03-17
CU03120,Individual,Mumbai,West,2026-05-14
CU00774,Individual,New Delhi,North,2025-08-26
CU00489,Individual,Chennai,South,2020-07-28
CU01279,Individual,Bengaluru,South,2020-04-01
CU01224,Individual,Kolkata,East,2025-10-11
CU02245,Individual,Bengaluru,South,2025-07-06
CU00570,Fleet,Mumbai,West,2020-06-09
CU00644,Individual,Mumbai,West,2024-12-21
CU02453,Individual,Pune,West,2025-08-28
CU01753,Individual,New Delhi,North,2026-03-15
CU01244,Individual,New Delhi,North,2025-01-13
CU02293,Individual,Bengaluru,South,2026-05-05
CU01844,Individual,New Delhi,North,2024-03-21
CU03006,Individual,Bengaluru,South,2020-04-20
CU00252,Individual,Bengaluru,South,2026-06-16
CU02189,Individual,Kolkata,East,2026-07-11
CU02610,Individual,Kolkata,East,2026-08-25
CU00030,Individual,Hyderabad,South,2025-08-14
CU02966,Individual,Chennai,South,2023-12-22
CU03127,Individual,Bengaluru,South,2025-09-05
CU00913,Individual,Bengaluru,South,2026-08-01
CU02455,Individual,Chennai,South,2024-10-15
CU01602,Individual,Mumbai,West,2025-09-16
CU00513,Individual,Bengaluru,South,2022-07-22
CU01624,Individual,Hyderabad,South,2021-11-28
CU01959,Fleet,New Delhi,North,2021-05-03
CU00344,Individual,Hyderabad,South,2026-03-23
CU01638,Individual,Mumbai,West,2025-09-30
CU03017,Individual,Chennai,South,2020-06-18
CU00256,Individual,New Delhi,North,2025-05-09
CU02793,Individual,New Delhi,North,2024-06-25
CU03313,Corporate,Kolkata,East,2021-02-02
CU03059,Individual,Chennai,South,2026-01-03
CU01551,Individual,Bengaluru,South,2023-05-04
CU01611,Individual,Hyderabad,South,2020-09-23
CU00761,Individual,Chennai,South,2023-12-21
CU02004,Individual,Mumbai,West,2021-03-02
CU00357,Individual,New Delhi,North,2025-11-04
CU01549,Individual,Bengaluru,South,2025-02-13
CU00904,Individual,Chennai,South,2025-06-21
CU00649,Individual,Mumbai,West,2025-07-13
CU01099,Individual,Kolkata,East,2024-12-10
CU02981,Fleet,Bengaluru,South,2020-08-23
CU00654,Individual,Kolkata,East,2026-09-09
CU03299,Individual,Chennai,South,2025-12-31
CU00583,Individual,Chennai,South,2026-02-11
CU01801,Individual,Chennai,South,2026-02-11
CU00753,Individual,Hyderabad,South,2025-01-25
CU01946,Individual,Bengaluru,South,2021-10-21
CU02815,Fleet,Kolkata,East,2020-09-02
CU01278,Fleet,New Delhi,North,2020-11-23
CU01315,Individual,Chennai,South,2024-03-18
CU00811,Individual,Bengaluru,South,2024-03-11
CU02479,Individual,New Delhi,North,2025-10-02
CU00520,Individual,New Delhi,North,2023-05-10
CU01881,Individual,Bengaluru,South,2026-03-08
CU03194,Individual,Bengaluru,South,2025-11-04
CU02265,Individual,Hyderabad,South,2024-01-10
CU02674,Individual,Chennai,South,2023-11-27
CU02557,Individual,Bengaluru,South,2026-01-25
CU00153,Individual,Kolkata,East,2025-11-04
CU00604,Fleet,Bengaluru,South,2020-03-08
CU00669,Individual,Bengaluru,South,2026-09-06
CU03267,Individual,Bengaluru,South,2023-09-22
CU03011,Individual,Kolkata,East,2024-08-26
CU02828,Individual,Chennai,South,2025-10-11
CU01180,Fleet,Bengaluru,South,2022-02-22
CU01950,Individual,Bengaluru,South,2026-06-02
CU01572,Individual,Mumbai,West,2026-08-22
CU01798,Individual,Bengaluru,South,2024-12-04
CU00625,Individual,Bengaluru,South,2024-05-14
CU02232,Individual,Bengaluru,South,2026-06-30
CU02869,Individual,Kolkata,East,2024-08-25
CU03041,Individual,Bengaluru,South,2026-02-14
CU00016,Individual,Kolkata,East,2023-03-09
CU01734,Individual,Mumbai,West,2024-08-17
CU02754,Individual,Mumbai,West,2021-06-25
CU03248,Individual,Kolkata,East,2024-12-07
CU02558,Individual,Kolkata,East,2020-05-02
CU02399,Individual,Bengaluru,South,2021-05-15
CU00108,Individual,Pune,West,2025-04-18
CU03162,Individual,Pune,West,2026-01-09
CU01304,Individual,Bengaluru,South,2022-06-21
CU00290,Individual,Kolkata,East,2023-06-21
CU00190,Fleet,Hyderabad,South,2020-11-15
CU00458,Individual,Bengaluru,South,2023-12-28
CU01390,Individual,Bengaluru,South,2026-02-04
CU02055,Individual,Mumbai,West,2022-12-28
CU02911,Individual,New Delhi,North,2025-06-24
CU01458,Individual,Hyderabad,South,2024-03-10
CU01779,Individual,Hyderabad,South,2026-01-23
CU01258,Individual,Kolkata,East,2023-02-27
CU00679,Individual,Pune,West,2026-06-13
CU02349,Individual,Chennai,South,2026-09-05
CU01903,Individual,Bengaluru,South,2022-09-14
CU00406,Individual,Mumbai,West,2025-08-22
CU01155,Individual,Bengaluru,South,2024-03-03
CU00765,Individual,Mumbai,West,2022-05-14
CU02273,Individual,Bengaluru,South,2024-10-09
CU00437,Individual,Chennai,South,2022-07-04
CU00400,Individual,Chennai,South,2024-09-12
CU02827,Individual,Hyderabad,South,2026-09-07
CU02687,Individual,Bengaluru,South,2026-06-28
CU01125,Individual,Bengaluru,South,2021-03-06
CU00718,Individual,Bengaluru,South,2026-08-22
CU02800,Fleet,Chennai,South,2021-01-19
CU00853,Individual,Kolkata,East,2025-06-25
CU02784,Individual,New Delhi,North,2024-06-10
CU02321,Individual,Bengaluru,South,2024-03-02
CU01614,Individual,Bengaluru,South,2024-06-08
CU01476,Individual,Bengaluru,South,2024-08-21
CU02169,Individual,New Delhi,North,2020-01-22
CU00023,Individual,Bengaluru,South,2023-01-23
CU01343,Individual,Bengaluru,South,2023-05-17
CU00696,Individual,Bengaluru,South,2026-02-18
CU01623,Individual,Pune,West,2025-02-09
CU00152,Individual,Hyderabad,South,2024-10-12
CU02026,Individual,Bengaluru,South,2025-10-26
CU01649,Individual,Bengaluru,South,2024-09-16
CU00991,Individual,Kolkata,East,2024-08-02
CU01582,Individual,Bengaluru,South,2021-12-27
CU00547,Individual,Bengaluru,South,2025-02-24
CU00231,Individual,Bengaluru,South,2020-08-28
CU03303,Individual,Kolkata,East,2025-01-09
CU01192,Individual,Bengaluru,South,2024-04-10
CU00906,Individual,Pune,West,2026-07-18
CU00110,Individual,Bengaluru,South,2021-04-11
CU01607,Individual,Bengaluru,South,2026-03-10
CU01256,Individual,Bengaluru,South,2025-01-05
CU01247,Individual,Mumbai,West,2020-09-13
CU01445,Individual,Chennai,South,2025-05-27
CU02670,Fleet,New Delhi,North,2022-03-09
CU02555,Individual,Bengaluru,South,2020-11-23
CU02576,Individual,New Delhi,North,2026-04-07
CU01494,Individual,Bengaluru,South,2023-12-12
CU02602,Individual,Hyderabad,South,2022-03-10
CU00934,Individual,New Delhi,North,2024-09-28
CU00191,Individual,Bengaluru,South,2026-06-28
CU01483,Fleet,Bengaluru,South,2021-10-26
CU01260,Individual,Hyderabad,South,2025-12-15
CU02462,Individual,Chennai,South,2024-07-01
CU00002,Individual,Pune,West,2025-01-05
CU02311,Individual,Bengaluru,South,2026-02-16
CU03298,Individual,New Delhi,North,2026-06-23
CU02788,Individual,Bengaluru,South,2025-06-07
CU03081,Fleet,Mumbai,West,2021-03-02
CU01132,Individual,New Delhi,North,2024-03-21
CU02300,Individual,Hyderabad,South,2021-03-22
CU02356,Individual,Pune,West,2026-08-28
CU01994,Individual,Bengaluru,South,2025-09-16
CU01635,Individual,Bengaluru,South,2026-05-28
CU03130,Fleet,New Delhi,North,2020-10-29
CU02717,Individual,New Delhi,North,2026-05-24
CU00326,Individual,Bengaluru,South,2025-03-12
CU00346,Individual,Bengaluru,South,2025-04-11
CU00147,Individual,New Delhi,North,2025-05-06
CU01029,Individual,Bengaluru,South,2025-04-19
CU01653,Individual,Bengaluru,South,2026-01-29
CU01694,Individual,New Delhi,North,2025-11-27
CU01291,Individual,Hyderabad,South,2025-08-12
CU00171,Individual,Mumbai,West,2025-11-17
CU03058,Individual,Chennai,South,2021-03-19
CU00573,Individual,Kolkata,East,2021-05-16
CU00080,Individual,Chennai,South,2026-01-14
CU01820,Individual,Bengaluru,South,2021-11-01
CU03002,Individual,Chennai,South,2026-03-04
CU00470,Individual,Kolkata,East,2021-09-07
CU02433,Individual,Hyderabad,South,2025-09-13
CU01477,Individual,Mumbai,West,2024-03-23
CU02040,Individual,Kolkata,East,2024-09-30
CU02123,Individual,Bengaluru,South,2025-07-05
CU02393,Individual,Hyderabad,South,2023-11-19
CU02690,Individual,Pune,West,2026-01-08
CU02580,Individual,New Delhi,North,2020-11-30
CU01612,Individual,Hyderabad,South,2025-11-28
CU00789,Individual,Pune,West,2025-06-12
CU02320,Individual,Kolkata,East,2026-05-14
CU03336,Individual,Chennai,South,2026-01-19
CU00883,Individual,Bengaluru,South,2024-09-05
CU01585,Individual,Bengaluru,South,2026-05-02
CU01261,Individual,Bengaluru,South,2024-10-22
CU01610,Individual,New Delhi,North,2020-07-24
CU03216,Individual,Bengaluru,South,2025-02-12
CU01091,Fleet,Bengaluru,South,2020-04-18
CU02712,Individual,New Delhi,North,2025-07-20
CU02989,Individual,New Delhi,North,2025-06-12
CU02962,Individual,Bengaluru,South,2026-09-04
CU02738,Individual,Bengaluru,South,2025-08-24
CU02710,Individual,New Delhi,North,2024-06-09
CU01608,Individual,Kolkata,East,2025-03-16
CU01804,Fleet,New Delhi,North,2020-02-23
CU01735,Individual,Kolkata,East,2021-07-16
CU02574,Individual,Bengaluru,South,2020-10-12
CU02521,Individual,Bengaluru,South,2026-05-24
CU02240,Individual,Kolkata,East,2024-07-05
CU02776,Individual,New Delhi,North,2020-12-27
CU01507,Fleet,Chennai,South,2020-06-24
CU02595,Individual,Hyderabad,South,2025-08-22
CU00909,Individual,Bengaluru,South,2026-03-28
CU01584,Individual,Mumbai,West,2026-06-29
CU02279,Individual,Bengaluru,South,2022-03-24
CU00146,Individual,Kolkata,East,2024-09-14
CU03198,Individual,Pune,West,2026-04-09
CU01812,Individual,Bengaluru,South,2025-08-17
CU03227,Individual,Bengaluru,South,2025-03-22
CU02244,Individual,Mumbai,West,2025-09-25
CU01571,Individual,Chennai,South,2024-06-08
CU02568,Individual,Bengaluru,South,2024-06-26
CU00615,Individual,Kolkata,East,2026-09-04
CU00847,Individual,Bengaluru,South,2024-06-07
CU01282,Individual,Pune,West,2025-12-21
CU00027,Individual,New Delhi,North,2025-09-15
CU00500,Individual,New Delhi,North,2026-09-04
CU00441,Individual,New Delhi,North,2026-08-16
CU01336,Individual,Bengaluru,South,2024-12-03
CU00929,Individual,Bengaluru,South,2026-08-20
CU03068,Individual,Hyderabad,South,2025-03-26
CU00083,Individual,Bengaluru,South,2023-03-11
CU03149,Corporate,Kolkata,East,2020-02-08
CU00612,Individual,New Delhi,North,2021-04-18
CU01230,Individual,Bengaluru,South,2020-07-06
CU02642,Individual,Kolkata,East,2025-02-13
CU03014,Individual,Chennai,South,2026-06-13
CU02765,Individual,Pune,West,2025-04-14
CU01359,Individual,Pune,West,2025-08-13
CU01815,Individual,Hyderabad,South,2026-07-20
CU01529,Individual,New Delhi,North,2026-02-18
CU00398,Individual,New Delhi,North,2022-07-01
CU00113,Individual,Chennai,South,2022-05-20
CU01033,Corporate,Pune,West,2024-12-12
CU00556,Individual,New Delhi,North,2024-06-21
CU00011,Individual,Mumbai,West,2025-11-29
CU03124,Individual,Bengaluru,South,2021-08-04
CU02517,Individual,Kolkata,East,2026-04-07
CU00120,Individual,Bengaluru,South,2026-08-28
CU02752,Individual,New Delhi,North,2024-07-05
CU03225,Individual,Bengaluru,South,2024-08-10
CU01017,Individual,Pune,West,2026-05-30
CU02509,Individual,Kolkata,East,2025-01-11
CU03292,Individual,Chennai,South,2022-02-26
CU02403,Individual,Pune,West,2025-12-03
CU02564,Individual,Pune,West,2025-09-02
CU01031,Individual,Kolkata,East,2026-07-12
CU01670,Individual,Bengaluru,South,2025-03-14
CU03197,Individual,Mumbai,West,2023-10-14
CU03253,Individual,New Delhi,North,2025-01-27
CU00687,Individual,Mumbai,West,2022-07-15
CU02923,Individual,New Delhi,North,2021-01-06
CU02198,Individual,Kolkata,East,2025-04-13
CU02515,Individual,New Delhi,North,2025-01-23
CU00910,Individual,Hyderabad,South,2024-10-12
CU02369,Individual,Chennai,South,2021-11-15
CU00766,Individual,Bengaluru,South,2024-07-20
CU02648,Individual,Mumbai,West,2026-05-01
CU02826,Individual,Bengaluru,South,2024-12-06
CU02659,Individual,Bengaluru,South,2025-04-17
CU03322,Individual,Pune,West,2024-11-08
CU02706,Individual,Kolkata,East,2025-11-29
CU02612,Individual,Hyderabad,South,2025-06-17
CU01093,Individual,Bengaluru,South,2025-08-21
CU03203,Individual,Chennai,South,2026-04-10
CU03167,Individual,Bengaluru,South,2025-03-20
CU00755,Fleet,Bengaluru,South,2020-06-03
CU02570,Individual,Chennai,South,2026-03-28
CU02440,Individual,Bengaluru,South,2021-03-08
CU02958,Individual,Bengaluru,South,2021-12-17
CU01068,Individual,Hyderabad,South,2023-03-24
CU02484,Individual,New Delhi,North,2025-01-10
CU00876,Individual,Bengaluru,South,2024-10-31
CU02959,Individual,Kolkata,East,2026-04-30
CU03009,Individual,Hyderabad,South,2023-06-12
CU00325,Individual,Mumbai,West,2026-08-19
CU00365,Individual,Chennai,South,2025-10-24
CU01875,Individual,Kolkata,East,2024-04-08
