feedback_id,work_order_id,rating,feedback_category,feedback_date
FB003606,WO007098,4,Staff Behaviour,2025-08-29
FB004941,WO009719,2,Parts Availability,2025-11-12
FB006809,WO013533,4,Positive Experience,2026-02-18
FB010696,WO021183,3,Turnaround Time,2026-08-04
FB000742,WO001475,5,Service Quality,2025-03-08
FB010550,WO020899,4,Positive Experience,2026-07-31
FB001831,WO003648,3,Pricing,2025-05-25
FB007578,WO015066,5,Service Quality,2026-03-29
FB000891,WO001754,3,Repeat Issue,2025-03-18
FB000607,WO001198,3,Turnaround Time,2025-02-24
FB009265,WO018448,4,Service Quality,2026-06-13
FB004602,WO009048,4,Positive Experience,2025-10-17
FB012084,WO023792,3,Turnaround Time,2026-09-26
FB010829,WO021444,3,Turnaround Time,2026-08-11
FB011038,WO021826,3,Turnaround Time,2026-08-20
FB009590,WO019080,4,Positive Experience,2026-06-26
FB009808,WO019469,4,Positive Experience,2026-07-05
FB007823,WO015586,3,Parts Availability,2026-04-20
FB002457,WO004903,3,Pricing,2025-06-30
FB010051,WO019925,4,Staff Behaviour,2026-07-12
FB002070,WO004157,4,Positive Experience,2025-06-09
FB003450,WO006802,4,Positive Experience,2025-08-20
FB003699,WO007270,4,Positive Experience,2025-09-01
FB007545,WO015005,4,Staff Behaviour,2026-03-29
FB010328,WO020475,3,Repeat Issue,2026-07-22
FB005190,WO010249,5,Staff Behaviour,2025-11-22
FB003054,WO006064,5,Positive Experience,2025-07-31
FB004750,WO009327,4,Service Quality,2025-10-27
FB003402,WO006706,5,Service Quality,2025-08-17
FB004003,WO007879,4,Staff Behaviour,2025-09-15
FB006800,WO013512,4,Positive Experience,2026-02-19
FB004947,WO009731,4,Positive Experience,2025-11-08
FB002956,WO005880,3,Turnaround Time,2025-07-28
FB000470,WO000898,3,Repeat Issue,2025-02-11
FB001339,WO002662,5,Positive Experience,2025-04-19
FB011658,WO022986,4,Service Quality,2026-09-08
FB003969,WO007805,3,Turnaround Time,2025-09-13
FB005430,WO010763,4,Positive Experience,2025-12-04
FB009546,WO018995,5,Positive Experience,2026-06-24
FB001103,WO002176,3,Parts Availability,2025-04-06
FB007216,WO014345,4,Service Quality,2026-03-10
FB006639,WO013184,3,Turnaround Time,2026-02-11
FB006158,WO012219,4,Service Quality,2026-01-14
FB010793,WO021383,2,Turnaround Time,2026-08-09
FB010483,WO020779,3,Turnaround Time,2026-07-30
FB002919,WO005812,3,Waiting Time,2025-07-25
FB009474,WO018850,4,Positive Experience,2026-06-22
FB004017,WO007904,4,Positive Experience,2025-09-18
FB000646,WO001276,4,Positive Experience,2025-02-25
FB002742,WO005458,5,Positive Experience,2025-07-13
FB010617,WO021012,3,Turnaround Time,2026-08-05
FB007203,WO014319,4,Staff Behaviour,2026-03-10
FB011807,WO023239,4,Positive Experience,2026-09-13
FB002732,WO005443,5,Positive Experience,2025-07-12
FB000678,WO001340,4,Positive Experience,2025-02-28
FB009036,WO017972,5,Service Quality,2026-06-04
FB000776,WO001550,2,Turnaround Time,2025-03-11
FB006595,WO013108,3,Communication,2026-02-07
FB002539,WO005064,5,Positive Experience,2025-07-04
FB009880,WO019596,3,Pricing,2026-07-06
FB006042,WO012005,3,Parts Availability,2026-01-14
FB009458,WO018817,4,Positive Experience,2026-06-23
FB000189,WO000385,3,Parts Availability,2025-01-23
FB005783,WO011499,5,Positive Experience,2025-12-25
FB000298,WO000586,4,Positive Experience,2025-01-30
FB009505,WO018915,4,Staff Behaviour,2026-06-25
FB001048,WO002062,4,Positive Experience,2025-03-26
FB001101,WO002174,5,Positive Experience,2025-03-30
FB003508,WO006907,4,Positive Experience,2025-08-21
FB006938,WO013790,4,Positive Experience,2026-02-28
FB006114,WO012134,4,Positive Experience,2026-01-15
FB002612,WO005193,5,Staff Behaviour,2025-07-06
FB011593,WO022856,4,Staff Behaviour,2026-09-08
FB009836,WO019532,5,Staff Behaviour,2026-07-06
FB000743,WO001477,5,Positive Experience,2025-03-08
FB009668,WO019214,4,Staff Behaviour,2026-06-27
FB011297,WO022325,4,Positive Experience,2026-08-28
FB002345,WO004696,4,Positive Experience,2025-06-22
FB004654,WO009145,4,Staff Behaviour,2025-10-23
FB009570,WO019049,3,Turnaround Time,2026-06-28
FB008229,WO016370,2,Parts Availability,2026-05-13
FB001370,WO002719,4,Staff Behaviour,2025-04-22
FB003383,WO006674,4,Service Quality,2025-08-15
FB007853,WO015646,5,Positive Experience,2026-04-12
FB007446,WO014821,3,Turnaround Time,2026-03-22
FB000687,WO001358,5,Positive Experience,2025-02-28
FB000909,WO001792,5,Staff Behaviour,2025-03-18
FB006177,WO012248,5,Service Quality,2026-01-17
FB001793,WO003573,4,Positive Experience,2025-05-22
FB004115,WO008081,4,Positive Experience,2025-09-23
FB003915,WO007706,3,Turnaround Time,2025-09-11
FB004644,WO009131,4,Positive Experience,2025-10-20
FB006784,WO013483,5,Positive Experience,2026-02-19
FB008509,WO016952,3,Turnaround Time,2026-05-16
FB010765,WO021330,4,Service Quality,2026-08-10
FB003414,WO006738,5,Positive Experience,2025-08-18
FB003016,WO005994,3,Turnaround Time,2025-07-29
FB003552,WO006985,4,Positive Experience,2025-08-24
FB004498,WO008829,3,Turnaround Time,2025-10-13
FB006077,WO012066,3,Turnaround Time,2026-01-14
FB007624,WO015197,4,Service Quality,2026-03-31
FB003641,WO007165,5,Staff Behaviour,2025-08-28
FB001852,WO003690,3,Turnaround Time,2025-05-24
FB009476,WO018853,2,Turnaround Time,2026-06-25
FB004204,WO008251,4,Positive Experience,2025-09-25
FB001893,WO003773,5,Service Quality,2025-05-29
FB009192,WO018298,5,Positive Experience,2026-06-14
FB004216,WO008272,4,Positive Experience,2025-09-29
FB011295,WO022315,3,Repeat Issue,2026-08-29
FB000466,WO000891,4,Service Quality,2025-02-11
FB009862,WO019572,4,Positive Experience,2026-07-04
FB000087,WO000183,5,Service Quality,2025-01-10
FB007133,WO014191,4,Service Quality,2026-03-07
FB001491,WO002959,4,Positive Experience,2025-04-28
FB001941,WO003885,5,Positive Experience,2025-06-01
FB002407,WO004814,4,Positive Experience,2025-06-25
FB002139,WO004278,4,Positive Experience,2025-06-09
FB011800,WO023225,3,Turnaround Time,2026-09-16
FB011091,WO021945,5,Staff Behaviour,2026-08-22
FB006727,WO013369,5,Service Quality,2026-02-15
FB010998,WO021757,4,Positive Experience,2026-08-15
FB012065,WO023753,5,Service Quality,2026-09-23
FB007924,WO015776,5,Positive Experience,2026-04-16
FB011069,WO021897,5,Service Quality,2026-08-19
FB001512,WO002992,5,Positive Experience,2025-05-01
FB000963,WO001897,4,Staff Behaviour,2025-03-23
FB005779,WO011493,4,Service Quality,2025-12-28
FB000336,WO000659,3,Communication,2025-02-02
FB007759,WO015462,4,Positive Experience,2026-04-07
FB008624,WO017162,5,Positive Experience,2026-05-17
FB007637,WO015233,4,Staff Behaviour,2026-04-02
FB006665,WO013244,4,Staff Behaviour,2026-02-14
FB000170,WO000346,4,Positive Experience,2025-01-19
FB008680,WO017279,4,Service Quality,2026-05-22
FB011090,WO021940,3,Turnaround Time,2026-08-22
FB009519,WO018943,5,Positive Experience,2026-06-22
FB002620,WO005221,3,Repeat Issue,2025-07-08
FB011870,WO023363,3,Turnaround Time,2026-09-15
FB008200,WO016304,4,Positive Experience,2026-04-29
FB002060,WO004140,5,Positive Experience,2025-06-08
FB009263,WO018444,4,Positive Experience,2026-06-14
FB001888,WO003753,3,Turnaround Time,2025-05-29
FB008784,WO017481,2,Turnaround Time,2026-05-24
FB000551,WO001085,4,Positive Experience,2025-02-19
FB004850,WO009533,5,Service Quality,2025-11-03
FB006467,WO012854,4,Staff Behaviour,2026-01-31
FB012135,WO023885,2,Parts Availability,2026-09-30
FB005403,WO010715,4,Positive Experience,2025-12-03
FB006658,WO013219,5,Positive Experience,2026-02-10
FB000952,WO001875,4,Staff Behaviour,2025-03-23
FB012267,WO024117,4,Service Quality,2026-10-01
FB010716,WO021222,5,Positive Experience,2026-08-07
FB011240,WO022219,4,Positive Experience,2026-08-27
FB000996,WO001956,5,Service Quality,2025-03-23
FB010058,WO019941,3,Turnaround Time,2026-07-15
FB003912,WO007698,5,Staff Behaviour,2025-09-11
FB001064,WO002093,4,Positive Experience,2025-04-02
FB002526,WO005035,4,Service Quality,2025-07-03
FB001589,WO003141,4,Service Quality,2025-05-04
FB003990,WO007844,3,Turnaround Time,2025-09-15
FB007913,WO015760,4,Service Quality,2026-04-15
FB010613,WO021002,3,Turnaround Time,2026-07-31
FB000969,WO001906,5,Positive Experience,2025-03-23
FB004464,WO008769,5,Staff Behaviour,2025-10-10
FB003835,WO007544,3,Repeat Issue,2025-09-08
FB009480,WO018863,2,Turnaround Time,2026-06-24
FB009100,WO018111,2,Turnaround Time,2026-06-06
FB012090,WO023806,4,Positive Experience,2026-09-24
FB010174,WO020163,3,Staff Behaviour,2026-07-16
FB004722,WO009281,3,Turnaround Time,2025-10-26
FB007918,WO015767,4,Positive Experience,2026-04-16
FB006469,WO012859,4,Positive Experience,2026-02-06
FB010568,WO020927,4,Positive Experience,2026-07-30
FB008418,WO016764,4,Staff Behaviour,2026-05-08
FB005490,WO010881,4,Service Quality,2025-12-08
FB011591,WO022854,4,Positive Experience,2026-09-05
FB000550,WO001084,4,Positive Experience,2025-02-18
FB002607,WO005184,5,Positive Experience,2025-07-06
FB006403,WO012723,5,Positive Experience,2026-01-31
FB004873,WO009584,5,Positive Experience,2025-11-03
FB007043,WO014002,4,Service Quality,2026-03-06
FB012143,WO023893,4,Service Quality,2026-09-26
FB010848,WO021481,3,Turnaround Time,2026-08-14
FB004914,WO009667,5,Positive Experience,2025-11-07
FB007264,WO014435,5,Service Quality,2026-03-13
FB006757,WO013422,4,Positive Experience,2026-02-15
FB002208,WO004412,5,Staff Behaviour,2025-06-16
FB007083,WO014086,4,Positive Experience,2026-03-07
FB003456,WO006813,3,Parts Availability,2025-08-22
FB003007,WO005968,3,Turnaround Time,2025-07-28
FB000931,WO001834,5,Service Quality,2025-03-21
FB006849,WO013616,3,Service Quality,2026-02-22
FB006298,WO012500,5,Positive Experience,2026-01-22
FB003288,WO006479,5,Positive Experience,2025-08-10
FB011529,WO022739,4,Positive Experience,2026-09-04
FB001561,WO003072,5,Staff Behaviour,2025-05-04
FB003934,WO007755,4,Positive Experience,2025-09-13
FB003565,WO007017,4,Staff Behaviour,2025-08-26
FB001045,WO002059,4,Service Quality,2025-03-27
FB011609,WO022885,3,Turnaround Time,2026-09-07
FB003255,WO006414,5,Positive Experience,2025-08-10
FB011107,WO021969,3,Turnaround Time,2026-08-21
FB007592,WO015116,5,Positive Experience,2026-03-31
FB001901,WO003795,5,Positive Experience,2025-05-27
FB006063,WO012045,4,Positive Experience,2026-01-12
FB006640,WO013188,5,Positive Experience,2026-02-12
FB011974,WO023590,3,Turnaround Time,2026-09-22
FB001006,WO001976,5,Service Quality,2025-03-27
FB003320,WO006536,4,Positive Experience,2025-08-14
FB003707,WO007283,3,Communication,2025-08-30
FB011624,WO022913,4,Positive Experience,2026-09-09
FB002378,WO004759,4,Service Quality,2025-06-26
FB011025,WO021803,3,Turnaround Time,2026-08-19
FB009066,WO018030,5,Service Quality,2026-06-05
FB001497,WO002967,4,Positive Experience,2025-04-29
FB006527,WO012976,5,Service Quality,2026-02-06
FB007694,WO015346,3,Pricing,2026-04-06
FB011859,WO023343,3,Parts Availability,2026-09-16
FB008265,WO016449,4,Positive Experience,2026-05-02
FB005008,WO009864,4,Positive Experience,2025-11-09
FB001799,WO003588,4,Service Quality,2025-05-22
FB008400,WO016728,4,Positive Experience,2026-05-10
FB011435,WO022548,4,Staff Behaviour,2026-09-01
FB008287,WO016503,4,Positive Experience,2026-05-04
FB008492,WO016914,5,Positive Experience,2026-05-12
FB002808,WO005587,4,Positive Experience,2025-07-19
FB001856,WO003697,5,Positive Experience,2025-05-26
FB011438,WO022555,4,Positive Experience,2026-09-01
FB011852,WO023327,4,Service Quality,2026-09-16
FB008896,WO017690,5,Service Quality,2026-05-29
FB008708,WO017335,5,Service Quality,2026-05-23
FB011617,WO022899,4,Positive Experience,2026-09-10
FB011701,WO023066,3,Repeat Issue,2026-09-12
FB004954,WO009746,3,Turnaround Time,2025-11-08
FB011278,WO022286,3,Turnaround Time,2026-08-27
FB006097,WO012098,4,Service Quality,2026-01-14
FB012164,WO023941,4,Positive Experience,2026-09-28
FB009472,WO018848,4,Positive Experience,2026-06-20
FB000354,WO000689,4,Positive Experience,2025-02-04
FB012238,WO024069,5,Positive Experience,2026-10-01
FB007366,WO014632,4,Positive Experience,2026-03-16
FB010098,WO020013,4,Positive Experience,2026-07-16
FB011887,WO023396,4,Staff Behaviour,2026-09-18
FB007254,WO014413,3,Repeat Issue,2026-03-14
FB011366,WO022435,3,Turnaround Time,2026-08-28
FB010131,WO020083,2,Parts Availability,2026-07-20
FB002515,WO005006,4,Positive Experience,2025-07-03
FB006447,WO012812,3,Turnaround Time,2026-02-02
FB010528,WO020867,4,Positive Experience,2026-07-30
FB011948,WO023548,3,Turnaround Time,2026-09-19
FB011563,WO022802,4,Staff Behaviour,2026-09-04
FB007172,WO014264,5,Positive Experience,2026-03-09
FB008722,WO017356,5,Positive Experience,2026-05-22
FB011922,WO023476,3,Turnaround Time,2026-09-20
FB003636,WO007157,3,Turnaround Time,2025-08-28
FB004643,WO009127,5,Positive Experience,2025-10-22
FB009600,WO019100,4,Positive Experience,2026-06-26
FB004260,WO008345,5,Positive Experience,2025-09-29
FB008581,WO017082,3,Repeat Issue,2026-05-17
FB002330,WO004663,2,Turnaround Time,2025-06-26
FB005880,WO011694,4,Service Quality,2026-01-03
FB001971,WO003947,4,Positive Experience,2025-06-02
FB005320,WO010541,4,Positive Experience,2025-11-30
FB006043,WO012008,4,Staff Behaviour,2026-01-09
FB001879,WO003742,5,Staff Behaviour,2025-05-26
FB007517,WO014939,4,Positive Experience,2026-03-27
FB005885,WO011704,4,Positive Experience,2025-12-31
FB003959,WO007790,4,Positive Experience,2025-09-15
FB006968,WO013852,4,Positive Experience,2026-03-02
FB008106,WO016124,4,Positive Experience,2026-04-25
FB003668,WO007218,5,Positive Experience,2025-08-30
FB009613,WO019125,5,Service Quality,2026-06-29
FB004390,WO008586,4,Positive Experience,2025-10-08
FB011121,WO021989,4,Staff Behaviour,2026-08-21
FB010849,WO021482,4,Positive Experience,2026-08-10
FB011316,WO022357,4,Service Quality,2026-08-28
FB007358,WO014613,4,Service Quality,2026-03-18
FB005801,WO011537,3,Pricing,2025-12-27
FB003812,WO007501,4,Service Quality,2025-09-06
FB012218,WO024026,3,Repeat Issue,2026-10-01
FB012106,WO023836,4,Service Quality,2026-09-26
FB012198,WO023992,4,Positive Experience,2026-09-30
FB004781,WO009393,5,Positive Experience,2025-10-29
FB001099,WO002172,2,Turnaround Time,2025-03-29
FB006887,WO013691,4,Positive Experience,2026-02-24
FB009084,WO018081,5,Positive Experience,2026-06-07
FB009732,WO019321,4,Service Quality,2026-06-30
FB005055,WO009957,5,Positive Experience,2025-11-14
FB003971,WO007808,3,Turnaround Time,2025-09-16
FB008076,WO016068,4,Positive Experience,2026-04-22
FB005276,WO010456,4,Positive Experience,2025-11-25
FB007021,WO013955,4,Positive Experience,2026-03-04
FB002263,WO004517,3,Pricing,2025-06-20
FB005780,WO011495,3,Turnaround Time,2025-12-27
FB001110,WO002193,4,Service Quality,2025-03-31
FB003278,WO006458,5,Positive Experience,2025-08-09
FB010566,WO020924,5,Service Quality,2026-07-31
FB010653,WO021083,3,Turnaround Time,2026-08-04
FB005478,WO010861,3,Service Quality,2025-12-08
FB003352,WO006605,5,Staff Behaviour,2025-08-14
FB012042,WO023709,3,Parts Availability,2026-09-24
FB001934,WO003867,4,Positive Experience,2025-05-31
FB004950,WO009737,3,Repeat Issue,2025-11-09
FB006690,WO013290,5,Positive Experience,2026-02-15
FB001750,WO003487,4,Positive Experience,2025-05-17
FB008461,WO016840,2,Turnaround Time,2026-05-09
FB010988,WO021740,5,Positive Experience,2026-08-15
FB009618,WO019134,2,Turnaround Time,2026-06-29
FB002611,WO005192,5,Positive Experience,2025-07-08
FB001630,WO003220,5,Staff Behaviour,2025-05-08
FB007838,WO015620,4,Positive Experience,2026-04-12
FB002564,WO005104,4,Service Quality,2025-07-07
FB008069,WO016057,4,Staff Behaviour,2026-04-24
FB003714,WO007301,4,Positive Experience,2025-09-01
FB009283,WO018482,4,Positive Experience,2026-06-13
FB003546,WO006978,3,Turnaround Time,2025-08-26
FB012098,WO023820,3,Communication,2026-09-26
FB003693,WO007257,4,Positive Experience,2025-09-02
FB006490,WO012894,3,Turnaround Time,2026-02-05
FB008170,WO016249,4,Service Quality,2026-04-28
FB001181,WO002329,3,Turnaround Time,2025-04-08
FB005543,WO010977,5,Staff Behaviour,2025-12-12
FB005917,WO011773,4,Positive Experience,2026-01-02
FB000163,WO000330,5,Positive Experience,2025-01-19
FB007075,WO014068,5,Positive Experience,2026-03-07
FB003564,WO007016,3,Turnaround Time,2025-08-26
FB008901,WO017697,3,Staff Behaviour,2026-05-28
FB002433,WO004862,3,Communication,2025-06-29
FB010516,WO020848,3,Turnaround Time,2026-07-30
FB011227,WO022195,5,Positive Experience,2026-08-26
FB003485,WO006869,4,Positive Experience,2025-08-22
FB009580,WO019064,3,Parts Availability,2026-06-28
FB001175,WO002320,5,Positive Experience,2025-04-05
FB008215,WO016342,5,Staff Behaviour,2026-04-30
FB007123,WO014166,5,Positive Experience,2026-03-07
FB005005,WO009861,4,Service Quality,2025-11-11
FB000231,WO000466,4,Positive Experience,2025-01-24
FB003197,WO006313,5,Service Quality,2025-08-06
FB010028,WO019887,3,Turnaround Time,2026-07-11
FB007740,WO015420,5,Positive Experience,2026-04-04
FB002169,WO004336,5,Positive Experience,2025-06-14
FB004717,WO009272,4,Service Quality,2025-10-27
FB006397,WO012707,4,Service Quality,2026-01-30
FB011575,WO022819,4,Service Quality,2026-09-07
FB011356,WO022424,4,Service Quality,2026-08-30
FB006722,WO013361,4,Positive Experience,2026-02-13
FB010400,WO020612,3,Parts Availability,2026-08-01
FB008307,WO016541,3,Turnaround Time,2026-05-05
FB001503,WO002975,4,Service Quality,2025-05-01
FB010459,WO020725,2,Repeat Issue,2026-07-27
FB006943,WO013805,5,Positive Experience,2026-02-27
FB010304,WO020418,4,Positive Experience,2026-07-23
FB010077,WO019971,4,Service Quality,2026-07-16
FB002256,WO004498,3,Turnaround Time,2025-06-18
FB004840,WO009516,3,Parts Availability,2025-11-06
FB000347,WO000677,4,Service Quality,2025-02-02
FB011411,WO022506,4,Positive Experience,2026-08-29
FB004833,WO009505,5,Positive Experience,2025-10-31
FB000109,WO000227,4,Staff Behaviour,2025-01-12
FB007056,WO014028,5,Staff Behaviour,2026-03-06
FB009007,WO017912,5,Positive Experience,2026-06-05
FB008964,WO017816,5,Positive Experience,2026-05-31
FB002275,WO004545,4,Staff Behaviour,2025-06-20
FB009359,WO018621,3,Repeat Issue,2026-06-17
FB011757,WO023157,3,Service Quality,2026-09-12
FB011396,WO022485,2,Repeat Issue,2026-09-01
FB011491,WO022653,5,Staff Behaviour,2026-09-04
FB000603,WO001189,4,Service Quality,2025-02-22
FB006979,WO013876,5,Positive Experience,2026-02-27
FB011812,WO023248,3,Turnaround Time,2026-09-16
FB000499,WO000978,5,Positive Experience,2025-02-13
FB004387,WO008580,5,Positive Experience,2025-10-06
FB007774,WO015499,4,Positive Experience,2026-04-07
FB011588,WO022847,3,Turnaround Time,2026-09-08
FB001022,WO001999,4,Service Quality,2025-03-27
FB009006,WO017908,4,Positive Experience,2026-06-05
FB011134,WO022022,5,Staff Behaviour,2026-08-20
FB004467,WO008774,3,Repeat Issue,2025-10-10
FB006523,WO012971,5,Service Quality,2026-02-06
FB009135,WO018184,3,Turnaround Time,2026-06-11
FB012157,WO023927,4,Service Quality,2026-09-26
FB005237,WO010358,5,Positive Experience,2025-11-23
FB005656,WO011224,3,Turnaround Time,2025-12-16
FB011367,WO022436,4,Positive Experience,2026-08-31
FB007311,WO014521,2,Repeat Issue,2026-03-17
FB006304,WO012511,5,Positive Experience,2026-01-23
FB001156,WO002288,4,Service Quality,2025-04-06
FB000063,WO000125,5,Staff Behaviour,2025-01-07
FB011791,WO023214,5,Staff Behaviour,2026-09-12
FB001297,WO002586,5,Positive Experience,2025-04-18
FB004281,WO008387,3,Repeat Issue,2025-10-01
FB001652,WO003269,5,Service Quality,2025-05-12
FB008984,WO017867,5,Positive Experience,2026-06-03
FB002498,WO004981,5,Staff Behaviour,2025-07-01
FB004903,WO009647,5,Positive Experience,2025-11-03
FB009969,WO019787,5,Service Quality,2026-07-11
FB003121,WO006182,5,Positive Experience,2025-08-04
FB000096,WO000196,4,Positive Experience,2025-01-13
FB000472,WO000901,5,Staff Behaviour,2025-02-13
FB003625,WO007136,3,Turnaround Time,2025-08-28
FB009274,WO018466,4,Positive Experience,2026-06-14
FB001813,WO003612,5,Positive Experience,2025-05-21
FB010418,WO020654,5,Staff Behaviour,2026-07-26
FB000517,WO001010,4,Positive Experience,2025-02-15
FB007923,WO015775,4,Service Quality,2026-04-17
FB007757,WO015457,4,Service Quality,2026-04-07
FB009854,WO019561,4,Positive Experience,2026-07-06
FB010548,WO020897,3,Turnaround Time,2026-08-01
FB002853,WO005693,5,Service Quality,2025-07-20
FB010555,WO020908,3,Repeat Issue,2026-07-30
FB011880,WO023382,5,Staff Behaviour,2026-09-18
FB005473,WO010847,4,Positive Experience,2025-12-08
FB012204,WO024001,4,Positive Experience,2026-09-29
FB001305,WO002599,3,Staff Behaviour,2025-04-18
FB003387,WO006679,5,Positive Experience,2025-08-15
FB002014,WO004042,5,Service Quality,2025-06-05
FB001537,WO003027,5,Positive Experience,2025-05-03
FB003723,WO007318,3,Repeat Issue,2025-09-04
FB002211,WO004417,5,Positive Experience,2025-06-16
FB011150,WO022059,3,Communication,2026-08-24
FB001314,WO002616,4,Positive Experience,2025-04-16
FB011016,WO021787,4,Positive Experience,2026-08-16
FB001572,WO003092,4,Positive Experience,2025-05-02
FB009918,WO019683,3,Turnaround Time,2026-07-11
FB000820,WO001636,4,Positive Experience,2025-03-14
FB003289,WO006480,5,Positive Experience,2025-08-12
FB005186,WO010240,5,Positive Experience,2025-11-19
FB002343,WO004688,2,Turnaround Time,2025-06-21
FB011342,WO022405,3,Turnaround Time,2026-08-30
FB010236,WO020278,4,Positive Experience,2026-07-18
FB000708,WO001406,5,Positive Experience,2025-03-04
FB004757,WO009343,5,Staff Behaviour,2025-10-28
FB005952,WO011842,3,Turnaround Time,2026-01-04
FB001040,WO002048,3,Parts Availability,2025-04-04
FB010626,WO021032,5,Positive Experience,2026-08-02
FB000023,WO000051,4,Service Quality,2025-01-02
FB010226,WO020263,4,Positive Experience,2026-07-21
FB008239,WO016397,3,Parts Availability,2026-04-30
FB009673,WO019221,2,Parts Availability,2026-07-02
FB004723,WO009283,4,Positive Experience,2025-10-25
FB006967,WO013849,3,Turnaround Time,2026-03-02
FB010960,WO021700,4,Positive Experience,2026-08-15
FB010248,WO020310,4,Positive Experience,2026-07-19
FB011496,WO022659,5,Service Quality,2026-09-05
FB004051,WO007964,5,Positive Experience,2025-09-21
FB004084,WO008022,4,Service Quality,2025-09-20
FB000745,WO001479,5,Staff Behaviour,2025-03-08
FB009197,WO018310,4,Service Quality,2026-06-12
FB011253,WO022238,5,Positive Experience,2026-08-25
FB001988,WO003985,4,Service Quality,2025-06-01
FB008171,WO016253,3,Turnaround Time,2026-04-26
FB006310,WO012529,4,Service Quality,2026-01-23
FB010593,WO020970,2,Repeat Issue,2026-08-03
FB001465,WO002905,4,Positive Experience,2025-04-26
FB010355,WO020531,3,Turnaround Time,2026-07-26
FB002824,WO005625,4,Positive Experience,2025-07-21
FB009425,WO018762,4,Positive Experience,2026-06-20
FB002809,WO005589,4,Positive Experience,2025-07-19
FB004893,WO009630,2,Repeat Issue,2025-11-03
FB002835,WO005650,4,Positive Experience,2025-07-19
FB010788,WO021375,4,Positive Experience,2026-08-11
FB007033,WO013976,4,Positive Experience,2026-03-04
FB007572,WO015053,5,Positive Experience,2026-03-29
FB012119,WO023862,5,Service Quality,2026-09-26
FB007335,WO014567,3,Turnaround Time,2026-03-16
FB005419,WO010747,4,Positive Experience,2025-12-05
FB001383,WO002738,5,Service Quality,2025-04-20
FB010176,WO020167,5,Positive Experience,2026-07-17
FB009420,WO018755,4,Positive Experience,2026-06-20
FB011840,WO023300,4,Positive Experience,2026-09-14
FB002250,WO004488,4,Service Quality,2025-06-17
FB010990,WO021745,4,Positive Experience,2026-08-17
FB012171,WO023951,2,Turnaround Time,2026-09-28
FB007531,WO014979,4,Service Quality,2026-03-28
FB009632,WO019156,3,Turnaround Time,2026-06-30
FB006244,WO012389,4,Positive Experience,2026-01-22
FB005997,WO011926,3,Communication,2026-01-07
FB005857,WO011646,5,Positive Experience,2026-01-01
FB009299,WO018518,4,Service Quality,2026-06-15
FB002961,WO005894,5,Service Quality,2025-07-26
FB004963,WO009769,5,Service Quality,2025-11-09
FB006680,WO013267,5,Service Quality,2026-02-14
FB009426,WO018763,4,Positive Experience,2026-06-19
FB008765,WO017451,5,Positive Experience,2026-05-23
FB010687,WO021166,3,Turnaround Time,2026-08-05
FB006643,WO013198,4,Positive Experience,2026-02-11
FB011027,WO021805,1,Parts Availability,2026-09-02
FB010428,WO020669,3,Turnaround Time,2026-07-29
FB001082,WO002134,5,Staff Behaviour,2025-03-30
FB001759,WO003499,4,Positive Experience,2025-05-18
FB007093,WO014109,5,Service Quality,2026-03-08
FB008934,WO017763,3,Turnaround Time,2026-06-01
FB012245,WO024079,3,Turnaround Time,2026-10-01
FB000722,WO001433,4,Positive Experience,2025-03-06
FB006859,WO013639,4,Positive Experience,2026-02-21
FB004218,WO008274,4,Positive Experience,2025-09-27
FB002398,WO004795,4,Positive Experience,2025-06-28
FB001889,WO003756,5,Service Quality,2025-05-27
FB006515,WO012952,4,Positive Experience,2026-02-03
FB010651,WO021081,3,Turnaround Time,2026-08-05
FB011426,WO022532,3,Turnaround Time,2026-09-02
FB011533,WO022747,5,Positive Experience,2026-09-05
FB008690,WO017294,4,Staff Behaviour,2026-05-20
FB008199,WO016303,2,Turnaround Time,2026-04-30
FB011827,WO023275,5,Service Quality,2026-09-15
FB000037,WO000072,4,Positive Experience,2025-01-07
FB010665,WO021105,4,Positive Experience,2026-08-04
FB003145,WO006223,5,Service Quality,2025-08-03
FB002599,WO005164,5,Positive Experience,2025-07-07
FB004254,WO008337,3,Turnaround Time,2025-09-30
FB011632,WO022931,4,Staff Behaviour,2026-09-07
FB003137,WO006211,3,Repeat Issue,2025-08-05
FB007588,WO015103,4,Positive Experience,2026-03-30
FB011918,WO023463,5,Service Quality,2026-09-18
FB006522,WO012966,4,Staff Behaviour,2026-02-04
FB001140,WO002254,5,Positive Experience,2025-04-04
FB000373,WO000728,5,Positive Experience,2025-02-05
FB003751,WO007376,5,Positive Experience,2025-09-02
FB010948,WO021673,4,Service Quality,2026-08-17
FB004921,WO009679,3,Parts Availability,2025-11-10
FB004495,WO008825,3,Turnaround Time,2025-10-13
FB010850,WO021483,3,Turnaround Time,2026-08-13
FB011648,WO022965,3,Turnaround Time,2026-09-10
FB004752,WO009335,4,Positive Experience,2025-10-28
FB008567,WO017059,4,Positive Experience,2026-05-14
FB003297,WO006493,5,Positive Experience,2025-08-10
FB007152,WO014224,4,Staff Behaviour,2026-03-09
FB011916,WO023456,4,Positive Experience,2026-09-20
FB003157,WO006240,3,Turnaround Time,2025-08-04
FB004235,WO008308,3,Turnaround Time,2025-09-27
FB006140,WO012190,4,Positive Experience,2026-01-14
FB003938,WO007760,3,Turnaround Time,2025-09-12
FB006587,WO013096,4,Positive Experience,2026-02-07
FB005799,WO011535,4,Positive Experience,2025-12-26
FB003931,WO007742,5,Positive Experience,2025-09-13
FB010403,WO020617,5,Positive Experience,2026-07-24
FB005758,WO011443,3,Turnaround Time,2025-12-24
FB004682,WO009206,4,Service Quality,2025-10-24
FB005787,WO011512,4,Positive Experience,2025-12-27
FB007833,WO015611,4,Service Quality,2026-04-13
FB008518,WO016965,5,Service Quality,2026-05-15
FB010395,WO020602,4,Positive Experience,2026-07-27
FB002536,WO005060,3,Parts Availability,2025-07-11
FB009325,WO018562,5,Positive Experience,2026-06-18
FB002756,WO005480,5,Service Quality,2025-07-17
FB008299,WO016523,4,Positive Experience,2026-05-01
FB006240,WO012383,4,Staff Behaviour,2026-01-21
FB003413,WO006735,3,Turnaround Time,2025-08-18
FB006203,WO012304,5,Positive Experience,2026-01-20
FB000388,WO000753,5,Positive Experience,2025-02-06
FB001608,WO003179,3,Parts Availability,2025-05-18
FB003150,WO006232,5,Service Quality,2025-08-04
FB002887,WO005753,5,Positive Experience,2025-07-22
FB009329,WO018570,3,Turnaround Time,2026-06-17
FB002519,WO005016,4,Service Quality,2025-07-02
FB001329,WO002645,3,Parts Availability,2025-04-26
FB002696,WO005361,5,Positive Experience,2025-07-10
FB004679,WO009203,4,Staff Behaviour,2025-10-24
FB009539,WO018986,4,Positive Experience,2026-06-26
FB003825,WO007528,4,Positive Experience,2025-09-09
FB001810,WO003605,4,Service Quality,2025-05-22
FB000612,WO001204,4,Positive Experience,2025-02-22
FB007953,WO015835,3,Pricing,2026-04-15
FB007385,WO014673,3,Turnaround Time,2026-03-20
FB000705,WO001403,5,Positive Experience,2025-03-02
FB006718,WO013356,3,Turnaround Time,2026-02-15
FB008893,WO017683,4,Positive Experience,2026-05-29
FB000818,WO001634,5,Service Quality,2025-03-13
FB010881,WO021540,4,Positive Experience,2026-08-13
FB004737,WO009303,3,Turnaround Time,2025-10-26
FB009838,WO019535,2,Repeat Issue,2026-07-06
FB000272,WO000529,5,Positive Experience,2025-01-26
FB001225,WO002435,4,Positive Experience,2025-04-09
FB003052,WO006062,5,Positive Experience,2025-07-31
FB004672,WO009179,4,Service Quality,2025-10-24
FB001796,WO003578,5,Positive Experience,2025-05-20
FB003958,WO007789,5,Positive Experience,2025-09-14
FB000027,WO000057,5,Positive Experience,2025-01-04
FB004863,WO009563,5,Service Quality,2025-11-01
FB007975,WO015872,3,Turnaround Time,2026-04-17
FB002247,WO004480,5,Positive Experience,2025-06-15
FB011360,WO022428,5,Positive Experience,2026-08-28
FB002171,WO004340,4,Positive Experience,2025-06-11
FB002541,WO005067,5,Positive Experience,2025-07-03
FB000167,WO000341,4,Staff Behaviour,2025-01-19
FB000271,WO000528,4,Staff Behaviour,2025-01-25
FB011898,WO023414,5,Staff Behaviour,2026-09-17
FB004334,WO008491,4,Positive Experience,2025-10-02
FB005319,WO010540,4,Service Quality,2025-11-27
FB011975,WO023596,3,Turnaround Time,2026-09-19
FB003153,WO006235,5,Positive Experience,2025-08-04
FB008222,WO016355,4,Service Quality,2026-05-01
FB001661,WO003285,5,Positive Experience,2025-05-09
FB010932,WO021650,5,Service Quality,2026-08-15
FB000671,WO001333,4,Staff Behaviour,2025-02-27
FB012021,WO023667,4,Positive Experience,2026-09-21
FB001243,WO002472,3,Turnaround Time,2025-04-13
FB004816,WO009476,4,Positive Experience,2025-11-01
FB001546,WO003052,3,Parts Availability,2025-05-13
FB000758,WO001508,4,Positive Experience,2025-03-09
FB008355,WO016631,5,Positive Experience,2026-05-04
FB010985,WO021735,4,Service Quality,2026-08-17
FB008335,WO016591,3,Turnaround Time,2026-05-05
FB005116,WO010085,5,Positive Experience,2025-11-17
FB010705,WO021198,2,Turnaround Time,2026-08-05
FB011306,WO022341,4,Positive Experience,2026-08-27
FB000651,WO001290,5,Positive Experience,2025-02-25
FB002257,WO004501,4,Positive Experience,2025-06-19
FB011188,WO022128,3,Turnaround Time,2026-08-24
FB009518,WO018941,5,Positive Experience,2026-06-22
FB005956,WO011852,4,Service Quality,2026-01-06
FB012229,WO024045,4,Positive Experience,2026-10-01
FB000592,WO001170,3,Parts Availability,2025-02-25
FB001866,WO003714,2,Parts Availability,2025-06-03
FB011160,WO022083,5,Staff Behaviour,2026-08-22
FB008250,WO016422,4,Positive Experience,2026-04-30
FB006776,WO013466,5,Positive Experience,2026-02-19
FB006889,WO013694,4,Positive Experience,2026-02-24
FB001003,WO001972,4,Staff Behaviour,2025-03-25
FB005821,WO011582,4,Service Quality,2025-12-29
FB004258,WO008343,5,Positive Experience,2025-09-30
FB010878,WO021535,5,Positive Experience,2026-08-12
FB003154,WO006237,4,Positive Experience,2025-08-04
FB001857,WO003698,5,Staff Behaviour,2025-05-24
FB009484,WO018873,4,Service Quality,2026-06-22
FB001702,WO003376,4,Staff Behaviour,2025-05-30
FB007818,WO015578,4,Positive Experience,2026-04-09
FB000437,WO000851,3,Turnaround Time,2025-02-10
FB008414,WO016758,5,Positive Experience,2026-05-08
FB000765,WO001523,4,Positive Experience,2025-03-07
FB010994,WO021750,3,Turnaround Time,2026-08-17
FB001596,WO003149,4,Positive Experience,2025-05-07
FB001585,WO003120,4,Service Quality,2025-05-06
FB003841,WO007560,4,Positive Experience,2025-09-06
FB006287,WO012475,3,Turnaround Time,2026-01-24
FB002894,WO005765,4,Positive Experience,2025-07-22
FB008698,WO017305,5,Positive Experience,2026-05-22
FB000955,WO001880,4,Staff Behaviour,2025-03-23
FB002405,WO004811,5,Positive Experience,2025-06-28
FB008502,WO016938,4,Positive Experience,2026-05-13
FB009232,WO018388,5,Positive Experience,2026-06-14
FB003225,WO006357,4,Service Quality,2025-08-08
FB003464,WO006831,4,Positive Experience,2025-08-22
FB007409,WO014734,4,Positive Experience,2026-03-19
FB001680,WO003321,5,Staff Behaviour,2025-05-11
FB011705,WO023071,3,Communication,2026-09-12
FB004075,WO007996,4,Service Quality,2025-09-20
FB010240,WO020284,3,Turnaround Time,2026-07-21
FB007360,WO014621,3,Service Quality,2026-03-19
FB002103,WO004211,4,Positive Experience,2025-06-09
FB000462,WO000887,4,Service Quality,2025-02-13
FB005981,WO011898,5,Positive Experience,2026-01-05
FB001421,WO002804,5,Positive Experience,2025-04-22
FB002116,WO004236,3,Turnaround Time,2025-06-12
FB009194,WO018300,4,Service Quality,2026-06-14
FB001422,WO002807,5,Service Quality,2025-04-25
FB001072,WO002115,5,Positive Experience,2025-03-28
FB010136,WO020091,5,Positive Experience,2026-07-16
FB008290,WO016509,4,Positive Experience,2026-05-04
FB008014,WO015948,4,Positive Experience,2026-04-21
FB001352,WO002684,5,Service Quality,2025-04-19
FB010542,WO020889,5,Service Quality,2026-07-30
FB006334,WO012580,2,Repeat Issue,2026-01-27
FB010335,WO020494,4,Service Quality,2026-07-24
FB005567,WO011030,4,Service Quality,2025-12-13
FB010061,WO019945,2,Turnaround Time,2026-07-13
FB008696,WO017303,4,Service Quality,2026-05-23
FB005164,WO010204,5,Service Quality,2025-11-19
FB007803,WO015552,4,Positive Experience,2026-04-11
FB011169,WO022100,4,Service Quality,2026-08-24
FB010637,WO021055,2,Turnaround Time,2026-08-04
FB004116,WO008082,5,Positive Experience,2025-09-22
FB005891,WO011719,3,Parts Availability,2026-01-06
FB003556,WO006994,5,Positive Experience,2025-08-24
FB008318,WO016564,2,Turnaround Time,2026-05-03
FB006646,WO013203,4,Service Quality,2026-02-11
FB006279,WO012458,4,Positive Experience,2026-01-22
FB010730,WO021251,3,Pricing,2026-08-07
FB003547,WO006979,5,Service Quality,2025-08-24
FB006797,WO013506,4,Positive Experience,2026-02-17
FB005292,WO010481,4,Service Quality,2025-11-27
FB004499,WO008830,5,Service Quality,2025-10-12
FB009069,WO018038,4,Positive Experience,2026-06-06
FB002216,WO004425,4,Positive Experience,2025-06-14
FB004123,WO008097,4,Positive Experience,2025-09-24
FB003316,WO006527,4,Positive Experience,2025-08-11
FB003568,WO007025,4,Positive Experience,2025-08-26
FB005570,WO011034,4,Positive Experience,2025-12-15
FB008217,WO016347,4,Positive Experience,2026-04-29
FB001467,WO002911,5,Staff Behaviour,2025-04-26
FB001658,WO003281,4,Service Quality,2025-05-12
FB002002,WO004020,5,Positive Experience,2025-06-03
FB005238,WO010363,3,Parts Availability,2025-11-25
FB004050,WO007963,3,Turnaround Time,2025-09-21
FB004237,WO008310,4,Positive Experience,2025-09-29
FB004131,WO008109,4,Staff Behaviour,2025-09-24
FB000404,WO000792,5,Positive Experience,2025-02-06
FB003905,WO007688,5,Positive Experience,2025-09-10
FB005658,WO011229,5,Positive Experience,2025-12-19
FB005725,WO011358,4,Staff Behaviour,2025-12-22
FB011633,WO022933,3,Turnaround Time,2026-09-10
FB011172,WO022103,3,Turnaround Time,2026-08-24
FB004095,WO008042,5,Service Quality,2025-09-20
FB009542,WO018989,4,Positive Experience,2026-06-23
FB011780,WO023199,4,Positive Experience,2026-09-12
FB003179,WO006276,3,Turnaround Time,2025-08-06
FB000036,WO000071,5,Positive Experience,2025-01-03
FB005308,WO010505,5,Service Quality,2025-11-29
FB004857,WO009556,3,Service Quality,2025-11-03
FB009449,WO018801,3,Turnaround Time,2026-06-21
FB005655,WO011220,4,Positive Experience,2025-12-17
FB005078,WO010007,4,Positive Experience,2025-11-14
FB005817,WO011569,3,Turnaround Time,2025-12-27
FB011530,WO022742,5,Positive Experience,2026-09-06
FB000729,WO001442,4,Service Quality,2025-03-07
FB004345,WO008505,3,Repeat Issue,2025-10-04
FB008609,WO017135,5,Positive Experience,2026-05-18
FB008268,WO016458,3,Parts Availability,2026-05-04
FB010558,WO020915,4,Positive Experience,2026-07-31
FB004824,WO009493,4,Positive Experience,2025-11-01
FB006785,WO013486,5,Positive Experience,2026-02-18
FB002928,WO005830,4,Positive Experience,2025-07-25
FB001399,WO002767,4,Service Quality,2025-04-24
FB001948,WO003897,3,Staff Behaviour,2025-05-29
FB001143,WO002258,5,Positive Experience,2025-04-05
FB010252,WO020315,3,Parts Availability,2026-07-22
FB002214,WO004421,4,Service Quality,2025-06-16
FB008270,WO016462,5,Service Quality,2026-05-03
FB000566,WO001122,4,Service Quality,2025-02-19
FB001033,WO002029,5,Positive Experience,2025-03-25
FB003548,WO006980,4,Positive Experience,2025-08-26
FB011560,WO022795,5,Service Quality,2026-09-05
FB012031,WO023686,4,Positive Experience,2026-09-23
FB011796,WO023220,3,Turnaround Time,2026-09-14
FB000913,WO001798,4,Service Quality,2025-03-17
FB009223,WO018374,4,Service Quality,2026-06-13
FB002377,WO004758,4,Positive Experience,2025-06-24
FB001453,WO002885,5,Positive Experience,2025-04-28
FB007541,WO014994,3,Parts Availability,2026-03-29
FB000460,WO000885,3,Turnaround Time,2025-02-13
FB000150,WO000309,5,Positive Experience,2025-01-15
FB008020,WO015959,3,Turnaround Time,2026-04-21
FB002714,WO005405,4,Service Quality,2025-07-14
FB006217,WO012333,3,Turnaround Time,2026-01-18
FB002360,WO004726,4,Service Quality,2025-06-25
FB003498,WO006892,5,Positive Experience,2025-08-22
FB008854,WO017617,3,Turnaround Time,2026-05-29
FB003979,WO007822,5,Service Quality,2025-09-13
FB010111,WO020039,5,Service Quality,2026-07-17
FB009207,WO018332,5,Positive Experience,2026-06-12
FB000693,WO001381,3,Turnaround Time,2025-03-02
FB002079,WO004171,4,Positive Experience,2025-06-09
FB010360,WO020536,5,Positive Experience,2026-07-25
FB008107,WO016126,5,Positive Experience,2026-04-22
FB006936,WO013788,3,Turnaround Time,2026-02-28
FB004231,WO008301,2,Turnaround Time,2025-09-30
FB012092,WO023809,4,Service Quality,2026-09-25
FB011418,WO022517,5,Positive Experience,2026-08-30
FB000534,WO001043,2,Turnaround Time,2025-02-17
FB003181,WO006283,5,Service Quality,2025-08-07
FB007285,WO014473,4,Positive Experience,2026-03-13
FB001320,WO002631,4,Staff Behaviour,2025-04-17
FB001563,WO003077,4,Staff Behaviour,2025-05-03
FB010140,WO020103,3,Turnaround Time,2026-07-15
FB002628,WO005231,4,Positive Experience,2025-07-08
FB007321,WO014542,5,Service Quality,2026-03-16
FB001602,WO003163,4,Positive Experience,2025-05-06
FB009390,WO018678,5,Positive Experience,2026-06-20
FB001270,WO002527,4,Service Quality,2025-04-13
FB001543,WO003046,5,Positive Experience,2025-05-01
FB006221,WO012343,4,Staff Behaviour,2026-01-19
FB009342,WO018594,5,Positive Experience,2026-06-19
FB008073,WO016063,4,Staff Behaviour,2026-04-23
FB008435,WO016792,5,Positive Experience,2026-05-11
FB011168,WO022099,4,Positive Experience,2026-08-23
FB003002,WO005961,2,Turnaround Time,2025-07-28
FB006899,WO013709,5,Service Quality,2026-02-25
FB006215,WO012330,2,Turnaround Time,2026-01-20
FB011205,WO022155,4,Positive Experience,2026-08-22
FB010798,WO021390,2,Turnaround Time,2026-08-08
FB012152,WO023910,3,Turnaround Time,2026-09-26
FB003545,WO006977,3,Turnaround Time,2025-08-24
FB004440,WO008711,5,Positive Experience,2025-10-12
FB008859,WO017626,4,Service Quality,2026-05-28
FB011510,WO022692,2,Parts Availability,2026-09-11
FB008484,WO016902,4,Positive Experience,2026-05-13
FB004877,WO009590,4,Service Quality,2025-11-01
FB009226,WO018381,3,Turnaround Time,2026-06-12
FB006541,WO013003,4,Positive Experience,2026-02-07
FB007119,WO014161,4,Positive Experience,2026-03-08
FB009339,WO018588,4,Service Quality,2026-06-19
FB008117,WO016145,5,Positive Experience,2026-04-24
FB006605,WO013124,3,Turnaround Time,2026-02-07
FB003671,WO007221,4,Positive Experience,2025-08-31
FB002657,WO005291,4,Positive Experience,2025-07-10
FB010623,WO021025,4,Positive Experience,2026-08-01
FB004252,WO008333,5,Service Quality,2025-09-27
FB004316,WO008450,5,Service Quality,2025-10-03
FB002313,WO004625,5,Positive Experience,2025-06-23
FB000110,WO000230,5,Service Quality,2025-01-12
FB003280,WO006462,3,Repeat Issue,2025-08-12
FB009139,WO018193,5,Staff Behaviour,2026-06-08
FB005921,WO011779,2,Turnaround Time,2026-01-03
FB007082,WO014079,5,Service Quality,2026-03-05
FB002399,WO004800,4,Positive Experience,2025-06-26
FB006280,WO012460,4,Positive Experience,2026-01-21
FB003808,WO007495,3,Parts Availability,2025-09-09
FB010597,WO020977,3,Parts Availability,2026-08-11
FB008447,WO016812,5,Positive Experience,2026-05-11
FB009277,WO018469,3,Turnaround Time,2026-06-15
FB008165,WO016240,5,Service Quality,2026-04-26
FB010885,WO021547,4,Service Quality,2026-08-12
FB000932,WO001837,3,Turnaround Time,2025-03-20
FB009198,WO018314,4,Positive Experience,2026-06-24
FB007243,WO014395,3,Staff Behaviour,2026-03-12
FB006227,WO012361,5,Positive Experience,2026-01-17
FB010744,WO021279,5,Service Quality,2026-08-06
FB003049,WO006058,4,Staff Behaviour,2025-07-31
FB009485,WO018877,3,Turnaround Time,2026-06-22
FB001499,WO002969,4,Positive Experience,2025-04-29
FB003122,WO006183,4,Positive Experience,2025-08-05
FB005849,WO011633,4,Staff Behaviour,2026-01-01
FB001267,WO002515,5,Positive Experience,2025-04-14
FB007273,WO014456,5,Staff Behaviour,2026-03-13
FB001403,WO002777,4,Positive Experience,2025-04-24
FB003447,WO006798,4,Positive Experience,2025-08-21
FB002126,WO004255,4,Staff Behaviour,2025-06-12
FB005376,WO010653,5,Staff Behaviour,2025-12-02
FB010448,WO020706,5,Staff Behaviour,2026-07-25
FB012246,WO024080,4,Positive Experience,2026-10-02
FB006991,WO013901,5,Positive Experience,2026-03-03
FB010797,WO021389,4,Staff Behaviour,2026-08-10
FB002788,WO005542,4,Positive Experience,2025-07-17
FB007284,WO014472,2,Repeat Issue,2026-03-15
FB010491,WO020795,3,Turnaround Time,2026-07-31
FB002769,WO005497,5,Service Quality,2025-07-17
FB004564,WO008954,3,Repeat Issue,2025-10-16
FB006299,WO012504,5,Staff Behaviour,2026-01-25
FB005582,WO011061,4,Positive Experience,2025-12-14
FB009911,WO019669,4,Positive Experience,2026-07-07
FB005584,WO011063,3,Turnaround Time,2025-12-13
FB003131,WO006199,4,Positive Experience,2025-08-07
FB009925,WO019705,4,Positive Experience,2026-07-10
FB009042,WO017985,5,Staff Behaviour,2026-06-03
FB002872,WO005725,3,Parts Availability,2025-08-03
FB004956,WO009750,3,Parts Availability,2025-11-08
FB006942,WO013802,4,Positive Experience,2026-02-27
FB000188,WO000381,3,Parts Availability,2025-01-25
FB004462,WO008766,5,Positive Experience,2025-10-13
FB011113,WO021978,3,Turnaround Time,2026-08-22
FB009487,WO018880,3,Repeat Issue,2026-06-24
FB012221,WO024030,4,Service Quality,2026-10-02
FB007461,WO014842,3,Turnaround Time,2026-03-24
FB000714,WO001418,5,Positive Experience,2025-03-06
FB001812,WO003610,5,Positive Experience,2025-05-21
FB007394,WO014688,4,Positive Experience,2026-03-19
FB003480,WO006853,3,Turnaround Time,2025-08-20
FB005693,WO011295,3,Turnaround Time,2025-12-21
FB010882,WO021541,3,Turnaround Time,2026-08-13
FB004012,WO007899,5,Service Quality,2025-09-16
FB006630,WO013170,5,Service Quality,2026-02-12
FB007138,WO014199,3,Turnaround Time,2026-03-12
FB004040,WO007946,4,Positive Experience,2025-09-18
FB008769,WO017459,3,Parts Availability,2026-05-26
FB008051,WO016015,3,Parts Availability,2026-04-23
FB007261,WO014431,4,Service Quality,2026-03-13
FB008790,WO017488,5,Positive Experience,2026-05-26
FB003847,WO007573,4,Service Quality,2025-09-06
FB009847,WO019551,4,Positive Experience,2026-07-07
FB001090,WO002154,5,Staff Behaviour,2025-03-29
FB007527,WO014969,4,Service Quality,2026-03-25
FB008043,WO016000,4,Staff Behaviour,2026-04-23
FB009905,WO019654,2,Repeat Issue,2026-07-08
FB010273,WO020354,3,Turnaround Time,2026-07-22
FB007982,WO015888,5,Staff Behaviour,2026-04-16
FB002411,WO004822,5,Service Quality,2025-06-28
FB003593,WO007077,4,Positive Experience,2025-08-27
FB004319,WO008460,4,Positive Experience,2025-10-05
FB009166,WO018244,5,Positive Experience,2026-06-11
FB007647,WO015255,4,Positive Experience,2026-04-03
FB005668,WO011241,5,Service Quality,2025-12-19
FB010086,WO019990,4,Positive Experience,2026-07-17
FB001860,WO003704,5,Service Quality,2025-05-25
FB009776,WO019406,5,Positive Experience,2026-07-05
FB007980,WO015881,4,Positive Experience,2026-04-18
FB000135,WO000283,4,Staff Behaviour,2025-01-14
FB007008,WO013936,3,Turnaround Time,2026-03-05
FB002240,WO004473,5,Service Quality,2025-06-15
FB001341,WO002664,5,Service Quality,2025-04-18
FB011639,WO022946,4,Positive Experience,2026-09-10
FB003079,WO006108,4,Positive Experience,2025-08-02
FB005357,WO010618,5,Positive Experience,2025-12-01
FB008653,WO017223,5,Positive Experience,2026-05-21
FB003078,WO006107,5,Service Quality,2025-08-03
FB007184,WO014285,4,Positive Experience,2026-03-12
FB007678,WO015315,3,Turnaround Time,2026-04-05
FB012053,WO023730,5,Staff Behaviour,2026-09-24
FB007815,WO015571,4,Positive Experience,2026-04-09
FB008924,WO017745,5,Positive Experience,2026-05-29
FB000503,WO000986,4,Positive Experience,2025-02-16
FB000033,WO000065,4,Staff Behaviour,2025-01-06
FB004626,WO009099,3,Turnaround Time,2025-10-23
FB005432,WO010767,3,Repeat Issue,2025-12-04
FB004185,WO008214,4,Positive Experience,2025-09-27
FB012087,WO023799,4,Service Quality,2026-09-25
FB004348,WO008513,5,Positive Experience,2025-10-06
FB000727,WO001440,3,Turnaround Time,2025-03-03
FB011682,WO023036,3,Turnaround Time,2026-09-10
FB008048,WO016011,3,Staff Behaviour,2026-04-21
FB008584,WO017089,2,Turnaround Time,2026-05-18
FB008800,WO017510,3,Turnaround Time,2026-05-25
FB004286,WO008396,4,Positive Experience,2025-10-03
FB000493,WO000957,5,Positive Experience,2025-02-14
FB005456,WO010819,5,Positive Experience,2025-12-06
FB010471,WO020759,4,Positive Experience,2026-07-30
FB005223,WO010335,3,Turnaround Time,2025-11-25
FB005995,WO011924,3,Pricing,2026-01-07
FB000688,WO001364,4,Positive Experience,2025-03-01
FB005954,WO011846,2,Turnaround Time,2026-01-06
FB000439,WO000853,4,Positive Experience,2025-02-11
FB003698,WO007269,3,Turnaround Time,2025-09-01
FB003615,WO007115,5,Service Quality,2025-08-27
FB007122,WO014165,5,Positive Experience,2026-03-08
FB003235,WO006376,4,Positive Experience,2025-08-09
FB003192,WO006306,4,Positive Experience,2025-08-07
FB011145,WO022052,4,Positive Experience,2026-08-24
FB001539,WO003036,3,Parts Availability,2025-05-13
FB004700,WO009242,5,Positive Experience,2025-10-26
FB000882,WO001733,5,Positive Experience,2025-03-17
FB012068,WO023756,4,Positive Experience,2026-09-24
FB010294,WO020393,4,Positive Experience,2026-07-22
FB006302,WO012508,5,Staff Behaviour,2026-01-24
FB008550,WO017030,3,Parts Availability,2026-05-30
FB009270,WO018458,4,Positive Experience,2026-06-19
FB005452,WO010809,3,Turnaround Time,2025-12-08
FB006829,WO013584,3,Communication,2026-02-20
FB005135,WO010135,4,Positive Experience,2025-11-17
FB007072,WO014061,4,Positive Experience,2026-03-06
FB011458,WO022587,5,Positive Experience,2026-09-03
FB001904,WO003807,3,Repeat Issue,2025-05-28
FB006701,WO013330,3,Turnaround Time,2026-02-13
FB009860,WO019570,5,Service Quality,2026-07-05
FB001554,WO003061,4,Positive Experience,2025-05-03
FB011983,WO023610,4,Positive Experience,2026-09-24
FB003165,WO006253,4,Staff Behaviour,2025-08-07
FB005998,WO011927,4,Positive Experience,2026-01-07
FB005858,WO011649,4,Service Quality,2025-12-31
FB007886,WO015717,4,Positive Experience,2026-04-14
FB008434,WO016790,3,Turnaround Time,2026-05-11
FB001816,WO003620,4,Service Quality,2025-05-20
FB001148,WO002274,4,Positive Experience,2025-04-03
FB005088,WO010032,5,Positive Experience,2025-11-16
FB011314,WO022354,4,Positive Experience,2026-08-30
FB004269,WO008360,4,Service Quality,2025-10-01
FB003908,WO007691,5,Positive Experience,2025-09-11
FB011546,WO022772,5,Positive Experience,2026-09-05
FB003246,WO006399,4,Positive Experience,2025-08-14
FB007135,WO014193,5,Positive Experience,2026-03-09
FB005300,WO010491,4,Positive Experience,2025-11-27
FB010165,WO020140,5,Positive Experience,2026-07-17
FB005632,WO011178,4,Positive Experience,2025-12-18
FB012163,WO023939,3,Turnaround Time,2026-09-28
FB006895,WO013703,5,Positive Experience,2026-02-23
FB006707,WO013338,4,Positive Experience,2026-02-13
FB004102,WO008056,5,Service Quality,2025-09-22
FB009147,WO018215,3,Pricing,2026-06-10
FB004085,WO008024,4,Staff Behaviour,2025-09-22
FB009504,WO018914,5,Staff Behaviour,2026-06-22
FB000636,WO001258,4,Positive Experience,2025-02-26
FB000536,WO001048,4,Positive Experience,2025-02-18
FB009870,WO019585,4,Positive Experience,2026-07-07
FB001870,WO003721,4,Service Quality,2025-05-25
FB007676,WO015310,3,Parts Availability,2026-04-13
FB009585,WO019072,2,Parts Availability,2026-07-13
FB010974,WO021718,2,Turnaround Time,2026-08-15
FB005434,WO010769,5,Positive Experience,2025-12-07
FB001427,WO002820,5,Positive Experience,2025-04-25
FB001607,WO003176,5,Positive Experience,2025-05-08
FB008253,WO016427,4,Positive Experience,2026-05-01
FB005309,WO010511,4,Positive Experience,2025-11-28
FB012265,WO024115,3,Turnaround Time,2026-10-03
FB008833,WO017582,2,Turnaround Time,2026-05-26
FB010321,WO020459,5,Staff Behaviour,2026-07-24
FB001492,WO002960,4,Positive Experience,2025-05-01
FB011522,WO022717,3,Pricing,2026-09-05
FB011194,WO022135,3,Turnaround Time,2026-08-24
FB010570,WO020930,4,Positive Experience,2026-07-31
FB012243,WO024076,4,Positive Experience,2026-09-30
FB011661,WO022992,5,Positive Experience,2026-09-10
FB011907,WO023442,2,Parts Availability,2026-10-03
FB000753,WO001503,3,Turnaround Time,2025-03-06
FB010330,WO020478,3,Turnaround Time,2026-07-22
FB001217,WO002415,4,Positive Experience,2025-04-09
FB007352,WO014601,4,Service Quality,2026-03-16
FB000647,WO001278,4,Positive Experience,2025-02-27
FB007948,WO015823,4,Positive Experience,2026-04-17
FB001923,WO003841,5,Positive Experience,2025-05-30
FB010862,WO021504,4,Positive Experience,2026-08-10
FB006835,WO013594,5,Positive Experience,2026-02-21
FB008526,WO016982,5,Positive Experience,2026-05-15
FB010580,WO020944,5,Positive Experience,2026-07-30
FB003342,WO006584,4,Positive Experience,2025-08-14
FB002860,WO005706,4,Positive Experience,2025-07-20
FB009526,WO018956,5,Service Quality,2026-06-24
FB005352,WO010604,3,Parts Availability,2025-12-09
FB006933,WO013776,5,Positive Experience,2026-02-25
FB005690,WO011288,2,Turnaround Time,2025-12-19
FB005878,WO011690,4,Positive Experience,2026-01-02
FB004382,WO008573,3,Turnaround Time,2025-10-09
FB011098,WO021954,4,Positive Experience,2026-08-24
FB003932,WO007751,5,Positive Experience,2025-09-12
FB000669,WO001329,3,Repeat Issue,2025-02-27
FB009801,WO019454,3,Turnaround Time,2026-07-03
FB002670,WO005317,5,Positive Experience,2025-07-10
FB004742,WO009312,5,Positive Experience,2025-10-26
FB004329,WO008484,4,Staff Behaviour,2025-10-02
FB007147,WO014217,2,Turnaround Time,2026-03-09
FB009637,WO019164,3,Turnaround Time,2026-06-30
FB005642,WO011192,4,Staff Behaviour,2025-12-19
FB006388,WO012682,5,Positive Experience,2026-01-29
FB009749,WO019354,5,Service Quality,2026-07-01
FB000116,WO000238,2,Turnaround Time,2025-01-14
FB004518,WO008868,3,Turnaround Time,2025-10-13
FB008622,WO017160,3,Turnaround Time,2026-05-19
FB003215,WO006340,4,Positive Experience,2025-08-06
FB006708,WO013339,4,Positive Experience,2026-02-14
FB010790,WO021377,3,Turnaround Time,2026-08-08
FB012177,WO023963,3,Turnaround Time,2026-10-01
FB005922,WO011781,3,Turnaround Time,2026-01-04
FB006975,WO013868,3,Turnaround Time,2026-03-03
FB001919,WO003836,4,Positive Experience,2025-05-30
FB009206,WO018330,4,Service Quality,2026-06-12
FB006007,WO011940,4,Positive Experience,2026-01-06
FB001012,WO001985,2,Repeat Issue,2025-03-24
FB009267,WO018452,4,Positive Experience,2026-06-14
FB007279,WO014467,4,Positive Experience,2026-03-16
FB005986,WO011903,5,Positive Experience,2026-01-05
FB000090,WO000187,4,Service Quality,2025-01-12
FB008815,WO017548,3,Communication,2026-05-27
FB001603,WO003165,4,Positive Experience,2025-05-05
FB004330,WO008486,3,Parts Availability,2025-10-11
FB010187,WO020190,4,Positive Experience,2026-07-17
FB006301,WO012507,5,Positive Experience,2026-01-24
FB006106,WO012110,3,Turnaround Time,2026-01-12
FB009463,WO018828,4,Staff Behaviour,2026-06-20
FB002096,WO004201,3,Parts Availability,2025-06-11
FB000094,WO000192,5,Staff Behaviour,2025-01-12
FB009935,WO019721,3,Turnaround Time,2026-07-09
FB007041,WO013997,2,Turnaround Time,2026-03-03
FB000719,WO001425,4,Positive Experience,2025-03-06
FB005166,WO010207,4,Staff Behaviour,2025-11-23
FB003935,WO007757,2,Parts Availability,2025-09-26
FB008996,WO017891,4,Service Quality,2026-06-04
FB000395,WO000769,4,Staff Behaviour,2025-02-05
FB003018,WO005997,4,Positive Experience,2025-07-30
FB010818,WO021428,2,Turnaround Time,2026-08-10
FB002560,WO005098,5,Service Quality,2025-07-04
FB000674,WO001336,4,Positive Experience,2025-03-01
FB001288,WO002568,5,Positive Experience,2025-04-17
FB004738,WO009305,3,Pricing,2025-10-28
FB010080,WO019976,5,Positive Experience,2026-07-13
FB006682,WO013270,4,Staff Behaviour,2026-02-11
FB001819,WO003623,4,Positive Experience,2025-05-23
FB010346,WO020516,5,Service Quality,2026-07-22
FB002168,WO004335,5,Service Quality,2025-06-11
FB009340,WO018589,2,Parts Availability,2026-07-06
FB009676,WO019226,3,Turnaround Time,2026-06-30
FB001998,WO004008,2,Repeat Issue,2025-06-05
FB009970,WO019788,4,Service Quality,2026-07-12
FB003449,WO006801,3,Communication,2025-08-19
FB001338,WO002661,4,Positive Experience,2025-04-19
FB003159,WO006242,5,Service Quality,2025-08-02
FB005557,WO011012,5,Positive Experience,2025-12-11
FB002553,WO005087,4,Positive Experience,2025-07-06
FB006909,WO013728,5,Positive Experience,2026-02-27
FB003869,WO007618,4,Positive Experience,2025-09-11
FB008659,WO017235,4,Positive Experience,2026-05-19
FB007000,WO013916,2,Repeat Issue,2026-03-03
FB009221,WO018370,4,Service Quality,2026-06-15
FB001785,WO003562,4,Staff Behaviour,2025-05-20
FB000797,WO001599,5,Positive Experience,2025-03-11
FB001693,WO003352,5,Positive Experience,2025-05-13
FB004599,WO009038,3,Turnaround Time,2025-10-20
FB011334,WO022387,4,Positive Experience,2026-08-29
FB005460,WO010825,5,Positive Experience,2025-12-08
FB006423,WO012757,5,Positive Experience,2026-01-29
FB000690,WO001367,4,Positive Experience,2025-02-28
FB008004,WO015925,3,Pricing,2026-04-18
FB002158,WO004315,5,Positive Experience,2025-06-11
FB004406,WO008621,5,Staff Behaviour,2025-10-09
FB007728,WO015395,3,Turnaround Time,2026-04-09
FB002673,WO005322,4,Positive Experience,2025-07-12
FB000398,WO000773,4,Positive Experience,2025-02-06
FB004454,WO008754,4,Service Quality,2025-10-11
FB007526,WO014967,4,Staff Behaviour,2026-03-26
FB004192,WO008226,2,Repeat Issue,2025-09-25
FB007073,WO014062,5,Staff Behaviour,2026-03-06
FB010423,WO020664,2,Turnaround Time,2026-07-25
FB004163,WO008168,4,Positive Experience,2025-09-26
FB003502,WO006897,4,Positive Experience,2025-08-22
FB001263,WO002509,4,Positive Experience,2025-04-12
FB003345,WO006589,5,Positive Experience,2025-08-14
FB000185,WO000376,4,Staff Behaviour,2025-01-18
FB007183,WO014284,5,Positive Experience,2026-03-12
FB012138,WO023888,4,Positive Experience,2026-09-27
FB003715,WO007304,3,Parts Availability,2025-09-01
FB005281,WO010464,4,Service Quality,2025-11-28
FB010494,WO020802,4,Positive Experience,2026-07-30
FB007117,WO014159,5,Staff Behaviour,2026-03-09
FB009312,WO018537,4,Positive Experience,2026-06-15
FB008116,WO016144,4,Service Quality,2026-04-26
FB000029,WO000059,5,Positive Experience,2025-01-03
FB005213,WO010307,4,Positive Experience,2025-11-22
FB002740,WO005456,5,Positive Experience,2025-07-14
FB006161,WO012222,2,Parts Availability,2026-01-22
FB004935,WO009704,5,Service Quality,2025-11-07
FB000778,WO001554,4,Positive Experience,2025-03-08
FB001322,WO002634,5,Service Quality,2025-04-19
FB012175,WO023960,3,Turnaround Time,2026-09-30
FB003128,WO006194,5,Staff Behaviour,2025-08-04
FB011841,WO023304,4,Positive Experience,2026-09-16
FB005680,WO011267,4,Service Quality,2025-12-21
FB005651,WO011213,5,Positive Experience,2025-12-16
FB011263,WO022256,2,Service Quality,2026-08-25
FB007530,WO014977,4,Positive Experience,2026-03-28
FB004676,WO009194,3,Parts Availability,2025-11-02
FB002997,WO005954,5,Staff Behaviour,2025-07-26
FB001169,WO002310,4,Service Quality,2025-04-05
FB004910,WO009659,3,Parts Availability,2025-11-11
FB000405,WO000793,5,Positive Experience,2025-02-09
FB004152,WO008146,4,Positive Experience,2025-09-25
FB009951,WO019755,3,Turnaround Time,2026-07-12
FB002388,WO004779,4,Positive Experience,2025-06-27
FB003734,WO007341,4,Positive Experience,2025-09-02
FB005340,WO010577,4,Staff Behaviour,2025-12-01
FB001212,WO002399,5,Service Quality,2025-04-10
FB007262,WO014432,5,Positive Experience,2026-03-13
FB009338,WO018587,5,Service Quality,2026-06-18
FB007944,WO015814,4,Positive Experience,2026-04-18
FB000205,WO000409,4,Positive Experience,2025-01-22
FB012027,WO023679,5,Positive Experience,2026-09-23
FB001984,WO003979,5,Positive Experience,2025-06-01
FB001312,WO002613,5,Positive Experience,2025-04-19
FB008603,WO017121,3,Turnaround Time,2026-05-17
FB003639,WO007160,2,Repeat Issue,2025-08-28
FB007346,WO014590,4,Positive Experience,2026-03-16
FB007450,WO014826,5,Positive Experience,2026-03-24
FB010877,WO021532,5,Positive Experience,2026-08-14
FB008036,WO015991,4,Positive Experience,2026-04-20
FB006026,WO011972,4,Positive Experience,2026-01-09
FB000182,WO000369,5,Positive Experience,2025-01-18
FB010533,WO020876,4,Positive Experience,2026-08-01
FB010135,WO020088,4,Positive Experience,2026-07-15
FB004343,WO008501,5,Positive Experience,2025-10-03
FB002152,WO004303,4,Positive Experience,2025-06-12
FB003294,WO006487,5,Positive Experience,2025-08-09
FB004596,WO009032,5,Service Quality,2025-10-19
FB007174,WO014267,5,Positive Experience,2026-03-11
FB002123,WO004249,4,Staff Behaviour,2025-06-11
FB012190,WO023979,5,Positive Experience,2026-09-28
FB000164,WO000331,4,Positive Experience,2025-01-16
FB000524,WO001021,4,Service Quality,2025-02-14
FB003302,WO006499,5,Positive Experience,2025-08-11
FB010105,WO020029,5,Positive Experience,2026-07-16
FB010146,WO020111,5,Staff Behaviour,2026-07-18
FB004396,WO008596,5,Positive Experience,2025-10-09
FB001637,WO003234,5,Positive Experience,2025-05-09
FB008092,WO016099,5,Service Quality,2026-04-25
FB002543,WO005069,4,Positive Experience,2025-07-06
FB004414,WO008640,3,Parts Availability,2025-10-12
FB005525,WO010942,4,Positive Experience,2025-12-12
FB007018,WO013952,5,Positive Experience,2026-03-02
FB005559,WO011018,3,Communication,2025-12-13
FB009369,WO018638,4,Service Quality,2026-06-20
FB000764,WO001521,5,Positive Experience,2025-03-07
FB009502,WO018909,4,Service Quality,2026-06-22
FB011694,WO023058,4,Service Quality,2026-09-13
FB011693,WO023055,5,Positive Experience,2026-09-09
FB000482,WO000932,4,Service Quality,2025-02-11
FB007573,WO015054,4,Positive Experience,2026-03-28
FB006482,WO012883,4,Staff Behaviour,2026-02-02
FB003026,WO006014,5,Positive Experience,2025-07-31
FB008261,WO016445,4,Service Quality,2026-04-29
FB007747,WO015432,5,Positive Experience,2026-04-09
FB007660,WO015281,5,Positive Experience,2026-04-04
FB006117,WO012140,5,Staff Behaviour,2026-01-12
FB009761,WO019376,5,Positive Experience,2026-07-01
FB008249,WO016421,4,Staff Behaviour,2026-04-29
FB008042,WO015999,5,Positive Experience,2026-04-21
FB002650,WO005277,5,Service Quality,2025-07-08
FB000854,WO001690,3,Communication,2025-03-15
FB000844,WO001679,5,Positive Experience,2025-03-13
FB000732,WO001445,4,Positive Experience,2025-03-04
FB003317,WO006528,5,Positive Experience,2025-08-14
FB009819,WO019499,3,Turnaround Time,2026-07-05
FB007361,WO014622,4,Service Quality,2026-03-19
FB001873,WO003728,4,Positive Experience,2025-05-25
FB008733,WO017381,4,Positive Experience,2026-05-22
FB010213,WO020239,4,Positive Experience,2026-07-17
FB005617,WO011141,4,Staff Behaviour,2025-12-16
FB011653,WO022974,5,Positive Experience,2026-09-08
FB010518,WO020851,3,Parts Availability,2026-07-30
FB003575,WO007037,3,Turnaround Time,2025-08-27
FB007422,WO014774,4,Positive Experience,2026-03-20
FB008960,WO017808,3,Waiting Time,2026-05-31
FB001087,WO002146,5,Positive Experience,2025-03-31
FB012191,WO023980,3,Parts Availability,2026-10-05
FB004451,WO008737,4,Positive Experience,2025-10-12
FB005232,WO010349,2,Turnaround Time,2025-11-25
FB003950,WO007777,5,Service Quality,2025-09-14
FB009419,WO018754,4,Positive Experience,2026-06-19
FB006870,WO013663,5,Service Quality,2026-02-22
FB000195,WO000391,5,Positive Experience,2025-01-19
FB010545,WO020893,4,Positive Experience,2026-07-30
FB007983,WO015889,4,Positive Experience,2026-04-18
FB001001,WO001965,5,Positive Experience,2025-03-24
FB001578,WO003107,3,Repeat Issue,2025-05-06
FB003244,WO006396,4,Positive Experience,2025-08-08
FB005985,WO011902,4,Positive Experience,2026-01-08
FB002622,WO005224,4,Positive Experience,2025-07-08
FB008856,WO017622,5,Positive Experience,2026-05-27
FB007925,WO015777,5,Service Quality,2026-04-14
FB003328,WO006552,4,Service Quality,2025-08-14
FB001258,WO002499,4,Positive Experience,2025-04-11
FB006241,WO012384,3,Repeat Issue,2026-01-22
FB011086,WO021933,3,Turnaround Time,2026-08-21
FB008013,WO015945,3,Communication,2026-04-21
FB006893,WO013698,5,Positive Experience,2026-02-26
FB003008,WO005970,3,Turnaround Time,2025-07-29
FB011539,WO022761,4,Positive Experience,2026-09-06
FB008921,WO017735,4,Staff Behaviour,2026-05-29
FB003582,WO007059,4,Service Quality,2025-08-29
FB012220,WO024028,3,Repeat Issue,2026-10-01
FB000576,WO001137,4,Positive Experience,2025-02-22
FB007367,WO014633,5,Positive Experience,2026-03-16
FB004369,WO008547,3,Repeat Issue,2025-10-04
FB004426,WO008678,5,Positive Experience,2025-10-11
FB008232,WO016377,5,Positive Experience,2026-05-01
FB006782,WO013480,4,Service Quality,2026-02-20
FB007606,WO015151,5,Positive Experience,2026-04-01
FB005230,WO010347,4,Service Quality,2025-11-24
FB011754,WO023153,5,Staff Behaviour,2026-09-13
FB001996,WO004004,4,Service Quality,2025-06-04
FB008517,WO016964,3,Turnaround Time,2026-05-13
FB003396,WO006693,4,Positive Experience,2025-08-16
FB008910,WO017715,3,Turnaround Time,2026-05-30
FB009530,WO018967,4,Positive Experience,2026-06-23
FB011156,WO022071,5,Service Quality,2026-08-24
FB007796,WO015537,4,Staff Behaviour,2026-04-11
FB002111,WO004229,3,Turnaround Time,2025-06-10
FB006070,WO012055,5,Positive Experience,2026-01-12
FB003783,WO007440,4,Positive Experience,2025-09-07
FB008486,WO016907,4,Service Quality,2026-05-11
FB008672,WO017266,5,Staff Behaviour,2026-05-21
FB009923,WO019700,3,Turnaround Time,2026-07-11
FB005809,WO011551,4,Positive Experience,2025-12-28
FB011960,WO023567,3,Turnaround Time,2026-09-22
FB005022,WO009899,5,Positive Experience,2025-11-12
FB009723,WO019306,4,Positive Experience,2026-07-03
FB004991,WO009840,3,Turnaround Time,2025-11-10
FB001126,WO002229,3,Turnaround Time,2025-04-02
FB011003,WO021763,3,Turnaround Time,2026-08-17
FB005463,WO010829,1,Repeat Issue,2025-12-07
FB003151,WO006233,5,Positive Experience,2025-08-05
FB010551,WO020900,5,Service Quality,2026-07-31
FB004634,WO009113,4,Positive Experience,2025-10-28
FB005664,WO011236,5,Service Quality,2025-12-17
FB004264,WO008354,4,Service Quality,2025-10-02
FB001209,WO002389,5,Positive Experience,2025-04-07
FB006745,WO013400,3,Turnaround Time,2026-02-17
FB001577,WO003105,4,Positive Experience,2025-05-02
FB009444,WO018793,3,Turnaround Time,2026-06-21
FB009417,WO018749,5,Positive Experience,2026-06-22
FB001907,WO003811,5,Service Quality,2025-05-27
FB010376,WO020568,4,Positive Experience,2026-07-23
FB000115,WO000237,3,Turnaround Time,2025-01-13
FB004277,WO008379,5,Service Quality,2025-10-03
FB006921,WO013754,2,Turnaround Time,2026-02-28
FB005551,WO010988,5,Positive Experience,2025-12-13
FB005188,WO010244,3,Turnaround Time,2025-11-21
FB000772,WO001534,3,Turnaround Time,2025-03-08
FB000040,WO000080,4,Staff Behaviour,2025-01-06
FB009714,WO019295,5,Positive Experience,2026-07-02
FB005970,WO011880,3,Repeat Issue,2026-01-08
FB011901,WO023426,2,Turnaround Time,2026-09-20
FB009834,WO019526,3,Repeat Issue,2026-07-04
FB010660,WO021094,5,Positive Experience,2026-08-05
FB009088,WO018088,4,Service Quality,2026-06-08
FB007132,WO014187,4,Positive Experience,2026-03-08
FB007553,WO015019,4,Staff Behaviour,2026-03-28
FB008483,WO016900,5,Positive Experience,2026-05-11
FB009008,WO017915,5,Positive Experience,2026-06-05
FB008635,WO017185,4,Positive Experience,2026-05-21
FB006010,WO011944,5,Staff Behaviour,2026-01-07
FB007835,WO015617,5,Positive Experience,2026-04-12
FB002178,WO004350,5,Positive Experience,2025-06-14
FB002451,WO004889,5,Positive Experience,2025-06-27
FB001905,WO003808,3,Turnaround Time,2025-05-30
FB001530,WO003018,5,Service Quality,2025-05-01
FB007724,WO015390,2,Turnaround Time,2026-04-08
FB008650,WO017213,5,Staff Behaviour,2026-05-21
FB003030,WO006023,5,Positive Experience,2025-07-29
FB011576,WO022821,3,Turnaround Time,2026-09-06
FB011516,WO022705,5,Staff Behaviour,2026-09-06
FB000828,WO001650,4,Service Quality,2025-03-12
FB000269,WO000524,5,Positive Experience,2025-01-26
FB001159,WO002294,5,Positive Experience,2025-04-04
FB009162,WO018239,5,Service Quality,2026-06-12
FB005874,WO011684,3,Pricing,2025-12-31
FB009514,WO018932,2,Turnaround Time,2026-06-24
FB010792,WO021381,3,Parts Availability,2026-08-13
FB008423,WO016770,4,Service Quality,2026-05-08
FB005784,WO011500,3,Parts Availability,2026-01-06
FB006458,WO012837,2,Parts Availability,2026-02-02
FB007543,WO015003,4,Service Quality,2026-03-27
FB004686,WO009217,4,Positive Experience,2025-10-22
FB005162,WO010201,2,Turnaround Time,2025-11-20
FB004322,WO008470,3,Repeat Issue,2025-10-03
FB002584,WO005135,3,Turnaround Time,2025-07-07
FB007985,WO015891,4,Positive Experience,2026-04-18
FB005415,WO010743,4,Positive Experience,2025-12-05
FB003513,WO006916,4,Positive Experience,2025-08-23
FB006150,WO012206,2,Turnaround Time,2026-01-16
FB002885,WO005751,3,Turnaround Time,2025-07-21
FB001622,WO003200,4,Service Quality,2025-05-09
FB000886,WO001744,4,Positive Experience,2025-03-16
FB007612,WO015166,5,Positive Experience,2026-03-31
FB009090,WO018091,3,Communication,2026-06-07
FB009375,WO018644,3,Parts Availability,2026-06-24
FB000067,WO000134,4,Staff Behaviour,2025-01-09
FB001843,WO003672,3,Turnaround Time,2025-05-26
FB006226,WO012360,3,Turnaround Time,2026-01-20
FB010504,WO020827,4,Positive Experience,2026-07-30
FB001279,WO002554,5,Positive Experience,2025-04-15
FB011305,WO022340,4,Staff Behaviour,2026-08-29
FB006786,WO013488,4,Positive Experience,2026-02-18
FB006733,WO013380,5,Positive Experience,2026-02-17
FB007005,WO013926,5,Service Quality,2026-03-01
FB010557,WO020911,5,Positive Experience,2026-08-02
FB010810,WO021415,5,Staff Behaviour,2026-08-08
FB001078,WO002126,5,Positive Experience,2025-03-29
FB011452,WO022577,1,Repeat Issue,2026-09-02
FB007671,WO015302,5,Service Quality,2026-04-06
FB002833,WO005647,4,Service Quality,2025-07-19
FB008162,WO016231,5,Positive Experience,2026-04-27
FB006990,WO013900,4,Positive Experience,2026-02-28
FB000119,WO000247,5,Service Quality,2025-01-11
FB001729,WO003440,5,Positive Experience,2025-05-14
FB004398,WO008603,5,Service Quality,2025-10-08
FB008244,WO016411,5,Positive Experience,2026-05-01
FB002355,WO004717,5,Positive Experience,2025-06-23
FB007055,WO014027,5,Positive Experience,2026-03-04
FB007704,WO015363,3,Turnaround Time,2026-04-07
FB003663,WO007208,4,Positive Experience,2025-08-30
FB002333,WO004669,3,Turnaround Time,2025-06-22
FB005850,WO011637,3,Turnaround Time,2026-01-02
FB004062,WO007978,4,Service Quality,2025-09-19
FB011445,WO022569,2,Turnaround Time,2026-08-31
FB004018,WO007905,5,Positive Experience,2025-09-19
FB004209,WO008257,5,Staff Behaviour,2025-09-26
FB008643,WO017198,4,Positive Experience,2026-05-18
FB002007,WO004027,5,Service Quality,2025-06-02
FB005349,WO010598,3,Turnaround Time,2025-11-30
FB009072,WO018047,4,Service Quality,2026-06-06
FB001138,WO002250,4,Positive Experience,2025-04-04
FB006676,WO013259,3,Parts Availability,2026-02-19
FB008667,WO017257,5,Staff Behaviour,2026-05-22
FB002571,WO005116,3,Turnaround Time,2025-07-05
FB005616,WO011138,2,Turnaround Time,2025-12-15
FB004555,WO008937,5,Service Quality,2025-10-17
FB009726,WO019313,4,Staff Behaviour,2026-07-01
FB008489,WO016911,4,Positive Experience,2026-05-13
FB003591,WO007074,4,Positive Experience,2025-08-28
FB000221,WO000445,5,Positive Experience,2025-01-22
FB003885,WO007648,4,Staff Behaviour,2025-09-09
FB008814,WO017546,5,Positive Experience,2026-05-25
FB000469,WO000897,4,Positive Experience,2025-02-13
FB002908,WO005795,5,Staff Behaviour,2025-07-24
FB008939,WO017770,4,Positive Experience,2026-06-02
FB005074,WO009998,4,Positive Experience,2025-11-14
FB006496,WO012917,3,Turnaround Time,2026-02-03
FB004590,WO009017,4,Positive Experience,2025-10-20
FB009699,WO019269,3,Turnaround Time,2026-06-30
FB009978,WO019798,3,Turnaround Time,2026-07-10
FB004217,WO008273,2,Parts Availability,2025-10-02
FB008440,WO016800,3,Turnaround Time,2026-05-09
FB003796,WO007466,4,Positive Experience,2025-09-06
FB009155,WO018225,4,Positive Experience,2026-06-09
FB011921,WO023475,5,Positive Experience,2026-09-20
FB007992,WO015900,2,Repeat Issue,2026-04-17
FB009075,WO018053,4,Service Quality,2026-06-05
FB003050,WO006060,5,Positive Experience,2025-07-29
FB001817,WO003621,5,Service Quality,2025-05-20
FB005247,WO010386,4,Positive Experience,2025-11-24
FB000748,WO001487,5,Service Quality,2025-03-06
FB004544,WO008915,4,Positive Experience,2025-10-14
FB009289,WO018496,3,Communication,2026-06-13
FB007336,WO014568,4,Positive Experience,2026-03-16
FB007091,WO014102,5,Positive Experience,2026-03-06
FB009774,WO019403,4,Positive Experience,2026-07-04
FB005529,WO010951,5,Service Quality,2025-12-10
FB003193,WO006308,4,Service Quality,2025-08-07
FB008045,WO016008,4,Service Quality,2026-04-21
FB001804,WO003594,5,Positive Experience,2025-05-19
FB005550,WO010987,4,Service Quality,2025-12-13
FB004026,WO007917,4,Positive Experience,2025-09-16
FB000530,WO001036,3,Turnaround Time,2025-02-16
FB006747,WO013408,5,Positive Experience,2026-02-17
FB001647,WO003257,4,Positive Experience,2025-05-11
FB000327,WO000636,5,Service Quality,2025-01-31
FB008774,WO017467,2,Repeat Issue,2026-05-23
FB007238,WO014387,4,Positive Experience,2026-03-12
FB006518,WO012960,5,Service Quality,2026-02-04
FB005992,WO011917,1,Parts Availability,2026-01-10
FB003186,WO006288,4,Positive Experience,2025-08-05
FB006734,WO013381,5,Positive Experience,2026-02-15
FB009391,WO018680,3,Turnaround Time,2026-06-19
FB003583,WO007060,4,Service Quality,2025-08-27
FB011917,WO023457,4,Positive Experience,2026-09-19
FB006916,WO013745,5,Staff Behaviour,2026-02-26
FB009815,WO019489,4,Staff Behaviour,2026-07-04
FB005580,WO011059,5,Service Quality,2025-12-13
FB006223,WO012349,5,Positive Experience,2026-01-19
FB000993,WO001952,3,Turnaround Time,2025-03-22
FB011041,WO021831,5,Positive Experience,2026-08-17
FB010585,WO020956,3,Repeat Issue,2026-08-02
FB009720,WO019302,4,Positive Experience,2026-07-03
FB002747,WO005466,5,Service Quality,2025-07-15
FB009532,WO018971,5,Staff Behaviour,2026-06-26
FB002265,WO004519,5,Staff Behaviour,2025-06-17
FB009146,WO018214,2,Repeat Issue,2026-06-11
FB007181,WO014282,5,Staff Behaviour,2026-03-12
FB004309,WO008434,5,Positive Experience,2025-10-02
FB007157,WO014234,3,Turnaround Time,2026-03-08
FB000497,WO000974,4,Positive Experience,2025-02-15
FB001721,WO003425,5,Service Quality,2025-05-15
FB010803,WO021402,5,Service Quality,2026-08-11
FB005980,WO011897,4,Service Quality,2026-01-05
FB006169,WO012234,4,Positive Experience,2026-01-16
FB001128,WO002234,3,Repeat Issue,2025-04-03
FB010497,WO020813,3,Repeat Issue,2026-07-28
FB002310,WO004621,4,Service Quality,2025-06-22
FB000356,WO000693,5,Positive Experience,2025-02-02
FB008345,WO016615,5,Positive Experience,2026-05-06
FB008721,WO017355,4,Positive Experience,2026-05-21
FB010736,WO021262,5,Service Quality,2026-08-08
FB005717,WO011346,5,Service Quality,2025-12-23
FB006604,WO013120,3,Turnaround Time,2026-02-08
FB011627,WO022918,5,Positive Experience,2026-09-08
FB011674,WO023016,4,Service Quality,2026-09-09
FB008313,WO016554,3,Turnaround Time,2026-05-03
FB007730,WO015399,3,Turnaround Time,2026-04-06
FB001739,WO003463,5,Staff Behaviour,2025-05-18
FB006076,WO012065,3,Turnaround Time,2026-01-13
FB000845,WO001680,4,Positive Experience,2025-03-14
FB000200,WO000400,4,Positive Experience,2025-01-21
FB002396,WO004793,5,Service Quality,2025-06-26
FB006386,WO012680,5,Service Quality,2026-01-30
FB009625,WO019146,4,Staff Behaviour,2026-06-26
FB004803,WO009443,4,Staff Behaviour,2025-10-31
FB011204,WO022150,3,Turnaround Time,2026-08-25
FB000760,WO001511,5,Positive Experience,2025-03-07
FB000895,WO001764,4,Service Quality,2025-03-18
FB012103,WO023831,3,Pricing,2026-09-26
FB008463,WO016845,5,Staff Behaviour,2026-05-10
FB000168,WO000343,5,Positive Experience,2025-01-19
FB009174,WO018263,4,Positive Experience,2026-06-12
FB008432,WO016788,4,Positive Experience,2026-05-08
FB008475,WO016876,4,Positive Experience,2026-05-11
FB000665,WO001310,4,Positive Experience,2025-02-28
FB001667,WO003294,4,Positive Experience,2025-05-10
FB005150,WO010172,4,Positive Experience,2025-11-18
FB002209,WO004413,4,Service Quality,2025-06-16
FB006151,WO012207,5,Positive Experience,2026-01-15
FB012251,WO024087,4,Positive Experience,2026-09-30
FB007417,WO014755,4,Positive Experience,2026-03-22
FB010072,WO019959,5,Positive Experience,2026-07-15
FB004276,WO008376,4,Service Quality,2025-09-30
FB005979,WO011894,5,Service Quality,2026-01-07
FB010769,WO021336,3,Turnaround Time,2026-08-07
FB006955,WO013830,3,Turnaround Time,2026-02-27
FB007981,WO015882,4,Service Quality,2026-04-16
FB009759,WO019372,5,Positive Experience,2026-07-04
FB004127,WO008102,4,Service Quality,2025-09-22
FB000348,WO000678,5,Positive Experience,2025-02-02
FB011119,WO021986,3,Service Quality,2026-08-21
FB009635,WO019161,3,Parts Availability,2026-07-02
FB011977,WO023604,2,Turnaround Time,2026-09-19
FB005191,WO010252,4,Positive Experience,2025-11-23
FB000209,WO000414,5,Service Quality,2025-01-23
FB001508,WO002985,5,Positive Experience,2025-04-29
FB002661,WO005302,4,Staff Behaviour,2025-07-09
FB006376,WO012654,5,Positive Experience,2026-01-27
FB012264,WO024113,4,Service Quality,2026-09-30
FB009548,WO018998,4,Service Quality,2026-06-23
FB008114,WO016140,3,Parts Availability,2026-05-11
FB010266,WO020343,5,Staff Behaviour,2026-07-19
FB002575,WO005122,3,Pricing,2025-07-04
FB008348,WO016618,3,Pricing,2026-05-07
FB010821,WO021433,5,Positive Experience,2026-08-09
FB004158,WO008154,5,Positive Experience,2025-09-23
FB007679,WO015318,5,Staff Behaviour,2026-04-04
FB000059,WO000118,3,Pricing,2025-01-09
FB007773,WO015498,3,Turnaround Time,2026-04-08
FB000331,WO000646,4,Positive Experience,2025-01-30
FB012142,WO023892,5,Positive Experience,2026-09-26
FB007556,WO015022,5,Service Quality,2026-03-26
FB008536,WO017000,4,Service Quality,2026-05-13
FB004925,WO009685,4,Positive Experience,2025-11-07
FB005270,WO010442,5,Service Quality,2025-11-27
FB008396,WO016714,3,Parts Availability,2026-05-11
FB006691,WO013304,4,Staff Behaviour,2026-02-13
FB009133,WO018176,4,Service Quality,2026-06-12
FB004953,WO009744,3,Turnaround Time,2025-11-09
FB011678,WO023030,3,Turnaround Time,2026-09-11
FB009434,WO018780,3,Service Quality,2026-06-22
FB010834,WO021451,3,Turnaround Time,2026-08-11
FB006242,WO012387,5,Service Quality,2026-01-22
FB009917,WO019681,5,Service Quality,2026-07-09
FB002038,WO004095,5,Positive Experience,2025-06-07
FB009422,WO018758,5,Positive Experience,2026-06-19
FB003024,WO006008,5,Service Quality,2025-07-31
FB000370,WO000723,5,Staff Behaviour,2025-02-06
FB001837,WO003661,4,Positive Experience,2025-05-23
FB011704,WO023070,4,Positive Experience,2026-09-12
FB005996,WO011925,4,Positive Experience,2026-01-22
FB002730,WO005439,5,Staff Behaviour,2025-07-12
FB001954,WO003909,4,Staff Behaviour,2025-05-30
FB007298,WO014494,5,Service Quality,2026-03-16
FB003891,WO007659,5,Positive Experience,2025-09-11
FB004338,WO008495,5,Service Quality,2025-10-03
FB008273,WO016466,5,Positive Experience,2026-05-03
FB005823,WO011585,4,Positive Experience,2025-12-31
FB011967,WO023579,5,Positive Experience,2026-09-22
FB001360,WO002697,5,Positive Experience,2025-04-21
FB007534,WO014983,4,Staff Behaviour,2026-03-27
FB003454,WO006809,3,Turnaround Time,2025-08-22
FB011976,WO023602,4,Staff Behaviour,2026-09-20
FB010901,WO021589,4,Positive Experience,2026-08-13
FB011109,WO021972,3,Parts Availability,2026-08-24
FB009583,WO019070,3,Repeat Issue,2026-06-26
FB007439,WO014806,4,Positive Experience,2026-03-21
FB010967,WO021709,5,Service Quality,2026-08-15
FB008112,WO016138,4,Service Quality,2026-04-23
FB009932,WO019718,5,Positive Experience,2026-07-08
FB007501,WO014906,4,Positive Experience,2026-03-23
FB006628,WO013168,5,Staff Behaviour,2026-02-12
FB009214,WO018348,2,Repeat Issue,2026-06-13
FB000717,WO001422,5,Positive Experience,2025-03-06
FB002105,WO004215,5,Service Quality,2025-06-07
FB003212,WO006337,4,Positive Experience,2025-08-05
FB000191,WO000387,4,Positive Experience,2025-01-19
FB007765,WO015477,4,Service Quality,2026-04-10
FB003856,WO007589,5,Service Quality,2025-09-09
FB009291,WO018500,3,Turnaround Time,2026-06-17
FB000806,WO001617,4,Positive Experience,2025-03-10
FB012047,WO023720,4,Positive Experience,2026-09-23
FB010172,WO020155,5,Service Quality,2026-07-19
FB010485,WO020785,3,Turnaround Time,2026-07-29
FB000447,WO000863,3,Turnaround Time,2025-02-09
FB001144,WO002259,4,Positive Experience,2025-04-13
FB007489,WO014886,4,Service Quality,2026-03-23
FB010873,WO021524,2,Repeat Issue,2026-08-12
FB009520,WO018949,3,Pricing,2026-06-24
FB010356,WO020532,4,Positive Experience,2026-07-23
FB000509,WO000999,4,Service Quality,2025-02-16
FB010552,WO020902,3,Service Quality,2026-08-01
FB010524,WO020861,4,Positive Experience,2026-08-01
FB001275,WO002541,4,Staff Behaviour,2025-04-15
FB007751,WO015447,5,Positive Experience,2026-04-06
FB010563,WO020921,4,Positive Experience,2026-07-31
FB002443,WO004873,4,Positive Experience,2025-06-29
FB002456,WO004901,5,Positive Experience,2025-06-28
FB011660,WO022991,5,Positive Experience,2026-09-09
FB010195,WO020203,5,Positive Experience,2026-07-19
FB006344,WO012594,2,Turnaround Time,2026-01-25
FB000124,WO000260,3,Parts Availability,2025-01-17
FB007487,WO014884,4,Positive Experience,2026-03-25
FB011512,WO022695,4,Positive Experience,2026-09-03
FB003876,WO007630,5,Positive Experience,2025-09-10
FB000085,WO000181,4,Positive Experience,2025-01-10
FB006455,WO012830,4,Positive Experience,2026-01-31
FB003263,WO006428,4,Positive Experience,2025-08-08
FB006352,WO012616,3,Turnaround Time,2026-01-28
FB005577,WO011051,4,Positive Experience,2025-12-12
FB000149,WO000306,3,Pricing,2025-01-18
FB009331,WO018572,4,Staff Behaviour,2026-06-19
FB006328,WO012569,5,Staff Behaviour,2026-01-27
FB004867,WO009567,4,Positive Experience,2025-11-03
FB011191,WO022132,3,Parts Availability,2026-08-29
FB002829,WO005632,4,Service Quality,2025-07-18
FB003845,WO007567,4,Positive Experience,2025-09-08
FB000624,WO001230,3,Turnaround Time,2025-02-25
FB010872,WO021523,4,Staff Behaviour,2026-08-11
FB002913,WO005800,3,Turnaround Time,2025-07-26
FB002147,WO004291,5,Positive Experience,2025-06-13
FB005328,WO010554,3,Turnaround Time,2025-11-30
FB011341,WO022403,4,Staff Behaviour,2026-08-27
FB008545,WO017016,4,Staff Behaviour,2026-05-13
FB003571,WO007031,4,Positive Experience,2025-08-28
FB009154,WO018224,5,Positive Experience,2026-06-10
FB002487,WO004963,4,Service Quality,2025-07-02
FB009866,WO019579,4,Positive Experience,2026-07-08
FB011436,WO022552,4,Positive Experience,2026-09-02
FB008839,WO017592,5,Service Quality,2026-05-29
FB005775,WO011480,5,Service Quality,2025-12-27
FB010916,WO021621,5,Service Quality,2026-08-15
FB005105,WO010065,4,Positive Experience,2025-11-17
FB000097,WO000198,4,Service Quality,2025-01-12
FB002475,WO004939,4,Positive Experience,2025-06-30
FB006939,WO013791,5,Positive Experience,2026-02-25
FB003613,WO007110,5,Positive Experience,2025-08-27
FB001874,WO003730,3,Turnaround Time,2025-05-25
FB002773,WO005511,4,Positive Experience,2025-07-16
FB004852,WO009536,5,Positive Experience,2025-11-03
FB000161,WO000328,4,Positive Experience,2025-01-17
FB009725,WO019310,4,Staff Behaviour,2026-06-30
FB009428,WO018769,5,Staff Behaviour,2026-06-20
FB012205,WO024002,2,Turnaround Time,2026-09-29
FB010865,WO021510,4,Positive Experience,2026-08-11
FB001899,WO003790,5,Service Quality,2025-05-26
FB003643,WO007169,4,Staff Behaviour,2025-08-29
FB000888,WO001751,4,Positive Experience,2025-03-18
FB009464,WO018832,5,Positive Experience,2026-06-21
FB002517,WO005014,4,Positive Experience,2025-07-02
FB002196,WO004390,5,Positive Experience,2025-06-14
FB004380,WO008566,4,Service Quality,2025-10-04
FB005830,WO011600,4,Positive Experience,2025-12-29
FB011400,WO022491,4,Positive Experience,2026-08-29
FB009523,WO018952,5,Positive Experience,2026-06-23
FB005742,WO011397,5,Positive Experience,2025-12-23
FB003975,WO007816,5,Positive Experience,2025-09-16
FB008098,WO016110,4,Service Quality,2026-04-25
FB007894,WO015729,3,Turnaround Time,2026-04-15
FB000309,WO000605,5,Positive Experience,2025-01-28
FB007646,WO015253,4,Positive Experience,2026-04-02
FB009712,WO019293,4,Positive Experience,2026-07-02
FB002668,WO005313,4,Positive Experience,2025-07-12
FB007533,WO014982,5,Positive Experience,2026-03-25
FB006233,WO012372,5,Service Quality,2026-01-19
FB006404,WO012724,4,Service Quality,2026-01-28
FB007626,WO015200,5,Positive Experience,2026-04-03
FB004144,WO008134,4,Positive Experience,2025-09-24
FB004779,WO009388,4,Service Quality,2025-10-29
FB006726,WO013368,3,Parts Availability,2026-02-20
FB001184,WO002332,4,Service Quality,2025-04-06
FB004848,WO009529,5,Positive Experience,2025-11-01
FB008531,WO016994,4,Positive Experience,2026-05-14
FB005626,WO011157,4,Staff Behaviour,2025-12-15
FB006689,WO013288,5,Positive Experience,2026-02-15
FB010783,WO021366,4,Positive Experience,2026-08-09
FB004919,WO009677,4,Positive Experience,2025-11-07
FB006341,WO012591,5,Positive Experience,2026-01-24
FB000586,WO001155,3,Pricing,2025-02-20
FB009875,WO019590,4,Positive Experience,2026-07-08
FB002566,WO005108,4,Service Quality,2025-07-05
FB005964,WO011866,4,Positive Experience,2026-01-04
FB009051,WO017998,3,Communication,2026-06-07
FB009247,WO018415,3,Turnaround Time,2026-06-13
FB001346,WO002673,5,Service Quality,2025-04-18
FB000223,WO000448,4,Service Quality,2025-01-24
FB012045,WO023717,3,Pricing,2026-09-22
FB002861,WO005710,3,Parts Availability,2025-07-30
FB003988,WO007839,3,Turnaround Time,2025-09-15
FB000774,WO001539,4,Positive Experience,2025-03-07
FB005312,WO010516,3,Repeat Issue,2025-11-27
FB009998,WO019840,4,Positive Experience,2026-07-10
FB008455,WO016831,4,Positive Experience,2026-05-12
FB001374,WO002723,2,Parts Availability,2025-04-25
FB003523,WO006933,4,Service Quality,2025-08-25
FB000527,WO001030,4,Positive Experience,2025-02-18
FB005219,WO010323,5,Service Quality,2025-11-22
FB002347,WO004699,3,Staff Behaviour,2025-06-23
FB010208,WO020229,3,Turnaround Time,2026-07-20
FB000510,WO001001,5,Positive Experience,2025-02-15
FB006389,WO012684,4,Positive Experience,2026-01-30
FB003463,WO006825,4,Positive Experience,2025-08-21
FB011137,WO022032,5,Service Quality,2026-08-21
FB007428,WO014782,4,Service Quality,2026-03-22
FB002418,WO004836,5,Positive Experience,2025-06-27
FB007903,WO015744,4,Positive Experience,2026-04-13
FB011545,WO022770,4,Positive Experience,2026-09-07
FB002992,WO005946,5,Positive Experience,2025-07-29
FB007197,WO014307,4,Service Quality,2026-03-13
FB010063,WO019947,4,Positive Experience,2026-07-13
FB003258,WO006419,4,Service Quality,2025-08-11
FB006850,WO013617,5,Service Quality,2026-02-23
FB005209,WO010296,4,Positive Experience,2025-11-21
FB006051,WO012022,3,Pricing,2026-01-11
FB000519,WO001014,3,Turnaround Time,2025-02-17
FB011761,WO023163,5,Positive Experience,2026-09-12
FB004182,WO008205,4,Positive Experience,2025-09-24
FB007407,WO014724,5,Positive Experience,2026-03-19
FB007868,WO015675,4,Positive Experience,2026-04-13
FB005076,WO010003,4,Positive Experience,2025-11-15
FB007369,WO014639,4,Staff Behaviour,2026-03-17
FB009647,WO019175,3,Parts Availability,2026-07-02
FB001206,WO002376,4,Positive Experience,2025-04-08
FB005824,WO011586,5,Service Quality,2025-12-30
FB006257,WO012413,5,Positive Experience,2026-01-20
FB007977,WO015877,5,Service Quality,2026-04-16
FB001746,WO003477,3,Repeat Issue,2025-05-17
FB005083,WO010019,4,Positive Experience,2025-11-17
FB005009,WO009865,4,Positive Experience,2025-11-10
FB004445,WO008723,4,Service Quality,2025-10-12
FB000780,WO001559,3,Turnaround Time,2025-03-11
FB000022,WO000044,5,Positive Experience,2025-01-04
FB004365,WO008539,5,Positive Experience,2025-10-05
FB001593,WO003146,4,Staff Behaviour,2025-05-07
FB001405,WO002779,3,Pricing,2025-04-24
FB010874,WO021525,2,Repeat Issue,2026-08-14
FB010812,WO021417,3,Turnaround Time,2026-08-10
FB008444,WO016808,4,Positive Experience,2026-05-11
FB010740,WO021274,5,Positive Experience,2026-08-07
FB007821,WO015584,5,Positive Experience,2026-04-10
FB001013,WO001986,4,Positive Experience,2025-03-27
FB008465,WO016847,4,Positive Experience,2026-05-09
FB011793,WO023216,4,Staff Behaviour,2026-09-13
FB001682,WO003328,5,Staff Behaviour,2025-05-12
FB009804,WO019461,4,Positive Experience,2026-07-05
FB004058,WO007974,3,Turnaround Time,2025-09-21
FB005495,WO010889,3,Turnaround Time,2025-12-11
FB007170,WO014261,3,Repeat Issue,2026-03-09
FB008742,WO017404,4,Service Quality,2026-05-24
FB008118,WO016146,4,Positive Experience,2026-04-23
FB000825,WO001643,4,Positive Experience,2025-03-14
FB004707,WO009256,5,Service Quality,2025-10-23
FB001640,WO003240,5,Staff Behaviour,2025-05-09
FB002132,WO004264,4,Positive Experience,2025-06-10
FB006687,WO013282,4,Positive Experience,2026-02-12
FB009658,WO019198,3,Parts Availability,2026-07-06
FB003332,WO006565,3,Pricing,2025-08-13
FB010614,WO021004,5,Positive Experience,2026-08-03
FB009156,WO018226,5,Positive Experience,2026-06-11
FB011476,WO022621,4,Service Quality,2026-09-03
FB008983,WO017863,4,Positive Experience,2026-06-02
FB005240,WO010367,5,Service Quality,2025-11-25
FB005006,WO009862,5,Positive Experience,2025-11-09
FB005533,WO010962,4,Positive Experience,2025-12-12
FB004861,WO009560,3,Turnaround Time,2025-11-02
FB002000,WO004018,4,Positive Experience,2025-06-04
FB008981,WO017857,3,Turnaround Time,2026-06-03
FB000927,WO001825,5,Positive Experience,2025-03-21
FB010093,WO020005,3,Turnaround Time,2026-07-15
FB005884,WO011701,4,Positive Experience,2026-01-03
FB003682,WO007242,4,Service Quality,2025-09-03
FB009077,WO018059,3,Repeat Issue,2026-06-07
FB002402,WO004806,4,Positive Experience,2025-06-27
FB009368,WO018636,5,Positive Experience,2026-06-18
FB003589,WO007071,3,Parts Availability,2025-09-08
FB009403,WO018709,3,Staff Behaviour,2026-06-19
FB007228,WO014369,3,Communication,2026-03-12
FB009810,WO019471,4,Positive Experience,2026-07-05
FB006582,WO013090,4,Service Quality,2026-02-08
FB008395,WO016713,5,Positive Experience,2026-05-06
FB010363,WO020546,4,Positive Experience,2026-07-25
FB006698,WO013321,5,Positive Experience,2026-02-15
FB001221,WO002430,4,Positive Experience,2025-04-12
FB001271,WO002528,5,Positive Experience,2025-04-15
FB003162,WO006248,3,Turnaround Time,2025-08-06
FB000721,WO001430,5,Positive Experience,2025-03-06
FB008707,WO017331,2,Turnaround Time,2026-05-21
FB011060,WO021875,4,Positive Experience,2026-08-20
FB007597,WO015126,4,Positive Experience,2026-04-01
FB006318,WO012547,5,Service Quality,2026-01-25
FB006219,WO012335,4,Positive Experience,2026-01-22
FB002948,WO005866,5,Positive Experience,2025-07-26
FB004126,WO008101,5,Positive Experience,2025-09-25
FB009985,WO019815,4,Positive Experience,2026-07-11
FB004041,WO007948,4,Positive Experience,2025-09-20
FB000368,WO000720,3,Turnaround Time,2025-02-05
FB007128,WO014182,4,Staff Behaviour,2026-03-08
FB000049,WO000095,4,Service Quality,2025-01-07
FB011357,WO022425,5,Staff Behaviour,2026-08-31
FB008458,WO016835,2,Parts Availability,2026-05-19
FB004044,WO007954,4,Positive Experience,2025-09-18
FB008124,WO016161,3,Turnaround Time,2026-04-23
FB009064,WO018027,5,Service Quality,2026-06-04
FB000442,WO000857,3,Turnaround Time,2025-02-11
FB002301,WO004604,4,Staff Behaviour,2025-06-21
FB011083,WO021930,4,Service Quality,2026-08-21
FB003534,WO006953,5,Positive Experience,2025-08-23
FB011504,WO022681,4,Positive Experience,2026-09-02
FB006583,WO013091,4,Positive Experience,2026-02-10
FB006327,WO012568,4,Positive Experience,2026-01-24
FB011830,WO023279,4,Service Quality,2026-09-16
FB006379,WO012660,4,Positive Experience,2026-01-29
FB009141,WO018197,5,Positive Experience,2026-06-11
FB011251,WO022235,3,Turnaround Time,2026-08-26
FB010369,WO020555,4,Staff Behaviour,2026-07-24
FB007628,WO015205,4,Staff Behaviour,2026-04-03
FB002617,WO005212,4,Positive Experience,2025-07-08
FB007381,WO014663,4,Positive Experience,2026-03-18
FB000012,WO000019,4,Positive Experience,2025-01-04
FB000914,WO001799,5,Positive Experience,2025-03-17
FB010733,WO021256,5,Positive Experience,2026-08-09
FB001666,WO003293,5,Positive Experience,2025-05-09
FB004289,WO008401,4,Positive Experience,2025-10-02
FB003689,WO007251,3,Turnaround Time,2025-09-01
FB000206,WO000410,4,Staff Behaviour,2025-01-21
FB001037,WO002042,5,Positive Experience,2025-03-27
FB010271,WO020349,4,Service Quality,2026-07-21
FB002877,WO005734,4,Staff Behaviour,2025-07-22
FB010817,WO021425,4,Positive Experience,2026-08-10
FB008836,WO017586,3,Turnaround Time,2026-05-27
FB004469,WO008777,5,Service Quality,2025-10-13
FB002198,WO004398,4,Staff Behaviour,2025-06-15
FB001644,WO003252,4,Positive Experience,2025-05-10
FB002511,WO005000,3,Repeat Issue,2025-07-01
FB001094,WO002164,5,Positive Experience,2025-03-31
FB002035,WO004083,4,Positive Experience,2025-06-04
FB004523,WO008874,4,Staff Behaviour,2025-10-15
FB003279,WO006461,3,Turnaround Time,2025-08-10
FB009216,WO018351,4,Service Quality,2026-06-12
FB003956,WO007785,5,Service Quality,2025-09-12
FB012189,WO023977,4,Staff Behaviour,2026-09-29
FB007789,WO015523,4,Positive Experience,2026-04-10
FB008286,WO016499,4,Staff Behaviour,2026-05-02
FB010110,WO020038,3,Turnaround Time,2026-07-17
FB004957,WO009752,5,Positive Experience,2025-11-08
FB007207,WO014325,4,Service Quality,2026-03-11
FB002434,WO004863,3,Repeat Issue,2025-06-28
FB011628,WO022924,5,Staff Behaviour,2026-09-07
FB009798,WO019447,3,Turnaround Time,2026-07-03
FB002637,WO005250,5,Positive Experience,2025-07-10
FB001965,WO003937,2,Parts Availability,2025-06-06
FB010636,WO021054,4,Service Quality,2026-08-03
FB005803,WO011542,5,Service Quality,2025-12-28
FB003224,WO006356,4,Positive Experience,2025-08-09
FB006538,WO012997,5,Positive Experience,2026-02-07
FB000183,WO000373,5,Service Quality,2025-01-18
FB002337,WO004675,4,Positive Experience,2025-06-23
FB012185,WO023972,3,Turnaround Time,2026-09-29
FB002525,WO005032,5,Positive Experience,2025-07-02
FB006364,WO012637,3,Pricing,2026-01-29
FB006322,WO012552,4,Positive Experience,2026-01-25
FB011138,WO022035,3,Turnaround Time,2026-08-23
FB010670,WO021121,3,Turnaround Time,2026-08-04
FB001293,WO002579,3,Service Quality,2025-04-15
FB003619,WO007123,4,Positive Experience,2025-08-30
FB001557,WO003066,3,Turnaround Time,2025-05-03
FB007292,WO014485,4,Positive Experience,2026-03-16
FB007151,WO014223,5,Positive Experience,2026-03-08
FB010513,WO020844,5,Positive Experience,2026-07-29
FB010281,WO020372,3,Parts Availability,2026-07-23
FB008619,WO017150,2,Turnaround Time,2026-05-16
FB007898,WO015733,3,Service Quality,2026-04-15
FB000988,WO001942,5,Service Quality,2025-03-25
FB007831,WO015609,5,Service Quality,2026-04-12
FB005104,WO010064,2,Turnaround Time,2025-11-17
FB011238,WO022215,4,Service Quality,2026-08-25
FB001254,WO002494,5,Positive Experience,2025-04-11
FB002586,WO005141,4,Service Quality,2025-07-06
FB001900,WO003792,4,Staff Behaviour,2025-05-29
FB005740,WO011393,5,Positive Experience,2025-12-24
FB003349,WO006594,4,Service Quality,2025-08-12
FB003040,WO006044,4,Service Quality,2025-08-01
FB001174,WO002319,5,Positive Experience,2025-04-05
FB002464,WO004921,3,Turnaround Time,2025-06-29
FB008003,WO015924,4,Positive Experience,2026-04-18
FB003701,WO007274,4,Service Quality,2025-09-02
FB004259,WO008344,3,Turnaround Time,2025-10-02
FB001330,WO002647,4,Service Quality,2025-04-19
FB004193,WO008228,5,Service Quality,2025-09-27
FB011900,WO023419,3,Turnaround Time,2026-09-18
FB001631,WO003223,3,Communication,2025-05-08
FB002043,WO004108,4,Service Quality,2025-06-05
FB004480,WO008799,4,Service Quality,2025-10-13
FB005790,WO011519,5,Positive Experience,2025-12-27
FB011876,WO023373,5,Positive Experience,2026-09-17
FB009430,WO018771,4,Service Quality,2026-06-22
FB005100,WO010056,5,Positive Experience,2025-11-14
FB006383,WO012667,4,Positive Experience,2026-01-28
FB009163,WO018241,3,Parts Availability,2026-06-16
FB008302,WO016530,4,Positive Experience,2026-05-02
FB005007,WO009863,4,Positive Experience,2025-11-12
FB001773,WO003541,5,Service Quality,2025-05-18
FB011033,WO021817,4,Positive Experience,2026-08-17
FB011964,WO023574,3,Waiting Time,2026-09-22
FB006260,WO012422,4,Positive Experience,2026-01-23
FB001761,WO003510,4,Staff Behaviour,2025-05-17
FB005305,WO010499,4,Positive Experience,2025-11-26
FB002814,WO005600,3,Communication,2025-07-17
FB005631,WO011175,5,Service Quality,2025-12-16
FB002235,WO004464,4,Positive Experience,2025-06-15
FB000053,WO000111,4,Service Quality,2025-01-04
FB011874,WO023369,5,Service Quality,2026-09-15
FB006648,WO013205,4,Positive Experience,2026-02-11
FB011017,WO021788,3,Turnaround Time,2026-08-19
FB009168,WO018248,4,Positive Experience,2026-06-12
FB011245,WO022225,4,Positive Experience,2026-08-27
FB005367,WO010638,4,Positive Experience,2025-12-01
FB002241,WO004474,2,Turnaround Time,2025-06-15
FB010168,WO020146,4,Positive Experience,2026-07-18
FB002790,WO005550,5,Positive Experience,2025-07-19
FB002910,WO005797,4,Positive Experience,2025-07-22
FB011562,WO022799,4,Positive Experience,2026-09-09
FB001071,WO002108,3,Service Quality,2025-03-30
FB008309,WO016544,2,Repeat Issue,2026-05-02
FB001628,WO003214,5,Staff Behaviour,2025-05-10
FB009863,WO019573,4,Positive Experience,2026-07-07
FB000790,WO001581,5,Service Quality,2025-03-10
FB005429,WO010762,4,Service Quality,2025-12-05
FB005759,WO011447,3,Communication,2025-12-25
FB007492,WO014890,5,Staff Behaviour,2026-03-23
FB005556,WO011010,4,Service Quality,2025-12-12
FB010010,WO019858,2,Turnaround Time,2026-07-15
FB001605,WO003172,4,Positive Experience,2025-05-08
FB006864,WO013648,5,Service Quality,2026-02-24
FB010608,WO020994,4,Service Quality,2026-08-01
FB001523,WO003009,4,Positive Experience,2025-05-03
FB000071,WO000139,4,Positive Experience,2025-01-10
FB005479,WO010862,4,Staff Behaviour,2025-12-08
FB007855,WO015650,3,Turnaround Time,2026-04-14
FB008768,WO017458,2,Turnaround Time,2026-05-25
FB000092,WO000189,4,Service Quality,2025-01-12
FB006947,WO013817,4,Positive Experience,2026-03-01
FB004847,WO009528,3,Turnaround Time,2025-11-03
FB011988,WO023615,4,Service Quality,2026-09-21
FB012056,WO023733,4,Positive Experience,2026-09-25
FB008834,WO017583,4,Service Quality,2026-05-26
FB010242,WO020287,3,Repeat Issue,2026-07-19
FB007989,WO015895,5,Service Quality,2026-04-18
FB009266,WO018449,4,Positive Experience,2026-06-16
FB001119,WO002209,4,Service Quality,2025-04-01
FB001944,WO003891,4,Positive Experience,2025-05-30
FB011299,WO022330,3,Repeat Issue,2026-08-27
FB006210,WO012319,3,Turnaround Time,2026-01-18
FB003676,WO007232,4,Positive Experience,2025-08-29
FB005148,WO010169,4,Positive Experience,2025-11-20
FB006058,WO012038,5,Positive Experience,2026-01-10
FB011022,WO021800,5,Positive Experience,2026-08-15
FB001406,WO002780,3,Parts Availability,2025-04-29
FB002623,WO005226,5,Positive Experience,2025-07-10
FB010905,WO021601,4,Positive Experience,2026-08-14
FB008787,WO017485,3,Turnaround Time,2026-05-25
FB007964,WO015853,4,Service Quality,2026-04-16
FB009353,WO018611,3,Parts Availability,2026-06-25
FB007319,WO014537,4,Positive Experience,2026-03-15
FB006861,WO013642,4,Positive Experience,2026-02-23
FB000813,WO001624,5,Service Quality,2025-03-13
FB007370,WO014640,5,Service Quality,2026-03-17
FB001028,WO002012,4,Service Quality,2025-03-26
FB009201,WO018319,5,Positive Experience,2026-06-14
FB010498,WO020814,4,Positive Experience,2026-07-28
FB004666,WO009162,5,Positive Experience,2025-10-24
FB009869,WO019584,2,Parts Availability,2026-07-12
FB009152,WO018221,5,Service Quality,2026-06-11
FB004108,WO008067,4,Positive Experience,2025-09-23
FB008751,WO017423,3,Turnaround Time,2026-05-23
FB008028,WO015975,4,Positive Experience,2026-04-21
FB000089,WO000185,5,Service Quality,2025-01-09
FB011729,WO023111,4,Staff Behaviour,2026-09-10
FB006046,WO012011,4,Positive Experience,2026-01-09
FB000615,WO001210,5,Positive Experience,2025-02-23
FB008974,WO017836,4,Positive Experience,2026-05-30
FB005770,WO011466,4,Positive Experience,2025-12-27
FB003207,WO006327,3,Parts Availability,2025-08-13
FB004858,WO009557,5,Staff Behaviour,2025-11-01
FB009924,WO019704,4,Staff Behaviour,2026-07-08
FB000691,WO001375,4,Positive Experience,2025-03-01
FB002932,WO005839,4,Staff Behaviour,2025-07-23
FB004321,WO008466,5,Positive Experience,2025-10-04
FB009079,WO018064,4,Positive Experience,2026-06-06
FB001871,WO003722,4,Service Quality,2025-05-24
FB012069,WO023760,5,Positive Experience,2026-09-26
FB003702,WO007276,5,Service Quality,2025-09-01
FB004047,WO007958,4,Staff Behaviour,2025-09-21
FB008596,WO017107,5,Positive Experience,2026-05-19
FB010219,WO020253,4,Service Quality,2026-07-19
FB002137,WO004273,5,Positive Experience,2025-06-09
FB011260,WO022251,3,Parts Availability,2026-08-31
FB005446,WO010798,5,Service Quality,2025-12-06
FB008178,WO016264,4,Positive Experience,2026-04-27
FB007178,WO014276,4,Positive Experience,2026-03-10
FB006645,WO013201,4,Service Quality,2026-02-12
FB001233,WO002449,4,Positive Experience,2025-04-10
FB007418,WO014761,5,Positive Experience,2026-03-20
FB001437,WO002842,4,Staff Behaviour,2025-04-27
FB002076,WO004165,4,Service Quality,2025-06-06
FB005154,WO010182,5,Positive Experience,2025-11-20
FB000287,WO000557,4,Positive Experience,2025-01-27
FB011490,WO022651,4,Service Quality,2026-09-02
FB010935,WO021653,4,Positive Experience,2026-08-13
FB001070,WO002103,4,Service Quality,2025-03-29
FB010556,WO020910,5,Staff Behaviour,2026-07-31
FB007050,WO014017,5,Positive Experience,2026-03-03
FB007670,WO015301,4,Service Quality,2026-04-05
FB012038,WO023699,5,Service Quality,2026-09-22
FB005235,WO010354,5,Positive Experience,2025-11-23
FB000438,WO000852,4,Positive Experience,2025-02-13
FB011774,WO023184,3,Turnaround Time,2026-09-14
FB003248,WO006401,4,Positive Experience,2025-08-09
FB012255,WO024098,5,Staff Behaviour,2026-10-02
FB011154,WO022069,5,Positive Experience,2026-08-21
FB003107,WO006150,4,Staff Behaviour,2025-08-02
FB004563,WO008953,5,Positive Experience,2025-10-15
FB009500,WO018904,3,Repeat Issue,2026-06-22
FB012151,WO023909,3,Turnaround Time,2026-09-27
FB006201,WO012297,5,Service Quality,2026-01-17
FB004034,WO007933,5,Staff Behaviour,2025-09-19
FB008338,WO016596,5,Staff Behaviour,2026-05-04
FB000545,WO001067,4,Service Quality,2025-02-18
FB001413,WO002790,4,Positive Experience,2025-04-24
FB006286,WO012474,5,Staff Behaviour,2026-01-22
FB011117,WO021983,4,Staff Behaviour,2026-08-20
FB005756,WO011439,5,Positive Experience,2025-12-23
FB009829,WO019521,5,Service Quality,2026-07-06
FB006239,WO012380,5,Positive Experience,2026-01-22
FB004166,WO008171,5,Positive Experience,2025-09-23
FB000117,WO000242,5,Positive Experience,2025-01-11
FB001192,WO002351,4,Positive Experience,2025-04-05
FB003658,WO007198,5,Service Quality,2025-09-01
FB000747,WO001486,5,Service Quality,2025-03-05
FB005087,WO010029,4,Service Quality,2025-11-16
FB007576,WO015063,4,Service Quality,2026-03-30
FB005606,WO011112,4,Positive Experience,2025-12-15
FB003720,WO007312,4,Positive Experience,2025-09-04
FB007954,WO015837,5,Positive Experience,2026-04-15
FB008259,WO016440,5,Positive Experience,2026-05-02
FB009664,WO019210,3,Parts Availability,2026-07-04
FB001281,WO002558,4,Positive Experience,2025-04-17
FB003585,WO007062,4,Positive Experience,2025-08-26
FB004598,WO009037,4,Staff Behaviour,2025-10-17
FB000402,WO000787,4,Positive Experience,2025-02-06
FB009239,WO018400,4,Service Quality,2026-06-13
FB004503,WO008840,3,Turnaround Time,2025-10-11
FB009059,WO018012,4,Positive Experience,2026-06-07
FB011915,WO023455,5,Positive Experience,2026-09-19
FB010038,WO019901,3,Turnaround Time,2026-07-14
FB006418,WO012748,3,Turnaround Time,2026-02-01
FB008306,WO016539,4,Staff Behaviour,2026-05-03
FB009200,WO018317,3,Service Quality,2026-06-11
FB010965,WO021705,5,Service Quality,2026-08-15
FB006980,WO013877,5,Service Quality,2026-02-28
FB005182,WO010234,4,Positive Experience,2025-11-21
FB004013,WO007900,4,Service Quality,2025-09-19
FB004565,WO008955,4,Positive Experience,2025-10-16
FB009850,WO019555,4,Staff Behaviour,2026-07-06
FB001204,WO002373,5,Positive Experience,2025-04-08
FB011077,WO021915,5,Positive Experience,2026-08-21
FB006439,WO012793,5,Positive Experience,2026-02-01
FB002570,WO005113,4,Positive Experience,2025-07-05
FB003451,WO006805,4,Positive Experience,2025-08-18
FB010096,WO020010,2,Turnaround Time,2026-07-16
FB005624,WO011154,4,Staff Behaviour,2025-12-16
FB003774,WO007421,4,Service Quality,2025-09-06
FB003003,WO005962,3,Parts Availability,2025-08-07
FB010571,WO020932,4,Staff Behaviour,2026-07-30
FB001490,WO002956,4,Service Quality,2025-04-29
FB011149,WO022058,5,Positive Experience,2026-08-24
FB008315,WO016558,3,Parts Availability,2026-05-04
FB006674,WO013257,5,Staff Behaviour,2026-02-11
FB011459,WO022588,3,Turnaround Time,2026-09-01
FB002723,WO005424,5,Positive Experience,2025-07-15
FB001162,WO002298,3,Communication,2025-04-07
FB001891,WO003766,4,Positive Experience,2025-05-27
FB004181,WO008201,4,Positive Experience,2025-10-05
FB008998,WO017894,5,Staff Behaviour,2026-06-02
FB012197,WO023991,4,Positive Experience,2026-09-30
FB009210,WO018343,5,Staff Behaviour,2026-06-13
FB005897,WO011728,3,Staff Behaviour,2026-01-02
FB000104,WO000213,3,Turnaround Time,2025-01-11
FB010246,WO020307,3,Turnaround Time,2026-07-23
FB002329,WO004662,5,Service Quality,2025-06-21
FB011687,WO023043,3,Turnaround Time,2026-09-12
FB003493,WO006882,4,Service Quality,2025-08-24
FB004249,WO008328,5,Positive Experience,2025-09-29
FB007599,WO015132,4,Service Quality,2026-04-01
FB007617,WO015176,5,Service Quality,2026-04-01
FB007051,WO014018,3,Repeat Issue,2026-03-06
FB000157,WO000319,5,Staff Behaviour,2025-01-17
FB005423,WO010752,4,Service Quality,2025-12-07
FB010796,WO021388,3,Turnaround Time,2026-08-08
FB003116,WO006172,3,Turnaround Time,2025-08-04
FB000629,WO001243,5,Service Quality,2025-02-25
FB004878,WO009591,5,Positive Experience,2025-11-04
FB010939,WO021658,4,Service Quality,2026-08-15
FB008053,WO016020,5,Positive Experience,2026-04-22
FB012214,WO024018,4,Staff Behaviour,2026-10-02
FB001929,WO003861,5,Service Quality,2025-05-28
FB012121,WO023867,4,Positive Experience,2026-09-26
FB012187,WO023975,3,Turnaround Time,2026-09-29
FB006805,WO013528,5,Service Quality,2026-02-21
FB001075,WO002119,3,Turnaround Time,2025-03-31
FB006039,WO011998,4,Positive Experience,2026-01-08
FB002248,WO004483,3,Parts Availability,2025-06-29
FB009382,WO018657,4,Positive Experience,2026-06-20
FB001687,WO003341,5,Positive Experience,2025-05-13
FB004845,WO009523,4,Positive Experience,2025-11-03
FB012156,WO023926,4,Staff Behaviour,2026-09-29
FB009881,WO019597,5,Positive Experience,2026-07-07
FB009982,WO019808,5,Positive Experience,2026-07-10
FB005332,WO010563,5,Positive Experience,2025-11-28
FB012210,WO024009,3,Turnaround Time,2026-10-01
FB003594,WO007079,4,Service Quality,2025-08-29
FB012169,WO023948,5,Positive Experience,2026-09-26
FB004724,WO009284,5,Staff Behaviour,2025-10-27
FB006540,WO013002,5,Positive Experience,2026-02-07
FB001052,WO002068,4,Positive Experience,2025-03-28
FB005177,WO010222,5,Service Quality,2025-11-19
FB011839,WO023299,4,Positive Experience,2026-09-14
FB006266,WO012432,5,Positive Experience,2026-01-22
FB008552,WO017033,4,Staff Behaviour,2026-05-15
FB003314,WO006522,4,Service Quality,2025-08-14
FB006185,WO012260,4,Positive Experience,2026-01-16
FB006738,WO013386,3,Turnaround Time,2026-02-16
FB001689,WO003343,4,Service Quality,2025-05-12
FB011787,WO023207,3,Turnaround Time,2026-09-15
FB010832,WO021447,4,Staff Behaviour,2026-08-13
FB007707,WO015366,3,Turnaround Time,2026-04-07
FB007202,WO014318,4,Positive Experience,2026-03-10
FB004353,WO008520,4,Positive Experience,2025-10-03
FB009429,WO018770,5,Positive Experience,2026-06-22
FB002901,WO005777,4,Service Quality,2025-07-24
FB003422,WO006750,4,Positive Experience,2025-08-17
FB001501,WO002973,5,Positive Experience,2025-04-28
FB007188,WO014294,5,Positive Experience,2026-03-11
FB004948,WO009732,5,Staff Behaviour,2025-11-05
FB003717,WO007307,4,Staff Behaviour,2025-09-01
FB010223,WO020259,4,Positive Experience,2026-07-18
FB004783,WO009397,4,Positive Experience,2025-10-29
FB004222,WO008280,2,Turnaround Time,2025-09-29
FB001498,WO002968,4,Positive Experience,2025-04-29
FB002844,WO005671,4,Service Quality,2025-07-21
FB004449,WO008733,4,Positive Experience,2025-10-11
FB000571,WO001129,5,Positive Experience,2025-02-20
FB003664,WO007210,5,Positive Experience,2025-09-01
FB011505,WO022684,4,Staff Behaviour,2026-09-05
FB001511,WO002990,4,Staff Behaviour,2025-04-30
FB006366,WO012640,5,Staff Behaviour,2026-01-27
FB011044,WO021840,3,Communication,2026-08-20
FB005316,WO010529,5,Positive Experience,2025-11-30
FB004230,WO008300,4,Positive Experience,2025-09-30
FB008938,WO017767,3,Turnaround Time,2026-05-30
FB004037,WO007940,4,Positive Experience,2025-09-20
FB004023,WO007914,4,Positive Experience,2025-09-17
FB008144,WO016203,4,Staff Behaviour,2026-04-27
FB001091,WO002158,5,Staff Behaviour,2025-03-29
FB003086,WO006117,4,Positive Experience,2025-08-01
FB008147,WO016207,3,Turnaround Time,2026-04-28
FB009603,WO019104,5,Positive Experience,2026-06-28
FB000043,WO000085,4,Positive Experience,2025-01-05
FB008237,WO016390,2,Turnaround Time,2026-05-02
FB010693,WO021178,4,Positive Experience,2026-08-07
FB001939,WO003881,3,Staff Behaviour,2025-06-01
FB006446,WO012809,5,Positive Experience,2026-01-31
FB006477,WO012872,4,Positive Experience,2026-02-03
FB007717,WO015382,4,Positive Experience,2026-04-04
FB007065,WO014050,3,Turnaround Time,2026-03-05
FB007881,WO015702,4,Positive Experience,2026-04-16
FB003034,WO006032,4,Positive Experience,2025-07-29
FB002499,WO004983,5,Staff Behaviour,2025-07-03
FB004079,WO008007,4,Service Quality,2025-09-21
FB006711,WO013345,2,Turnaround Time,2026-02-16
FB003799,WO007481,5,Positive Experience,2025-09-05
FB010078,WO019973,5,Service Quality,2026-07-16
FB004078,WO008001,3,Communication,2025-09-19
FB002491,WO004969,3,Service Quality,2025-07-02
FB007591,WO015115,4,Positive Experience,2026-03-30
FB002327,WO004659,4,Service Quality,2025-06-23
FB005195,WO010265,4,Service Quality,2025-11-23
FB001547,WO003053,4,Positive Experience,2025-05-03
FB010222,WO020258,4,Positive Experience,2026-07-18
FB012064,WO023752,4,Positive Experience,2026-09-24
FB011601,WO022868,3,Turnaround Time,2026-09-08
FB001445,WO002862,4,Service Quality,2025-04-26
FB011755,WO023155,4,Positive Experience,2026-09-11
FB003389,WO006682,4,Staff Behaviour,2025-08-16
FB002098,WO004204,4,Staff Behaviour,2025-06-09
FB001166,WO002305,3,Repeat Issue,2025-04-07
FB001624,WO003205,5,Positive Experience,2025-05-08
FB002292,WO004577,4,Positive Experience,2025-06-18
FB002232,WO004458,4,Positive Experience,2025-06-16
FB005518,WO010933,5,Staff Behaviour,2025-12-09
FB008730,WO017374,5,Positive Experience,2026-05-24
FB000011,WO000018,4,Positive Experience,2025-01-02
FB005520,WO010935,4,Service Quality,2025-12-09
FB002465,WO004922,3,Turnaround Time,2025-06-29
FB001657,WO003280,5,Service Quality,2025-05-11
FB001393,WO002757,4,Positive Experience,2025-04-22
FB001848,WO003684,4,Staff Behaviour,2025-05-26
FB007180,WO014280,3,Communication,2026-03-09
FB011784,WO023203,3,Turnaround Time,2026-09-13
FB011202,WO022147,1,Parts Availability,2026-08-31
FB002582,WO005132,5,Positive Experience,2025-07-05
FB008991,WO017880,4,Positive Experience,2026-06-02
FB003458,WO006816,5,Staff Behaviour,2025-08-21
FB011823,WO023270,3,Turnaround Time,2026-09-16
FB006008,WO011942,4,Positive Experience,2026-01-09
FB000410,WO000802,4,Service Quality,2025-02-07
FB007771,WO015493,4,Positive Experience,2026-04-10
FB001029,WO002013,4,Positive Experience,2025-03-26
FB007498,WO014899,4,Service Quality,2026-03-25
FB007649,WO015257,5,Positive Experience,2026-04-02
FB009280,WO018476,3,Turnaround Time,2026-06-13
FB006814,WO013542,5,Service Quality,2026-02-20
FB011659,WO022989,3,Parts Availability,2026-09-12
FB010738,WO021267,5,Service Quality,2026-08-06
FB009833,WO019525,4,Service Quality,2026-07-05
FB006935,WO013787,3,Turnaround Time,2026-02-28
FB001717,WO003420,4,Service Quality,2025-05-15
FB006228,WO012362,4,Staff Behaviour,2026-01-19
FB000230,WO000465,4,Staff Behaviour,2025-01-25
FB008989,WO017878,4,Positive Experience,2026-06-03
FB005437,WO010775,4,Service Quality,2025-12-06
FB010050,WO019923,5,Staff Behaviour,2026-07-14
FB011664,WO022997,4,Positive Experience,2026-09-08
FB008503,WO016942,4,Positive Experience,2026-05-13
FB006435,WO012778,4,Service Quality,2026-02-01
FB004987,WO009828,4,Service Quality,2025-11-09
FB002782,WO005526,5,Service Quality,2025-07-17
FB008754,WO017426,5,Positive Experience,2026-05-23
FB010897,WO021583,5,Positive Experience,2026-08-15
FB010745,WO021282,3,Turnaround Time,2026-08-08
FB010627,WO021033,2,Repeat Issue,2026-08-01
FB010439,WO020685,4,Positive Experience,2026-07-28
FB009898,WO019644,3,Turnaround Time,2026-07-08
FB011173,WO022104,3,Service Quality,2026-08-24
FB009243,WO018409,4,Staff Behaviour,2026-06-15
FB005894,WO011724,4,Service Quality,2026-01-04
FB001654,WO003274,5,Positive Experience,2025-05-10
FB007579,WO015069,5,Service Quality,2026-03-30
FB004940,WO009716,3,Turnaround Time,2025-11-05
FB008496,WO016923,3,Pricing,2026-05-12
FB006141,WO012192,4,Positive Experience,2026-01-15
FB010620,WO021017,3,Turnaround Time,2026-08-02
FB003431,WO006770,5,Service Quality,2025-08-21
FB008962,WO017811,4,Positive Experience,2026-06-02
FB006171,WO012236,4,Service Quality,2026-01-18
FB004278,WO008381,4,Service Quality,2025-10-02
FB011304,WO022337,4,Positive Experience,2026-08-28
FB008202,WO016311,5,Service Quality,2026-04-30
FB008904,WO017700,3,Communication,2026-05-29
FB000785,WO001572,5,Positive Experience,2025-03-10
FB003778,WO007430,3,Service Quality,2025-09-05
FB008500,WO016930,5,Positive Experience,2026-05-14
FB009966,WO019783,5,Staff Behaviour,2026-07-09
FB009865,WO019575,3,Turnaround Time,2026-07-07
FB002154,WO004306,3,Pricing,2025-06-12
FB006720,WO013358,4,Positive Experience,2026-02-14
FB002242,WO004475,3,Turnaround Time,2025-06-15
FB005155,WO010190,3,Staff Behaviour,2025-11-19
FB011868,WO023360,4,Service Quality,2026-09-16
FB006651,WO013208,3,Service Quality,2026-02-13
FB004938,WO009712,4,Staff Behaviour,2025-11-05
FB002666,WO005308,4,Service Quality,2025-07-12
FB005591,WO011079,5,Positive Experience,2025-12-13
FB000108,WO000226,5,Staff Behaviour,2025-01-13
FB008848,WO017610,4,Positive Experience,2026-05-26
FB006305,WO012515,5,Service Quality,2026-01-25
FB001559,WO003070,4,Positive Experience,2025-05-05
FB007162,WO014244,4,Positive Experience,2026-03-08
FB005073,WO009996,5,Service Quality,2025-11-14
FB001735,WO003454,4,Staff Behaviour,2025-05-16
FB008245,WO016413,4,Positive Experience,2026-04-30
FB010675,WO021136,4,Service Quality,2026-08-06
FB011499,WO022667,3,Parts Availability,2026-09-07
FB004312,WO008443,4,Positive Experience,2025-10-03
FB010392,WO020597,3,Turnaround Time,2026-07-24
FB003000,WO005958,2,Turnaround Time,2025-07-31
FB008023,WO015964,4,Positive Experience,2026-04-19
FB009045,WO017990,3,Pricing,2026-06-06
FB005931,WO011794,4,Service Quality,2026-01-04
FB010919,WO021626,5,Positive Experience,2026-08-15
FB012254,WO024095,5,Positive Experience,2026-10-02
FB010013,WO019861,4,Service Quality,2026-07-13
FB011822,WO023268,5,Positive Experience,2026-09-17
FB011655,WO022978,5,Positive Experience,2026-09-10
FB002175,WO004345,5,Positive Experience,2025-06-14
FB009093,WO018095,3,Turnaround Time,2026-06-09
FB012029,WO023683,5,Positive Experience,2026-09-23
FB009021,WO017940,5,Service Quality,2026-06-05
FB007872,WO015687,5,Staff Behaviour,2026-04-13
FB008138,WO016188,5,Positive Experience,2026-04-27
FB004220,WO008277,5,Service Quality,2025-09-27
FB007139,WO014201,4,Positive Experience,2026-03-10
FB008468,WO016861,2,Turnaround Time,2026-05-11
FB000883,WO001735,4,Positive Experience,2025-03-14
FB005003,WO009859,5,Positive Experience,2025-11-09
FB008298,WO016522,5,Staff Behaviour,2026-05-04
FB008945,WO017780,4,Staff Behaviour,2026-05-30
FB009483,WO018871,3,Turnaround Time,2026-06-22
FB009376,WO018645,3,Turnaround Time,2026-06-17
FB008033,WO015981,2,Parts Availability,2026-04-24
FB006715,WO013350,3,Turnaround Time,2026-02-13
FB009294,WO018510,4,Positive Experience,2026-06-18
FB001936,WO003870,5,Positive Experience,2025-05-29
FB011339,WO022400,3,Turnaround Time,2026-08-28
FB007760,WO015463,5,Service Quality,2026-04-06
FB006369,WO012645,5,Positive Experience,2026-01-28
FB002243,WO004476,5,Service Quality,2025-06-16
FB006315,WO012537,5,Service Quality,2026-01-23
FB010980,WO021727,5,Positive Experience,2026-08-14
FB002736,WO005452,5,Service Quality,2025-07-13
FB008826,WO017570,3,Turnaround Time,2026-05-28
FB005535,WO010964,3,Turnaround Time,2025-12-12
FB008522,WO016976,3,Turnaround Time,2026-05-16
FB011878,WO023380,3,Repeat Issue,2026-09-16
FB009365,WO018631,4,Positive Experience,2026-06-19
FB009764,WO019381,5,Positive Experience,2026-07-04
FB009641,WO019168,3,Turnaround Time,2026-06-29
FB005390,WO010680,4,Service Quality,2025-12-05
FB000658,WO001302,4,Positive Experience,2025-02-27
FB008386,WO016697,5,Positive Experience,2026-05-09
FB008060,WO016033,5,Positive Experience,2026-04-22
FB008334,WO016589,4,Positive Experience,2026-05-03
FB001284,WO002562,5,Positive Experience,2025-04-15
FB001441,WO002854,4,Positive Experience,2025-04-27
FB002937,WO005849,3,Service Quality,2025-07-27
FB010100,WO020016,5,Staff Behaviour,2026-07-15
FB009780,WO019413,5,Staff Behaviour,2026-07-04
FB000174,WO000352,5,Positive Experience,2025-01-20
FB009002,WO017899,4,Positive Experience,2026-06-02
FB010232,WO020271,5,Positive Experience,2026-07-18
FB005999,WO011928,5,Service Quality,2026-01-08
FB000546,WO001069,5,Service Quality,2025-02-18
FB004587,WO009012,3,Parts Availability,2025-10-21
FB010487,WO020788,3,Staff Behaviour,2026-07-28
FB009349,WO018605,3,Turnaround Time,2026-06-17
FB000625,WO001235,2,Turnaround Time,2025-02-24
FB004439,WO008709,4,Positive Experience,2025-10-10
FB003105,WO006148,3,Communication,2025-08-02
FB008206,WO016318,4,Positive Experience,2026-05-07
FB003376,WO006660,3,Communication,2025-08-15
FB004141,WO008130,4,Positive Experience,2025-09-25
FB011873,WO023368,5,Positive Experience,2026-09-17
FB000950,WO001873,3,Turnaround Time,2025-03-20
FB005947,WO011833,3,Repeat Issue,2026-01-06
FB009033,WO017965,5,Staff Behaviour,2026-06-03
FB004967,WO009779,3,Parts Availability,2025-11-19
FB000007,WO000011,4,Positive Experience,2025-01-04
FB005723,WO011356,3,Turnaround Time,2025-12-23
FB003553,WO006989,3,Repeat Issue,2025-08-25
FB008512,WO016957,4,Positive Experience,2026-05-12
FB010049,WO019919,3,Turnaround Time,2026-07-11
FB000637,WO001260,4,Service Quality,2025-02-27
FB002159,WO004316,4,Positive Experience,2025-06-11
FB007350,WO014596,5,Staff Behaviour,2026-03-17
FB000697,WO001385,5,Staff Behaviour,2025-03-03
FB008223,WO016356,3,Turnaround Time,2026-04-29
FB002274,WO004540,5,Positive Experience,2025-06-20
FB001096,WO002168,4,Positive Experience,2025-03-31
FB003788,WO007447,3,Turnaround Time,2025-09-06
FB009071,WO018045,5,Positive Experience,2026-06-06
FB011283,WO022298,3,Turnaround Time,2026-08-26
FB009527,WO018957,4,Positive Experience,2026-06-23
FB010495,WO020805,4,Positive Experience,2026-07-31
FB004489,WO008816,3,Parts Availability,2025-10-22
FB003439,WO006784,4,Service Quality,2025-08-20
FB004065,WO007982,5,Service Quality,2025-09-20
FB009478,WO018859,5,Positive Experience,2026-06-21
FB006442,WO012797,3,Turnaround Time,2026-01-31
FB011463,WO022599,4,Staff Behaviour,2026-09-03
FB007015,WO013948,5,Positive Experience,2026-03-02
FB006667,WO013247,4,Positive Experience,2026-02-12
FB008963,WO017814,5,Staff Behaviour,2026-05-31
FB011785,WO023204,2,Turnaround Time,2026-09-15
FB000542,WO001061,4,Staff Behaviour,2025-02-15
FB008277,WO016476,4,Positive Experience,2026-05-03
FB003623,WO007130,4,Service Quality,2025-08-27
FB007130,WO014185,2,Parts Availability,2026-03-14
FB009303,WO018523,4,Positive Experience,2026-06-18
FB009666,WO019212,3,Turnaround Time,2026-07-02
FB011541,WO022764,4,Staff Behaviour,2026-09-06
FB001030,WO002021,5,Positive Experience,2025-03-27
FB012099,WO023824,4,Positive Experience,2026-09-25
FB009582,WO019068,4,Positive Experience,2026-06-26
FB002838,WO005655,4,Service Quality,2025-07-22
FB004547,WO008922,4,Positive Experience,2025-10-17
FB002069,WO004156,4,Positive Experience,2025-06-09
FB006906,WO013720,4,Service Quality,2026-02-24
FB008088,WO016093,5,Service Quality,2026-04-24
FB009423,WO018760,4,Service Quality,2026-06-20
FB011495,WO022658,5,Positive Experience,2026-09-05
FB005129,WO010122,5,Positive Experience,2025-11-20
FB004605,WO009054,4,Staff Behaviour,2025-10-19
FB009343,WO018597,4,Positive Experience,2026-06-16
FB002774,WO005513,5,Positive Experience,2025-07-18
FB002050,WO004122,4,Positive Experience,2025-06-06
FB003334,WO006567,5,Positive Experience,2025-08-14
FB004864,WO009564,4,Positive Experience,2025-11-04
FB001105,WO002181,4,Service Quality,2025-04-02
FB011605,WO022878,3,Turnaround Time,2026-09-07
FB002454,WO004899,3,Turnaround Time,2025-07-01
FB012244,WO024077,5,Staff Behaviour,2026-10-03
FB002046,WO004117,4,Service Quality,2025-06-08
FB003136,WO006208,3,Communication,2025-08-02
FB010567,WO020926,5,Positive Experience,2026-07-30
FB006631,WO013171,5,Positive Experience,2026-02-11
FB006204,WO012307,4,Service Quality,2026-01-17
FB011536,WO022757,4,Positive Experience,2026-09-07
FB007822,WO015585,5,Staff Behaviour,2026-04-11
FB002846,WO005678,3,Pricing,2025-07-20
FB001487,WO002948,5,Positive Experience,2025-04-29
FB001504,WO002976,5,Staff Behaviour,2025-04-29
FB005417,WO010745,5,Service Quality,2025-12-05
FB002848,WO005685,4,Service Quality,2025-07-20
FB001328,WO002643,5,Staff Behaviour,2025-04-17
FB005085,WO010027,4,Positive Experience,2025-11-16
FB009301,WO018520,4,Positive Experience,2026-06-17
FB011738,WO023123,3,Turnaround Time,2026-09-14
FB001468,WO002914,3,Repeat Issue,2025-04-26
FB006470,WO012862,3,Turnaround Time,2026-02-01
FB003721,WO007313,5,Service Quality,2025-09-02
FB005959,WO011857,5,Positive Experience,2026-01-04
FB006451,WO012820,4,Positive Experience,2026-02-07
FB010076,WO019970,3,Turnaround Time,2026-07-14
FB004081,WO008010,4,Service Quality,2025-09-20
FB009807,WO019467,4,Positive Experience,2026-07-03
FB005945,WO011824,4,Positive Experience,2026-01-05
FB010641,WO021060,5,Positive Experience,2026-08-01
FB009974,WO019794,4,Positive Experience,2026-07-11
FB009159,WO018231,4,Staff Behaviour,2026-06-12
FB009964,WO019777,3,Parts Availability,2026-07-19
FB001236,WO002457,5,Positive Experience,2025-04-12
FB006276,WO012453,2,Parts Availability,2026-01-27
FB003824,WO007525,4,Positive Experience,2025-09-05
FB003398,WO006700,5,Positive Experience,2025-08-16
FB005346,WO010592,5,Service Quality,2025-11-30
FB010245,WO020300,3,Turnaround Time,2026-07-18
FB003520,WO006927,3,Parts Availability,2025-09-05
FB009659,WO019200,3,Turnaround Time,2026-07-01
FB007972,WO015863,5,Positive Experience,2026-04-16
FB003341,WO006583,4,Service Quality,2025-08-14
FB004077,WO008000,4,Service Quality,2025-09-19
FB000391,WO000763,3,Pricing,2025-02-07
FB011019,WO021790,4,Positive Experience,2026-08-17
FB012200,WO023995,3,Parts Availability,2026-10-08
FB010398,WO020609,4,Positive Experience,2026-07-28
FB003432,WO006771,4,Staff Behaviour,2025-08-18
FB008190,WO016284,5,Service Quality,2026-04-30
FB010685,WO021164,5,Positive Experience,2026-08-04
FB006162,WO012225,5,Positive Experience,2026-01-17
FB009705,WO019280,4,Positive Experience,2026-07-01
FB006044,WO012009,5,Positive Experience,2026-01-08
FB009515,WO018935,3,Turnaround Time,2026-06-22
FB003963,WO007796,5,Positive Experience,2025-09-13
FB011725,WO023105,4,Staff Behaviour,2026-09-12
FB011993,WO023621,3,Turnaround Time,2026-09-23
FB007255,WO014415,4,Positive Experience,2026-03-13
FB009355,WO018614,4,Positive Experience,2026-06-18
FB003338,WO006580,3,Parts Availability,2025-08-19
FB007970,WO015859,4,Positive Experience,2026-04-17
FB004190,WO008223,5,Staff Behaviour,2025-09-25
FB002631,WO005235,3,Turnaround Time,2025-07-09
FB001380,WO002731,3,Turnaround Time,2025-04-21
FB009802,WO019455,4,Positive Experience,2026-07-03
FB007734,WO015410,3,Turnaround Time,2026-04-08
FB004913,WO009665,5,Staff Behaviour,2025-11-07
FB009777,WO019408,5,Positive Experience,2026-07-02
FB002031,WO004076,5,Positive Experience,2025-06-05
FB008194,WO016293,4,Service Quality,2026-04-30
FB007331,WO014560,3,Pricing,2026-03-16
FB001356,WO002691,4,Staff Behaviour,2025-04-21
FB001349,WO002679,4,Service Quality,2025-04-18
FB004203,WO008250,4,Positive Experience,2025-09-28
FB007744,WO015425,4,Service Quality,2026-04-09
FB006737,WO013385,1,Repeat Issue,2026-02-17
FB002609,WO005187,5,Service Quality,2025-07-06
FB005038,WO009923,5,Positive Experience,2025-11-14
FB011225,WO022186,3,Turnaround Time,2026-08-26
FB005392,WO010685,4,Positive Experience,2025-12-05
FB005904,WO011747,4,Positive Experience,2026-01-03
FB010084,WO019983,3,Turnaround Time,2026-07-14
FB003217,WO006344,3,Turnaround Time,2025-08-06
FB008485,WO016906,4,Positive Experience,2026-05-12
FB008816,WO017550,3,Turnaround Time,2026-05-25
FB003123,WO006184,5,Service Quality,2025-08-03
FB008625,WO017163,4,Service Quality,2026-05-16
FB009405,WO018718,4,Positive Experience,2026-06-19
FB002021,WO004052,5,Staff Behaviour,2025-06-03
FB003895,WO007667,4,Positive Experience,2025-09-12
FB011801,WO023227,5,Service Quality,2026-09-14
FB009401,WO018706,5,Service Quality,2026-06-19
FB011180,WO022118,3,Repeat Issue,2026-08-22
FB006360,WO012628,3,Turnaround Time,2026-01-29
FB004694,WO009230,5,Staff Behaviour,2025-10-25
FB005688,WO011285,5,Staff Behaviour,2025-12-18
FB008828,WO017572,4,Positive Experience,2026-05-25
FB003039,WO006043,4,Service Quality,2025-07-29
FB001886,WO003750,5,Positive Experience,2025-05-24
FB006551,WO013025,5,Positive Experience,2026-02-06
FB010391,WO020596,4,Service Quality,2026-07-26
FB001974,WO003953,5,Service Quality,2025-06-02
FB002958,WO005887,4,Staff Behaviour,2025-07-25
FB002836,WO005652,5,Service Quality,2025-07-19
FB002989,WO005941,4,Positive Experience,2025-07-27
FB001912,WO003823,4,Positive Experience,2025-05-27
FB003249,WO006404,4,Service Quality,2025-08-09
FB004000,WO007871,5,Positive Experience,2025-09-15
FB004988,WO009829,4,Service Quality,2025-11-08
FB005660,WO011232,4,Positive Experience,2025-12-20
FB004657,WO009149,5,Positive Experience,2025-10-21
FB007889,WO015720,3,Repeat Issue,2026-04-16
FB001701,WO003372,5,Positive Experience,2025-05-13
FB008679,WO017278,3,Turnaround Time,2026-05-20
FB007268,WO014447,3,Turnaround Time,2026-03-15
FB010115,WO020046,2,Turnaround Time,2026-07-18
FB007804,WO015555,2,Repeat Issue,2026-04-10
FB012036,WO023697,5,Positive Experience,2026-09-24
FB004529,WO008886,3,Repeat Issue,2025-10-16
FB008513,WO016958,4,Positive Experience,2026-05-13
FB000502,WO000985,4,Staff Behaviour,2025-02-14
FB000920,WO001812,2,Parts Availability,2025-03-23
FB001989,WO003986,3,Turnaround Time,2025-05-31
FB002921,WO005815,4,Positive Experience,2025-07-24
FB000567,WO001123,4,Positive Experience,2025-02-21
FB003066,WO006084,4,Positive Experience,2025-08-01
FB000139,WO000291,5,Positive Experience,2025-01-16
FB006567,WO013057,5,Positive Experience,2026-02-09
FB004675,WO009191,5,Service Quality,2025-10-24
FB010253,WO020317,5,Service Quality,2026-07-20
FB003023,WO006005,4,Service Quality,2025-07-31
FB010543,WO020890,3,Pricing,2026-07-30
FB006615,WO013142,3,Turnaround Time,2026-02-11
FB000741,WO001474,5,Service Quality,2025-03-08
FB012239,WO024071,2,Parts Availability,2026-10-08
FB011171,WO022102,1,Repeat Issue,2026-08-24
FB005013,WO009880,4,Positive Experience,2025-11-13
FB007129,WO014183,2,Parts Availability,2026-03-13
FB007307,WO014507,5,Staff Behaviour,2026-03-16
FB002318,WO004638,5,Service Quality,2025-06-20
FB007858,WO015655,5,Positive Experience,2026-04-13
FB011114,WO021980,5,Positive Experience,2026-08-22
FB006564,WO013049,5,Positive Experience,2026-02-06
FB003727,WO007325,5,Positive Experience,2025-09-01
FB007776,WO015501,4,Positive Experience,2026-04-07
FB000262,WO000512,4,Positive Experience,2025-01-26
FB008549,WO017028,4,Staff Behaviour,2026-05-17
FB004849,WO009530,4,Staff Behaviour,2025-11-01
FB005696,WO011298,4,Positive Experience,2025-12-21
FB001587,WO003125,4,Positive Experience,2025-05-06
FB004807,WO009449,4,Service Quality,2025-11-01
FB002731,WO005441,5,Positive Experience,2025-07-12
FB008018,WO015957,4,Positive Experience,2026-04-21
FB005993,WO011920,5,Positive Experience,2026-01-07
FB005468,WO010837,3,Turnaround Time,2025-12-08
FB003177,WO006271,5,Staff Behaviour,2025-08-05
FB011903,WO023430,4,Positive Experience,2026-09-17
FB003251,WO006409,4,Positive Experience,2025-08-10
FB000635,WO001256,5,Positive Experience,2025-02-26
FB005673,WO011252,4,Service Quality,2025-12-17
FB005409,WO010732,3,Turnaround Time,2025-12-04
FB009513,WO018931,5,Service Quality,2026-06-23
FB006969,WO013856,4,Positive Experience,2026-02-28
FB005295,WO010485,3,Turnaround Time,2025-11-29
FB011961,WO023570,3,Turnaround Time,2026-09-20
FB006436,WO012786,5,Positive Experience,2026-01-30
FB005134,WO010134,5,Service Quality,2025-11-20
FB009477,WO018856,5,Positive Experience,2026-06-22
FB011828,WO023277,4,Positive Experience,2026-09-15
FB010707,WO021205,4,Service Quality,2026-08-08
FB008482,WO016899,4,Positive Experience,2026-05-12
FB010515,WO020847,5,Positive Experience,2026-07-28
FB007967,WO015856,5,Staff Behaviour,2026-04-18
FB003769,WO007407,4,Positive Experience,2025-09-04
FB008197,WO016300,4,Staff Behaviour,2026-04-29
FB003155,WO006238,4,Service Quality,2025-08-03
FB009468,WO018843,3,Turnaround Time,2026-06-23
FB000377,WO000733,3,Turnaround Time,2025-02-05
FB010648,WO021075,4,Positive Experience,2026-08-02
FB007011,WO013942,3,Pricing,2026-03-02
FB005249,WO010392,4,Service Quality,2025-11-24
FB010451,WO020710,3,Turnaround Time,2026-07-27
FB004266,WO008356,3,Service Quality,2025-09-30
FB000916,WO001802,5,Staff Behaviour,2025-03-18
FB001290,WO002574,5,Positive Experience,2025-04-14
FB009794,WO019442,5,Positive Experience,2026-07-02
FB008883,WO017666,4,Positive Experience,2026-05-29
FB007333,WO014565,5,Positive Experience,2026-03-17
FB008082,WO016083,3,Pricing,2026-04-23
FB002577,WO005127,5,Positive Experience,2025-07-05
FB007462,WO014843,4,Service Quality,2026-03-21
FB010268,WO020346,3,Turnaround Time,2026-07-20
FB011606,WO022880,4,Service Quality,2026-09-07
FB004734,WO009299,4,Positive Experience,2025-10-25
FB008300,WO016525,5,Positive Experience,2026-05-04
FB000019,WO000033,5,Positive Experience,2025-01-05
FB009753,WO019364,2,Parts Availability,2026-07-10
FB001398,WO002765,4,Positive Experience,2025-04-24
FB002996,WO005953,5,Positive Experience,2025-07-28
FB001930,WO003862,4,Positive Experience,2025-05-28
FB000798,WO001602,2,Parts Availability,2025-03-18
FB010594,WO020971,2,Turnaround Time,2026-08-02
FB007827,WO015595,4,Positive Experience,2026-04-10
FB007340,WO014573,3,Turnaround Time,2026-03-16
FB009634,WO019160,5,Positive Experience,2026-06-28
FB011567,WO022808,4,Positive Experience,2026-09-04
FB004762,WO009351,2,Parts Availability,2025-10-30
FB001218,WO002418,3,Staff Behaviour,2025-04-08
FB005147,WO010168,3,Turnaround Time,2025-11-20
FB002183,WO004362,2,Parts Availability,2025-06-19
FB001265,WO002511,4,Staff Behaviour,2025-04-14
FB011703,WO023069,5,Positive Experience,2026-09-12
FB006885,WO013684,5,Service Quality,2026-02-23
FB010746,WO021283,4,Staff Behaviour,2026-08-08
FB002173,WO004343,5,Service Quality,2025-06-14
FB004627,WO009100,4,Staff Behaviour,2025-10-21
FB009581,WO019067,4,Positive Experience,2026-06-25
FB005133,WO010130,5,Positive Experience,2025-11-18
FB008597,WO017108,4,Positive Experience,2026-05-16
FB001711,WO003405,3,Staff Behaviour,2025-05-13
FB010686,WO021165,4,Positive Experience,2026-08-06
FB008123,WO016160,3,Parts Availability,2026-04-30
FB010857,WO021493,3,Turnaround Time,2026-08-12
FB010079,WO019975,5,Staff Behaviour,2026-07-13
FB010604,WO020988,5,Service Quality,2026-08-01
FB007322,WO014543,5,Staff Behaviour,2026-03-14
FB004331,WO008488,5,Staff Behaviour,2025-10-03
FB008530,WO016993,3,Repeat Issue,2026-05-14
FB004375,WO008559,5,Service Quality,2025-10-05
FB009630,WO019153,2,Parts Availability,2026-07-07
FB000695,WO001383,5,Positive Experience,2025-03-01
FB004417,WO008648,4,Staff Behaviour,2025-10-07
FB005634,WO011182,4,Positive Experience,2025-12-16
FB004090,WO008030,5,Positive Experience,2025-09-19
FB005171,WO010213,3,Communication,2025-11-21
FB008641,WO017192,4,Positive Experience,2026-05-19
FB002638,WO005253,5,Service Quality,2025-07-09
FB002072,WO004160,4,Staff Behaviour,2025-06-09
FB001592,WO003145,5,Staff Behaviour,2025-05-06
FB004777,WO009380,4,Positive Experience,2025-10-27
FB006437,WO012790,4,Staff Behaviour,2026-01-31
FB011775,WO023185,5,Staff Behaviour,2026-09-15
FB004526,WO008880,4,Positive Experience,2025-10-15
FB010204,WO020225,5,Positive Experience,2026-07-18
FB009322,WO018551,3,Turnaround Time,2026-06-17
FB008631,WO017176,5,Positive Experience,2026-05-19
FB009175,WO018264,4,Positive Experience,2026-06-13
FB003811,WO007498,5,Positive Experience,2025-09-05
FB011698,WO023062,4,Positive Experience,2026-09-11
FB008968,WO017822,4,Staff Behaviour,2026-06-01
FB001894,WO003776,4,Service Quality,2025-05-27
FB010754,WO021305,5,Positive Experience,2026-08-07
FB011936,WO023508,4,Positive Experience,2026-09-21
FB000835,WO001663,4,Service Quality,2025-03-12
FB011762,WO023164,4,Positive Experience,2026-09-12
FB000217,WO000433,4,Staff Behaviour,2025-01-21
FB009279,WO018473,4,Positive Experience,2026-06-16
FB010150,WO020119,4,Service Quality,2026-07-16
FB007320,WO014541,3,Turnaround Time,2026-03-17
FB008381,WO016679,4,Positive Experience,2026-05-06
FB005030,WO009913,3,Turnaround Time,2025-11-11
FB004624,WO009097,4,Positive Experience,2025-10-19
FB010284,WO020378,3,Parts Availability,2026-07-23
FB007242,WO014394,4,Staff Behaviour,2026-03-14
FB005881,WO011695,5,Positive Experience,2026-01-02
FB000686,WO001357,3,Turnaround Time,2025-02-28
FB008988,WO017877,5,Service Quality,2026-06-04
FB010256,WO020323,4,Staff Behaviour,2026-07-22
FB002656,WO005289,3,Service Quality,2025-07-09
FB000434,WO000843,3,Turnaround Time,2025-02-11
FB005522,WO010938,5,Positive Experience,2025-12-11
FB000995,WO001955,4,Positive Experience,2025-03-23
FB009022,WO017941,4,Positive Experience,2026-06-05
FB007185,WO014290,5,Positive Experience,2026-03-09
FB010635,WO021053,4,Staff Behaviour,2026-08-01
FB003444,WO006792,4,Positive Experience,2025-08-20
FB001679,WO003318,4,Service Quality,2025-05-11
FB000858,WO001695,5,Service Quality,2025-03-13
FB006801,WO013513,5,Positive Experience,2026-02-19
FB012066,WO023754,5,Positive Experience,2026-09-26
FB002649,WO005275,5,Service Quality,2025-07-11
FB003863,WO007607,4,Positive Experience,2025-09-09
FB006517,WO012959,4,Staff Behaviour,2026-02-06
FB002863,WO005713,2,Turnaround Time,2025-07-24
FB009328,WO018567,5,Service Quality,2026-06-17
FB000065,WO000129,5,Staff Behaviour,2025-01-07
FB008719,WO017353,5,Positive Experience,2026-05-22
FB010579,WO020943,4,Service Quality,2026-07-30
FB010775,WO021347,4,Staff Behaviour,2026-08-08
FB003605,WO007096,4,Service Quality,2025-08-27
FB001673,WO003308,5,Positive Experience,2025-05-13
FB002160,WO004317,5,Service Quality,2025-06-14
FB000444,WO000860,4,Positive Experience,2025-02-10
FB010820,WO021432,3,Turnaround Time,2026-08-12
FB004241,WO008316,5,Positive Experience,2025-09-29
FB008735,WO017384,4,Positive Experience,2026-05-24
FB001931,WO003864,5,Staff Behaviour,2025-05-29
FB005706,WO011318,4,Service Quality,2025-12-20
FB011587,WO022846,5,Positive Experience,2026-09-05
FB008785,WO017482,3,Turnaround Time,2026-05-24
FB010155,WO020128,3,Service Quality,2026-07-18
FB000940,WO001858,4,Service Quality,2025-03-21
FB003029,WO006022,4,Service Quality,2025-07-29
FB004739,WO009306,4,Service Quality,2025-10-25
FB007447,WO014822,5,Positive Experience,2026-03-23
FB010713,WO021215,4,Positive Experience,2026-08-06
FB009209,WO018341,5,Positive Experience,2026-06-12
FB001439,WO002844,3,Repeat Issue,2025-04-27
FB011310,WO022347,5,Positive Experience,2026-08-29
FB000481,WO000927,3,Repeat Issue,2025-02-11
FB008694,WO017298,3,Turnaround Time,2026-05-21
FB000017,WO000031,4,Service Quality,2025-01-03
FB009031,WO017958,5,Positive Experience,2026-06-03
FB002097,WO004203,5,Service Quality,2025-06-07
FB004194,WO008229,3,Repeat Issue,2025-09-25
FB004869,WO009574,2,Turnaround Time,2025-11-04
FB002427,WO004852,4,Service Quality,2025-06-29
FB010020,WO019874,5,Positive Experience,2026-07-11
FB008842,WO017596,4,Staff Behaviour,2026-05-28
FB002056,WO004132,5,Positive Experience,2025-06-08
FB007485,WO014876,4,Positive Experience,2026-03-23
FB011726,WO023106,5,Positive Experience,2026-09-13
FB004324,WO008473,2,Repeat Issue,2025-10-02
FB010124,WO020070,2,Parts Availability,2026-07-21
FB006494,WO012913,5,Service Quality,2026-02-05
FB008575,WO017075,4,Staff Behaviour,2026-05-17
FB011485,WO022639,5,Service Quality,2026-09-03
FB007022,WO013959,4,Positive Experience,2026-03-04
FB008669,WO017260,3,Turnaround Time,2026-05-20
FB003921,WO007718,5,Service Quality,2025-09-12
FB012234,WO024064,5,Positive Experience,2026-09-30
FB002652,WO005281,5,Staff Behaviour,2025-07-11
FB003794,WO007464,4,Service Quality,2025-09-07
FB007012,WO013944,3,Turnaround Time,2026-03-01
FB010260,WO020332,5,Positive Experience,2026-07-21
FB009061,WO018019,4,Staff Behaviour,2026-06-04
FB000468,WO000895,5,Positive Experience,2025-02-13
FB009118,WO018143,5,Positive Experience,2026-06-07
FB005000,WO009852,5,Positive Experience,2025-11-09
FB006642,WO013194,4,Positive Experience,2026-02-12
FB010450,WO020709,3,Turnaround Time,2026-07-30
FB004733,WO009297,5,Positive Experience,2025-10-25
FB002188,WO004372,5,Positive Experience,2025-06-15
FB008362,WO016643,4,Positive Experience,2026-05-04
FB009689,WO019249,5,Staff Behaviour,2026-07-03
FB008054,WO016021,4,Positive Experience,2026-04-21
FB011689,WO023046,5,Positive Experience,2026-09-12
FB001851,WO003688,5,Service Quality,2025-05-25
FB007423,WO014776,4,Positive Experience,2026-03-21
FB003645,WO007171,5,Positive Experience,2025-08-29
FB008438,WO016797,5,Positive Experience,2026-05-11
FB005117,WO010086,4,Positive Experience,2025-11-16
FB006416,WO012741,4,Positive Experience,2026-01-29
FB010839,WO021461,4,Positive Experience,2026-08-10
FB003887,WO007651,3,Repeat Issue,2025-09-12
FB003423,WO006752,4,Service Quality,2025-08-18
FB006427,WO012767,3,Turnaround Time,2026-02-01
FB010941,WO021661,5,Service Quality,2026-08-14
FB011152,WO022063,4,Staff Behaviour,2026-08-22
FB007053,WO014021,4,Staff Behaviour,2026-03-04
FB001898,WO003788,4,Positive Experience,2025-05-27
FB012000,WO023635,4,Positive Experience,2026-09-22
FB012203,WO024000,4,Staff Behaviour,2026-10-07
FB001655,WO003276,4,Positive Experience,2025-05-10
FB005099,WO010053,4,Service Quality,2025-11-17
FB003309,WO006512,4,Positive Experience,2025-08-11
FB000756,WO001506,4,Positive Experience,2025-03-08
FB010293,WO020392,2,Turnaround Time,2026-07-22
FB005895,WO011725,2,Turnaround Time,2026-01-02
FB004791,WO009413,5,Service Quality,2025-10-29
FB007086,WO014092,4,Staff Behaviour,2026-03-06
FB011862,WO023351,5,Positive Experience,2026-09-18
FB008499,WO016929,4,Positive Experience,2026-05-14
FB007801,WO015547,5,Positive Experience,2026-04-08
FB006683,WO013273,5,Staff Behaviour,2026-02-13
FB000638,WO001263,3,Communication,2025-02-27
FB004448,WO008731,5,Positive Experience,2025-10-10
FB009663,WO019206,3,Turnaround Time,2026-06-30
FB009257,WO018434,4,Positive Experience,2026-06-16
FB011307,WO022344,4,Positive Experience,2026-08-27
FB009781,WO019414,3,Turnaround Time,2026-07-04
FB000279,WO000544,3,Turnaround Time,2025-01-25
FB005131,WO010128,4,Service Quality,2025-11-18
FB009822,WO019506,5,Positive Experience,2026-07-03
FB004468,WO008775,5,Positive Experience,2025-10-13
FB001677,WO003314,5,Positive Experience,2025-05-11
FB003816,WO007506,5,Service Quality,2025-09-08
FB009225,WO018380,2,Turnaround Time,2026-06-14
FB001790,WO003567,4,Positive Experience,2025-05-22
FB007905,WO015748,4,Positive Experience,2026-04-15
FB006972,WO013864,4,Service Quality,2026-02-27
FB003569,WO007026,3,Turnaround Time,2025-08-27
FB008591,WO017098,4,Positive Experience,2026-05-17
FB005919,WO011777,5,Service Quality,2026-01-03
FB011869,WO023361,4,Service Quality,2026-09-18
FB005534,WO010963,3,Pricing,2025-12-11
FB011320,WO022363,5,Positive Experience,2026-08-26
FB011931,WO023492,4,Positive Experience,2026-09-19
FB010277,WO020364,5,Service Quality,2026-07-23
FB003305,WO006505,5,Service Quality,2025-08-13
FB012146,WO023899,4,Positive Experience,2026-09-27
FB001823,WO003631,4,Positive Experience,2025-05-22
FB003234,WO006374,5,Positive Experience,2025-08-07
FB007413,WO014742,4,Staff Behaviour,2026-03-20
FB004892,WO009627,4,Positive Experience,2025-11-06
FB009009,WO017916,3,Repeat Issue,2026-06-03
FB003115,WO006171,3,Parts Availability,2025-08-13
FB000297,WO000580,3,Pricing,2025-01-29
FB001656,WO003278,4,Staff Behaviour,2025-05-10
FB004844,WO009522,4,Positive Experience,2025-11-02
FB010479,WO020774,5,Staff Behaviour,2026-07-29
FB011282,WO022296,4,Positive Experience,2026-08-29
FB008269,WO016459,3,Turnaround Time,2026-05-02
FB004811,WO009465,5,Service Quality,2025-10-30
FB011370,WO022441,4,Positive Experience,2026-08-28
FB003113,WO006161,4,Staff Behaviour,2025-08-03
FB000681,WO001345,3,Turnaround Time,2025-03-03
FB009136,WO018185,3,Turnaround Time,2026-06-09
FB001760,WO003506,4,Service Quality,2025-05-18
FB007280,WO014468,3,Repeat Issue,2026-03-14
FB003252,WO006411,4,Positive Experience,2025-08-10
FB004134,WO008115,5,Positive Experience,2025-09-24
FB000855,WO001692,4,Positive Experience,2025-03-16
FB003792,WO007456,5,Positive Experience,2025-09-06
FB002030,WO004075,5,Positive Experience,2025-06-04
FB002771,WO005501,5,Positive Experience,2025-07-14
FB001486,WO002946,3,Parts Availability,2025-05-04
FB004581,WO009002,4,Positive Experience,2025-10-19
FB003511,WO006914,5,Positive Experience,2025-08-22
FB007125,WO014173,4,Positive Experience,2026-03-08
FB007698,WO015351,3,Turnaround Time,2026-04-05
FB003401,WO006704,5,Service Quality,2025-08-15
FB005364,WO010634,3,Turnaround Time,2025-11-30
FB010002,WO019844,4,Positive Experience,2026-07-12
FB000941,WO001860,4,Positive Experience,2025-03-22
FB011101,WO021959,4,Positive Experience,2026-08-19
FB011327,WO022374,5,Positive Experience,2026-08-29
FB011929,WO023489,4,Service Quality,2026-09-21
FB004160,WO008159,5,Service Quality,2025-09-25
FB004447,WO008730,3,Turnaround Time,2025-10-10
FB012160,WO023933,3,Turnaround Time,2026-09-29
FB011595,WO022858,5,Positive Experience,2026-09-08
FB002999,WO005957,5,Service Quality,2025-07-26
FB007049,WO014011,3,Turnaround Time,2026-03-05
FB002104,WO004212,4,Service Quality,2025-06-10
FB001634,WO003227,5,Positive Experience,2025-05-07
FB011631,WO022929,4,Positive Experience,2026-09-09
FB000725,WO001437,5,Staff Behaviour,2025-03-04
FB011497,WO022663,4,Service Quality,2026-09-04
FB011200,WO022144,3,Turnaround Time,2026-08-25
FB001446,WO002866,4,Positive Experience,2025-04-24
FB008866,WO017638,3,Turnaround Time,2026-05-29
FB003340,WO006582,4,Positive Experience,2025-08-14
FB007832,WO015610,5,Positive Experience,2026-04-11
FB010119,WO020061,4,Positive Experience,2026-07-15
FB008734,WO017383,4,Staff Behaviour,2026-05-22
FB006225,WO012352,5,Positive Experience,2026-01-18
FB005549,WO010986,4,Positive Experience,2025-12-11
FB004620,WO009089,3,Turnaround Time,2025-10-21
FB003496,WO006887,5,Positive Experience,2025-08-23
FB006129,WO012164,4,Positive Experience,2026-01-14
FB003648,WO007176,4,Positive Experience,2025-08-31
FB004339,WO008496,5,Service Quality,2025-10-05
FB008322,WO016568,5,Service Quality,2026-05-04
FB004093,WO008038,5,Staff Behaviour,2025-09-23
FB005734,WO011379,5,Positive Experience,2025-12-21
FB005652,WO011214,3,Pricing,2025-12-16
FB000830,WO001654,4,Positive Experience,2025-03-13
FB009851,WO019556,5,Positive Experience,2026-07-06
FB004446,WO008724,4,Positive Experience,2025-10-10
FB000335,WO000658,5,Service Quality,2025-01-31
FB010560,WO020918,3,Turnaround Time,2026-07-31
FB011097,WO021953,4,Staff Behaviour,2026-08-22
FB002903,WO005783,3,Turnaround Time,2025-07-23
FB005805,WO011544,4,Positive Experience,2025-12-27
FB008674,WO017270,4,Service Quality,2026-05-21
FB004793,WO009417,4,Positive Experience,2025-10-30
FB006948,WO013818,5,Service Quality,2026-02-27
FB006771,WO013454,4,Positive Experience,2026-02-18
FB005542,WO010976,5,Service Quality,2025-12-11
FB002437,WO004866,5,Positive Experience,2025-06-29
FB011012,WO021776,3,Pricing,2026-08-18
FB005021,WO009894,3,Staff Behaviour,2025-11-12
FB004658,WO009150,4,Staff Behaviour,2025-10-23
FB003206,WO006323,4,Positive Experience,2025-08-06
FB010727,WO021244,2,Parts Availability,2026-08-18
FB011364,WO022433,3,Turnaround Time,2026-08-31
FB009628,WO019149,3,Turnaround Time,2026-06-27
FB007399,WO014694,4,Service Quality,2026-03-19
FB004063,WO007979,5,Positive Experience,2025-09-18
FB011959,WO023565,3,Parts Availability,2026-09-23
FB004310,WO008438,5,Positive Experience,2025-10-02
FB007686,WO015329,4,Positive Experience,2026-04-04
FB002199,WO004399,5,Positive Experience,2025-06-13
FB010157,WO020131,5,Positive Experience,2026-07-16
FB004662,WO009156,4,Staff Behaviour,2025-10-23
FB010697,WO021184,4,Positive Experience,2026-08-07
FB000873,WO001722,3,Communication,2025-03-17
FB010285,WO020379,3,Parts Availability,2026-07-26
FB012235,WO024065,4,Positive Experience,2026-09-30
FB011913,WO023453,4,Positive Experience,2026-09-20
FB010367,WO020553,5,Staff Behaviour,2026-07-25
FB000242,WO000481,4,Staff Behaviour,2025-01-25
FB010183,WO020179,3,Turnaround Time,2026-07-17
FB007742,WO015423,3,Turnaround Time,2026-04-06
FB005982,WO011899,5,Positive Experience,2026-01-07
FB002749,WO005470,4,Service Quality,2025-07-15
FB003025,WO006011,4,Positive Experience,2025-07-30
FB005755,WO011429,3,Turnaround Time,2025-12-25
FB000281,WO000547,4,Positive Experience,2025-01-26
FB002364,WO004735,5,Positive Experience,2025-06-26
FB002273,WO004539,3,Service Quality,2025-06-18
FB001752,WO003489,2,Turnaround Time,2025-05-19
FB003656,WO007191,4,Positive Experience,2025-08-28
FB010492,WO020800,4,Positive Experience,2026-07-29
FB010258,WO020330,4,Positive Experience,2026-07-19
FB001709,WO003403,5,Service Quality,2025-05-16
FB004048,WO007961,4,Positive Experience,2025-09-25
FB008153,WO016217,2,Repeat Issue,2026-04-26
FB012184,WO023971,3,Parts Availability,2026-10-06
FB003944,WO007770,5,Positive Experience,2025-09-13
FB005848,WO011632,5,Service Quality,2026-01-01
FB006799,WO013511,4,Positive Experience,2026-02-19
FB003418,WO006745,3,Turnaround Time,2025-08-17
FB008218,WO016348,3,Turnaround Time,2026-04-29
FB005785,WO011503,5,Positive Experience,2025-12-28
FB000473,WO000902,3,Turnaround Time,2025-02-12
FB006736,WO013384,4,Positive Experience,2026-02-14
FB006048,WO012015,5,Staff Behaviour,2026-01-08
FB004812,WO009466,3,Turnaround Time,2025-11-01
FB008651,WO017215,4,Positive Experience,2026-05-19
FB007897,WO015732,5,Staff Behaviour,2026-04-14
FB002559,WO005096,5,Service Quality,2025-07-05
FB000088,WO000184,4,Positive Experience,2025-01-10
FB004711,WO009263,5,Positive Experience,2025-10-27
FB004043,WO007950,5,Staff Behaviour,2025-09-18
FB009648,WO019178,5,Positive Experience,2026-06-29
FB011087,WO021934,4,Service Quality,2026-08-21
FB004556,WO008942,3,Parts Availability,2025-10-18
FB010595,WO020972,2,Turnaround Time,2026-07-31
FB009832,WO019524,2,Turnaround Time,2026-07-05
FB011318,WO022361,3,Service Quality,2026-08-28
FB009456,WO018813,4,Positive Experience,2026-06-23
FB008487,WO016908,4,Positive Experience,2026-05-13
FB008806,WO017523,3,Turnaround Time,2026-05-26
FB008005,WO015932,4,Positive Experience,2026-04-19
FB006186,WO012263,4,Staff Behaviour,2026-01-23
FB003478,WO006851,5,Service Quality,2025-08-22
FB001962,WO003929,4,Service Quality,2025-05-31
FB002722,WO005423,5,Positive Experience,2025-07-14
FB008404,WO016734,4,Positive Experience,2026-05-10
FB002825,WO005627,4,Service Quality,2025-07-21
FB001123,WO002221,5,Staff Behaviour,2025-04-03
FB010871,WO021522,4,Positive Experience,2026-08-14
FB012231,WO024050,4,Positive Experience,2026-10-01
FB002975,WO005925,3,Turnaround Time,2025-07-29
FB003889,WO007653,4,Positive Experience,2025-09-09
FB000352,WO000687,4,Service Quality,2025-02-02
FB002440,WO004869,5,Service Quality,2025-06-30
FB005757,WO011440,4,Positive Experience,2025-12-24
FB011419,WO022518,4,Positive Experience,2026-08-30
FB007440,WO014812,5,Staff Behaviour,2026-03-24
FB004133,WO008112,3,Repeat Issue,2025-09-24
FB000379,WO000737,4,Service Quality,2025-02-04
FB002024,WO004060,5,Positive Experience,2025-06-06
FB012250,WO024086,3,Turnaround Time,2026-10-01
FB011037,WO021825,5,Positive Experience,2026-08-20
FB000613,WO001207,4,Positive Experience,2025-02-24
FB009586,WO019075,4,Staff Behaviour,2026-06-27
FB011550,WO022781,5,Positive Experience,2026-09-07
FB005876,WO011688,4,Positive Experience,2026-01-02
FB002878,WO005737,3,Pricing,2025-07-21
FB009438,WO018786,3,Parts Availability,2026-06-28
FB008481,WO016896,4,Positive Experience,2026-05-12
FB003240,WO006386,4,Positive Experience,2025-08-08
FB006131,WO012174,5,Positive Experience,2026-01-15
FB010163,WO020137,5,Staff Behaviour,2026-07-16
FB000529,WO001033,3,Repeat Issue,2025-02-15
FB006156,WO012215,4,Service Quality,2026-01-16
FB006342,WO012592,3,Repeat Issue,2026-01-27
FB002635,WO005248,5,Service Quality,2025-07-09
FB012232,WO024058,5,Positive Experience,2026-09-29
FB007134,WO014192,4,Staff Behaviour,2026-03-09
FB009578,WO019062,4,Positive Experience,2026-06-28
FB001645,WO003254,5,Positive Experience,2025-05-08
FB008413,WO016757,5,Service Quality,2026-05-07
FB006663,WO013238,5,Positive Experience,2026-02-13
FB001473,WO002923,3,Turnaround Time,2025-04-27
FB010634,WO021052,4,Service Quality,2026-08-06
FB001536,WO003024,4,Positive Experience,2025-05-03
FB007945,WO015815,5,Positive Experience,2026-04-16
FB007163,WO014245,3,Turnaround Time,2026-03-09
FB009039,WO017977,5,Positive Experience,2026-06-03
FB008594,WO017104,3,Parts Availability,2026-05-24
FB007476,WO014865,4,Positive Experience,2026-03-24
FB008887,WO017670,4,Staff Behaviour,2026-05-30
FB012059,WO023736,5,Positive Experience,2026-09-23
FB005578,WO011052,4,Service Quality,2025-12-13
FB010883,WO021543,4,Staff Behaviour,2026-08-13
FB009768,WO019390,5,Positive Experience,2026-07-04
FB000107,WO000220,3,Turnaround Time,2025-01-13
FB003027,WO006015,4,Positive Experience,2025-07-30
FB004928,WO009689,4,Positive Experience,2025-11-07
FB008524,WO016979,5,Service Quality,2026-05-15
FB009655,WO019194,5,Positive Experience,2026-06-29
FB010387,WO020588,3,Repeat Issue,2026-07-25
FB002624,WO005227,5,Positive Experience,2025-07-08
FB004619,WO009087,5,Positive Experience,2025-10-18
FB002403,WO004809,4,Positive Experience,2025-06-26
FB008771,WO017463,3,Turnaround Time,2026-05-24
FB005462,WO010828,4,Service Quality,2025-12-07
FB004128,WO008106,4,Positive Experience,2025-09-25
FB006443,WO012800,3,Parts Availability,2026-02-05
FB000699,WO001390,4,Positive Experience,2025-03-02
FB009740,WO019332,3,Service Quality,2026-06-30
FB011380,WO022458,4,Service Quality,2026-08-29
FB010858,WO021496,4,Positive Experience,2026-08-10
FB009370,WO018639,4,Positive Experience,2026-06-17
FB011210,WO022165,5,Positive Experience,2026-08-24
FB005776,WO011481,4,Positive Experience,2025-12-27
FB006818,WO013554,4,Service Quality,2026-02-21
FB004661,WO009154,4,Positive Experience,2025-10-24
FB007111,WO014143,4,Service Quality,2026-03-09
FB004089,WO008029,4,Service Quality,2025-09-22
FB006430,WO012772,3,Turnaround Time,2026-01-30
FB008702,WO017313,4,Service Quality,2026-05-22
FB006513,WO012947,5,Service Quality,2026-02-05
FB006623,WO013161,5,Positive Experience,2026-02-09
FB011798,WO023222,3,Turnaround Time,2026-09-14
FB006562,WO013046,2,Parts Availability,2026-02-13
FB004011,WO007898,5,Service Quality,2025-09-19
FB007410,WO014737,3,Pricing,2026-03-21
FB003407,WO006720,4,Positive Experience,2025-08-19
FB005629,WO011170,4,Positive Experience,2025-12-15
FB009695,WO019263,3,Turnaround Time,2026-06-30
FB009203,WO018323,4,Positive Experience,2026-06-13
FB008246,WO016415,4,Service Quality,2026-05-02
FB002055,WO004131,5,Positive Experience,2025-06-08
FB003490,WO006878,4,Staff Behaviour,2025-08-22
FB004641,WO009124,4,Positive Experience,2025-10-22
FB006205,WO012308,3,Turnaround Time,2026-01-19
FB005311,WO010515,4,Positive Experience,2025-11-30
FB010152,WO020123,5,Service Quality,2026-07-17
FB003926,WO007733,4,Positive Experience,2025-09-11
FB003469,WO006837,4,Positive Experience,2025-08-21
FB010715,WO021221,3,Repeat Issue,2026-08-08
FB000966,WO001900,5,Positive Experience,2025-03-20
FB005051,WO009948,5,Positive Experience,2025-11-14
FB004981,WO009806,5,Staff Behaviour,2025-11-10
FB011753,WO023151,4,Positive Experience,2026-09-14
FB003408,WO006721,5,Staff Behaviour,2025-08-18
FB007001,WO013919,5,Positive Experience,2026-03-02
FB004167,WO008172,4,Positive Experience,2025-09-27
FB005469,WO010840,3,Turnaround Time,2025-12-08
FB004404,WO008618,5,Service Quality,2025-10-06
FB000968,WO001903,4,Staff Behaviour,2025-03-22
FB001947,WO003895,4,Positive Experience,2025-05-29
FB008498,WO016926,3,Turnaround Time,2026-05-14
FB002020,WO004051,4,Positive Experience,2025-06-06
FB002413,WO004826,5,Staff Behaviour,2025-06-26
FB004583,WO009006,2,Turnaround Time,2025-10-17
FB005255,WO010404,4,Positive Experience,2025-11-26
FB007703,WO015361,2,Turnaround Time,2026-04-06
FB004745,WO009316,4,Staff Behaviour,2025-10-28
FB000372,WO000726,5,Positive Experience,2025-02-05
FB004617,WO009084,4,Positive Experience,2025-10-19
FB001981,WO003972,5,Positive Experience,2025-05-31
FB011235,WO022212,2,Repeat Issue,2026-08-25
FB000203,WO000407,5,Positive Experience,2025-01-23
FB003479,WO006852,5,Positive Experience,2025-08-20
FB000777,WO001552,4,Service Quality,2025-03-10
FB011583,WO022837,4,Positive Experience,2026-09-08
FB004491,WO008819,4,Service Quality,2025-10-13
FB010154,WO020127,4,Service Quality,2026-07-15
FB000047,WO000092,4,Positive Experience,2025-01-05
FB008009,WO015939,3,Pricing,2026-04-21
FB001391,WO002754,4,Positive Experience,2025-04-24
FB011325,WO022372,4,Positive Experience,2026-08-28
FB005751,WO011423,5,Service Quality,2025-12-23
FB011842,WO023306,3,Parts Availability,2026-09-25
FB001430,WO002826,4,Staff Behaviour,2025-04-25
FB009108,WO018129,4,Positive Experience,2026-06-08
FB003984,WO007832,3,Turnaround Time,2025-09-16
FB002115,WO004235,4,Positive Experience,2025-06-12
FB004033,WO007932,3,Turnaround Time,2025-09-19
FB008717,WO017350,4,Positive Experience,2026-05-21
FB011941,WO023528,5,Positive Experience,2026-09-20
FB001574,WO003097,5,Service Quality,2025-05-02
FB011500,WO022669,3,Turnaround Time,2026-09-03
FB007475,WO014863,4,Positive Experience,2026-03-22
FB007650,WO015259,5,Staff Behaviour,2026-04-05
FB006905,WO013719,3,Service Quality,2026-02-27
FB005426,WO010759,3,Repeat Issue,2025-12-04
FB006285,WO012473,5,Positive Experience,2026-01-22
FB006125,WO012156,4,Positive Experience,2026-01-14
FB010572,WO020934,3,Parts Availability,2026-08-04
FB007610,WO015161,5,Positive Experience,2026-04-01
FB009646,WO019174,4,Positive Experience,2026-06-27
FB004798,WO009432,4,Positive Experience,2025-10-31
FB002949,WO005871,5,Staff Behaviour,2025-07-26
FB002926,WO005827,4,Positive Experience,2025-07-23
FB000435,WO000844,4,Positive Experience,2025-02-11
FB006408,WO012729,5,Positive Experience,2026-01-31
FB006739,WO013387,5,Positive Experience,2026-02-15
FB001968,WO003941,3,Pricing,2025-05-31
FB010365,WO020548,2,Turnaround Time,2026-07-24
FB000362,WO000706,5,Positive Experience,2025-02-01
FB006993,WO013905,4,Positive Experience,2026-03-02
FB011326,WO022373,4,Service Quality,2026-08-27
FB009126,WO018161,3,Turnaround Time,2026-06-11
FB008361,WO016642,4,Positive Experience,2026-05-05
FB010297,WO020397,5,Positive Experience,2026-07-20
FB009475,WO018852,2,Parts Availability,2026-06-28
FB009791,WO019434,4,Positive Experience,2026-07-02
FB005019,WO009890,3,Turnaround Time,2025-11-10
FB010755,WO021306,4,Positive Experience,2026-08-08
FB011008,WO021772,2,Turnaround Time,2026-08-15
FB009306,WO018526,5,Positive Experience,2026-06-17
FB000543,WO001063,3,Service Quality,2025-02-16
FB005046,WO009939,5,Service Quality,2025-11-13
FB006811,WO013535,4,Positive Experience,2026-02-19
FB006195,WO012285,3,Turnaround Time,2026-01-17
FB000484,WO000936,4,Service Quality,2025-02-12
FB004735,WO009300,5,Service Quality,2025-10-25
FB010278,WO020365,4,Service Quality,2026-07-20
FB005356,WO010617,4,Staff Behaviour,2025-11-29
FB000419,WO000817,4,Service Quality,2025-02-10
FB001776,WO003546,4,Positive Experience,2025-05-19
FB005470,WO010841,3,Parts Availability,2025-12-10
FB002922,WO005816,4,Staff Behaviour,2025-07-23
FB001966,WO003938,4,Staff Behaviour,2025-06-01
FB004274,WO008370,4,Positive Experience,2025-10-01
FB001972,WO003949,5,Positive Experience,2025-06-03
FB000634,WO001255,5,Positive Experience,2025-02-25
FB009990,WO019825,4,Positive Experience,2026-07-13
FB000428,WO000835,3,Parts Availability,2025-02-11
FB006066,WO012050,4,Positive Experience,2026-01-12
FB011547,WO022775,4,Service Quality,2026-09-07
FB011336,WO022389,4,Positive Experience,2026-08-28
FB007552,WO015016,3,Turnaround Time,2026-03-28
FB002018,WO004049,4,Positive Experience,2025-06-03
FB002431,WO004859,3,Communication,2025-06-29
FB000357,WO000694,5,Service Quality,2025-02-01
FB010699,WO021190,3,Turnaround Time,2026-08-06
FB002630,WO005234,4,Positive Experience,2025-07-08
FB006770,WO013452,4,Positive Experience,2026-02-16
FB002854,WO005694,2,Turnaround Time,2025-07-22
FB000685,WO001355,5,Staff Behaviour,2025-03-01
FB006488,WO012892,4,Positive Experience,2026-02-05
FB008948,WO017784,5,Service Quality,2026-06-02
FB006465,WO012852,3,Turnaround Time,2026-01-31
FB008632,WO017177,5,Positive Experience,2026-05-18
FB002760,WO005487,5,Positive Experience,2025-07-15
FB006068,WO012052,5,Positive Experience,2026-01-11
FB011261,WO022253,4,Service Quality,2026-08-27
FB001000,WO001962,4,Staff Behaviour,2025-03-23
FB000099,WO000204,4,Positive Experience,2025-01-12
FB009809,WO019470,4,Positive Experience,2026-07-04
FB011203,WO022148,3,Turnaround Time,2026-08-25
FB001266,WO002512,4,Positive Experience,2025-04-13
FB003781,WO007438,4,Staff Behaviour,2025-09-06
FB011010,WO021774,3,Turnaround Time,2026-08-16
FB008946,WO017782,4,Positive Experience,2026-06-02
FB002795,WO005566,5,Service Quality,2025-07-17
FB000749,WO001490,3,Pricing,2025-03-05
FB000250,WO000491,3,Pricing,2025-01-26
FB005861,WO011652,4,Service Quality,2026-01-02
FB003229,WO006364,4,Positive Experience,2025-08-07
FB006045,WO012010,5,Staff Behaviour,2026-01-09
FB007726,WO015392,4,Positive Experience,2026-04-07
FB002695,WO005360,4,Staff Behaviour,2025-07-13
FB010609,WO020995,5,Staff Behaviour,2026-08-04
FB000474,WO000906,3,Turnaround Time,2025-02-13
FB005449,WO010805,5,Positive Experience,2025-12-06
FB000277,WO000538,2,Parts Availability,2025-01-30
FB011905,WO023437,3,Communication,2026-09-20
FB004427,WO008679,5,Staff Behaviour,2025-10-08
FB000535,WO001044,3,Service Quality,2025-02-15
FB008164,WO016235,3,Turnaround Time,2026-04-27
FB009626,WO019147,4,Staff Behaviour,2026-06-29
FB003094,WO006127,4,Service Quality,2025-07-31
FB005987,WO011904,4,Service Quality,2026-01-08
FB004490,WO008818,2,Repeat Issue,2025-10-14
FB004091,WO008033,4,Positive Experience,2025-09-23
FB003204,WO006321,5,Positive Experience,2025-08-05
FB004712,WO009264,4,Positive Experience,2025-10-24
FB001698,WO003362,3,Turnaround Time,2025-05-13
FB001477,WO002934,4,Positive Experience,2025-04-26
FB002538,WO005063,5,Positive Experience,2025-07-04
FB004429,WO008681,5,Positive Experience,2025-10-11
FB002067,WO004152,5,Positive Experience,2025-06-08
FB001044,WO002056,3,Pricing,2025-03-27
FB010856,WO021492,5,Positive Experience,2026-08-12
FB010896,WO021582,4,Staff Behaviour,2026-08-14
FB007449,WO014825,4,Positive Experience,2026-03-23
FB004514,WO008860,4,Positive Experience,2025-10-15
FB005796,WO011531,2,Turnaround Time,2025-12-28
FB010074,WO019961,4,Positive Experience,2026-07-15
FB002529,WO005041,3,Repeat Issue,2025-07-03
FB008699,WO017307,3,Pricing,2026-05-20
FB003572,WO007032,5,Positive Experience,2025-08-26
FB000315,WO000613,3,Parts Availability,2025-02-07
FB009183,WO018285,3,Service Quality,2026-06-11
FB003791,WO007454,3,Repeat Issue,2025-09-05
FB010844,WO021472,4,Service Quality,2026-08-13
FB007802,WO015548,4,Service Quality,2026-04-10
FB002953,WO005877,4,Positive Experience,2025-07-27
FB003381,WO006670,4,Service Quality,2025-08-18
FB001051,WO002067,3,Pricing,2025-03-27
FB000061,WO000121,3,Turnaround Time,2025-01-09
FB004327,WO008480,5,Positive Experience,2025-10-02
FB009929,WO019713,5,Positive Experience,2026-07-08
FB002052,WO004127,4,Positive Experience,2025-06-08
FB005976,WO011890,5,Positive Experience,2026-01-07
FB010207,WO020228,3,Service Quality,2026-07-19
FB005101,WO010057,5,Positive Experience,2025-11-17
FB012114,WO023852,5,Staff Behaviour,2026-09-27
FB003550,WO006983,3,Turnaround Time,2025-08-23
FB008541,WO017009,3,Service Quality,2026-05-16
FB010561,WO020919,4,Service Quality,2026-08-01
FB001653,WO003270,3,Parts Availability,2025-05-19
FB007478,WO014868,3,Turnaround Time,2026-03-26
FB012050,WO023726,4,Positive Experience,2026-09-25
FB002252,WO004490,4,Service Quality,2025-06-19
FB011407,WO022502,2,Repeat Issue,2026-09-01
FB003474,WO006842,4,Staff Behaviour,2025-08-22
FB010663,WO021100,5,Positive Experience,2026-08-05
FB010030,WO019889,2,Turnaround Time,2026-07-11
FB010643,WO021062,3,Turnaround Time,2026-08-02
FB001242,WO002470,5,Service Quality,2025-04-11
FB010069,WO019955,3,Turnaround Time,2026-07-16
FB001973,WO003950,3,Turnaround Time,2025-06-03
FB001039,WO002045,4,Service Quality,2025-03-27
FB005067,WO009989,5,Staff Behaviour,2025-11-14
FB003902,WO007681,3,Turnaround Time,2025-09-11
FB003057,WO006068,4,Positive Experience,2025-07-30
FB001146,WO002265,4,Positive Experience,2025-04-02
FB000649,WO001282,4,Positive Experience,2025-02-28
FB002334,WO004671,5,Positive Experience,2025-06-24
FB010220,WO020256,4,Service Quality,2026-07-20
FB006546,WO013013,4,Service Quality,2026-02-05
FB001456,WO002892,4,Service Quality,2025-04-28
FB006291,WO012483,4,Positive Experience,2026-01-23
FB007618,WO015177,5,Positive Experience,2026-04-02
FB011579,WO022830,3,Turnaround Time,2026-09-08
FB002590,WO005148,5,Positive Experience,2025-07-07
FB004288,WO008400,3,Turnaround Time,2025-09-30
FB008221,WO016354,5,Positive Experience,2026-04-30
FB000539,WO001052,3,Turnaround Time,2025-02-17
FB009017,WO017933,4,Positive Experience,2026-06-04
FB010239,WO020282,3,Turnaround Time,2026-07-21
FB003960,WO007791,5,Positive Experience,2025-09-15
FB000255,WO000499,5,Positive Experience,2025-01-24
FB009789,WO019427,5,Positive Experience,2026-07-05
FB003146,WO006225,4,Staff Behaviour,2025-08-02
FB006092,WO012089,4,Staff Behaviour,2026-01-12
FB010017,WO019869,5,Service Quality,2026-07-14
FB011079,WO021920,4,Staff Behaviour,2026-08-22
FB002151,WO004297,5,Positive Experience,2025-06-11
FB011925,WO023479,4,Positive Experience,2026-09-21
FB005511,WO010922,4,Service Quality,2025-12-13
FB000179,WO000366,5,Positive Experience,2025-01-20
FB006652,WO013209,4,Positive Experience,2026-02-10
FB004228,WO008296,4,Positive Experience,2025-09-29
FB001135,WO002244,4,Service Quality,2025-04-02
FB002681,WO005340,4,Positive Experience,2025-07-16
FB001200,WO002365,4,Positive Experience,2025-04-07
FB010779,WO021352,3,Turnaround Time,2026-08-10
FB002244,WO004477,5,Positive Experience,2025-06-15
FB004373,WO008555,5,Service Quality,2025-10-07
FB010406,WO020630,3,Turnaround Time,2026-07-27
FB009012,WO017923,5,Positive Experience,2026-06-02
FB001646,WO003256,4,Service Quality,2025-05-11
FB008745,WO017411,5,Positive Experience,2026-05-24
FB008389,WO016701,4,Positive Experience,2026-05-06
FB005749,WO011419,4,Positive Experience,2025-12-26
FB001733,WO003449,5,Service Quality,2025-05-18
FB003084,WO006115,4,Staff Behaviour,2025-08-01
FB003833,WO007540,3,Turnaround Time,2025-09-07
FB007013,WO013946,5,Positive Experience,2026-03-02
FB008928,WO017754,5,Positive Experience,2026-05-31
FB001822,WO003630,4,Service Quality,2025-05-24
FB007259,WO014428,3,Repeat Issue,2026-03-14
FB001428,WO002822,4,Positive Experience,2025-04-26
FB010455,WO020717,3,Parts Availability,2026-07-29
FB009912,WO019670,3,Service Quality,2026-07-10
FB006635,WO013178,4,Positive Experience,2026-02-12
FB009056,WO018005,5,Positive Experience,2026-06-07
FB007431,WO014789,5,Service Quality,2026-03-20
FB008740,WO017399,4,Positive Experience,2026-05-25
FB004303,WO008426,4,Staff Behaviour,2025-10-08
FB008296,WO016519,4,Staff Behaviour,2026-05-02
FB003918,WO007711,5,Positive Experience,2025-09-13
FB006898,WO013708,5,Positive Experience,2026-02-25
FB003809,WO007496,5,Positive Experience,2025-09-05
FB001130,WO002236,4,Staff Behaviour,2025-04-04
FB005091,WO010039,3,Communication,2025-11-14
FB010937,WO021655,4,Positive Experience,2026-08-14
FB008677,WO017275,5,Staff Behaviour,2026-05-19
FB000069,WO000137,3,Communication,2025-01-09
FB007662,WO015283,3,Turnaround Time,2026-04-05
FB009683,WO019233,5,Positive Experience,2026-06-29
FB000456,WO000875,2,Turnaround Time,2025-02-12
FB008841,WO017595,3,Repeat Issue,2026-05-26
FB008303,WO016531,3,Repeat Issue,2026-05-05
FB004328,WO008482,5,Service Quality,2025-10-04
FB004638,WO009120,3,Repeat Issue,2025-10-23
FB004458,WO008761,5,Positive Experience,2025-10-13
FB008377,WO016670,4,Staff Behaviour,2026-05-08
FB005039,WO009924,3,Parts Availability,2025-11-18
FB003104,WO006147,3,Communication,2025-08-04
FB000528,WO001031,5,Positive Experience,2025-02-15
FB006107,WO012119,5,Positive Experience,2026-01-14
FB008954,WO017791,4,Service Quality,2026-06-01
FB000720,WO001429,5,Staff Behaviour,2025-03-06
FB009744,WO019344,5,Service Quality,2026-07-03
FB001373,WO002722,5,Service Quality,2025-04-20
FB009495,WO018896,4,Staff Behaviour,2026-06-24
FB003512,WO006915,3,Staff Behaviour,2025-08-23
FB008310,WO016545,5,Positive Experience,2026-05-04
FB003867,WO007615,3,Parts Availability,2025-09-20
FB010723,WO021233,5,Positive Experience,2026-08-07
FB007479,WO014869,5,Staff Behaviour,2026-03-24
FB001849,WO003685,4,Service Quality,2025-05-23
FB009941,WO019734,4,Positive Experience,2026-07-11
FB002642,WO005260,5,Positive Experience,2025-07-07
FB010718,WO021224,3,Staff Behaviour,2026-08-07
FB001710,WO003404,4,Positive Experience,2025-05-13
FB002963,WO005898,4,Staff Behaviour,2025-07-27
FB004208,WO008256,4,Positive Experience,2025-09-29
FB003755,WO007382,4,Positive Experience,2025-09-06
FB009953,WO019757,4,Staff Behaviour,2026-07-10
FB002078,WO004169,5,Positive Experience,2025-06-06
FB000645,WO001275,5,Positive Experience,2025-02-26
FB003006,WO005967,4,Positive Experience,2025-07-26
FB012149,WO023906,4,Staff Behaviour,2026-09-27
FB005605,WO011109,5,Positive Experience,2025-12-14
FB003266,WO006436,5,Positive Experience,2025-08-11
FB002530,WO005045,2,Repeat Issue,2025-07-04
FB011183,WO022123,4,Positive Experience,2026-08-22
FB000014,WO000024,5,Service Quality,2025-01-02
FB002438,WO004867,4,Service Quality,2025-06-27
FB002215,WO004423,5,Positive Experience,2025-06-14
FB004438,WO008706,4,Positive Experience,2025-10-12
FB002506,WO004993,5,Positive Experience,2025-06-30
FB002383,WO004766,4,Positive Experience,2025-06-26
FB001262,WO002508,4,Positive Experience,2025-04-15
FB005331,WO010562,4,Staff Behaviour,2025-11-28
FB003917,WO007708,4,Service Quality,2025-09-11
FB000345,WO000675,5,Positive Experience,2025-01-31
FB001449,WO002878,5,Service Quality,2025-04-25
FB008956,WO017797,3,Turnaround Time,2026-05-30
FB001459,WO002896,4,Positive Experience,2025-04-26
FB007680,WO015319,5,Service Quality,2026-04-04
FB000414,WO000808,5,Staff Behaviour,2025-02-10
FB009457,WO018814,4,Positive Experience,2026-06-20
FB000233,WO000469,2,Repeat Issue,2025-01-26
FB008238,WO016394,5,Positive Experience,2026-04-28
FB007140,WO014204,3,Turnaround Time,2026-03-09
FB012097,WO023819,3,Turnaround Time,2026-09-28
FB002813,WO005599,4,Positive Experience,2025-07-17
FB000263,WO000515,3,Communication,2025-01-27
FB000809,WO001620,4,Positive Experience,2025-03-13
FB010652,WO021082,5,Positive Experience,2026-08-02
FB009096,WO018103,5,Staff Behaviour,2026-06-07
FB006732,WO013379,5,Positive Experience,2026-02-15
FB012020,WO023665,3,Communication,2026-09-22
FB011207,WO022157,5,Staff Behaviour,2026-08-25
FB008173,WO016259,4,Positive Experience,2026-04-25
FB005649,WO011211,5,Positive Experience,2025-12-17
FB011415,WO022514,3,Parts Availability,2026-09-07
FB011328,WO022376,4,Positive Experience,2026-08-28
FB001129,WO002235,5,Positive Experience,2025-04-04
FB009769,WO019396,5,Positive Experience,2026-07-05
FB011645,WO022956,3,Repeat Issue,2026-09-09
FB003318,WO006533,5,Positive Experience,2025-08-13
FB010373,WO020563,4,Positive Experience,2026-07-26
FB002424,WO004849,5,Positive Experience,2025-06-28
FB005035,WO009920,5,Service Quality,2025-11-13
FB007540,WO014993,4,Service Quality,2026-03-29
FB009631,WO019154,3,Turnaround Time,2026-06-28
FB005949,WO011835,5,Positive Experience,2026-01-04
FB007304,WO014503,4,Positive Experience,2026-03-16
FB003013,WO005982,4,Positive Experience,2025-07-30
FB008578,WO017078,4,Positive Experience,2026-05-16
FB004019,WO007910,5,Service Quality,2025-09-19
FB010224,WO020260,2,Repeat Issue,2026-07-25
FB001451,WO002880,4,Staff Behaviour,2025-04-27
FB001742,WO003467,5,Service Quality,2025-05-18
FB009609,WO019115,3,Turnaround Time,2026-06-27
FB005373,WO010645,5,Service Quality,2025-12-02
FB010251,WO020313,3,Pricing,2026-07-19
FB001925,WO003845,3,Turnaround Time,2025-05-29
FB008456,WO016832,4,Positive Experience,2026-05-09
FB000389,WO000756,4,Positive Experience,2025-02-04
FB011100,WO021956,4,Staff Behaviour,2026-08-20
FB002167,WO004333,5,Service Quality,2025-06-13
FB001920,WO003837,4,Positive Experience,2025-05-30
FB004736,WO009301,4,Service Quality,2025-10-26
FB003335,WO006568,4,Staff Behaviour,2025-08-12
FB005662,WO011234,4,Service Quality,2025-12-17
FB004508,WO008848,5,Positive Experience,2025-10-13
FB001854,WO003695,4,Service Quality,2025-05-23
FB002802,WO005579,3,Pricing,2025-07-19
FB011443,WO022566,3,Turnaround Time,2026-09-03
FB001269,WO002525,3,Repeat Issue,2025-04-12
FB000132,WO000276,4,Positive Experience,2025-01-15
FB011650,WO022967,4,Positive Experience,2026-09-10
FB003424,WO006757,4,Positive Experience,2025-08-16
FB002084,WO004176,4,Staff Behaviour,2025-06-07
FB007080,WO014077,3,Turnaround Time,2026-03-06
FB011276,WO022283,2,Turnaround Time,2026-08-26
FB001115,WO002201,5,Positive Experience,2025-04-01
FB011247,WO022227,2,Turnaround Time,2026-08-25
FB004410,WO008631,4,Service Quality,2025-10-07
FB003962,WO007794,5,Positive Experience,2025-09-14
FB008852,WO017615,5,Service Quality,2026-05-26
FB009743,WO019342,5,Positive Experience,2026-06-30
FB008855,WO017618,5,Positive Experience,2026-05-26
FB007565,WO015041,4,Positive Experience,2026-03-29
FB003742,WO007355,5,Staff Behaviour,2025-09-04
FB008547,WO017025,4,Service Quality,2026-05-17
FB005274,WO010448,5,Positive Experience,2025-11-27
FB010645,WO021068,4,Positive Experience,2026-08-01
FB005841,WO011622,4,Positive Experience,2026-01-01
FB008057,WO016026,5,Positive Experience,2026-04-22
FB003014,WO005985,3,Turnaround Time,2025-07-31
FB002349,WO004705,5,Staff Behaviour,2025-06-21
FB003015,WO005989,5,Positive Experience,2025-07-28
FB008424,WO016773,3,Turnaround Time,2026-05-11
FB008587,WO017092,4,Positive Experience,2026-05-18
FB010018,WO019870,3,Turnaround Time,2026-07-16
FB011043,WO021837,4,Service Quality,2026-08-17
FB006475,WO012869,3,Turnaround Time,2026-02-02
FB000288,WO000559,5,Positive Experience,2025-01-25
FB003264,WO006429,3,Turnaround Time,2025-08-10
FB001457,WO002894,3,Turnaround Time,2025-04-26
FB002113,WO004231,4,Staff Behaviour,2025-06-08
FB002022,WO004055,4,Positive Experience,2025-06-10
FB011106,WO021968,3,Turnaround Time,2026-08-22
FB006756,WO013421,2,Turnaround Time,2026-02-14
FB004571,WO008968,4,Positive Experience,2025-10-15
FB011474,WO022619,3,Staff Behaviour,2026-09-03
FB005948,WO011834,5,Service Quality,2026-01-04
FB005641,WO011191,5,Positive Experience,2025-12-18
FB007278,WO014465,3,Repeat Issue,2026-03-15
FB006987,WO013895,4,Positive Experience,2026-03-02
FB006619,WO013149,4,Positive Experience,2026-02-09
FB006705,WO013336,4,Positive Experience,2026-02-16
FB006095,WO012092,4,Staff Behaviour,2026-01-13
FB010612,WO021001,4,Positive Experience,2026-08-01
FB001569,WO003088,3,Parts Availability,2025-05-08
FB005407,WO010730,4,Positive Experience,2025-12-04
FB003695,WO007259,5,Service Quality,2025-09-02
FB000299,WO000587,4,Positive Experience,2025-01-28
FB000282,WO000548,5,Service Quality,2025-01-25
FB012028,WO023680,3,Turnaround Time,2026-09-25
FB011229,WO022202,5,Staff Behaviour,2026-08-24
FB009145,WO018213,5,Positive Experience,2026-06-12
FB006326,WO012565,4,Service Quality,2026-01-27
FB004070,WO007988,4,Service Quality,2025-09-20
FB001432,WO002830,4,Staff Behaviour,2025-04-24
FB007615,WO015174,5,Positive Experience,2026-04-02
FB005377,WO010655,5,Staff Behaviour,2025-12-03
FB006023,WO011969,4,Positive Experience,2026-01-10
FB012150,WO023907,4,Service Quality,2026-09-28
FB009576,WO019059,5,Positive Experience,2026-06-26
FB008606,WO017126,5,Positive Experience,2026-05-18
FB010095,WO020008,3,Parts Availability,2026-07-19
FB006121,WO012151,2,Repeat Issue,2026-01-15
FB007521,WO014956,5,Service Quality,2026-03-26
FB002936,WO005845,5,Positive Experience,2025-07-27
FB009690,WO019250,3,Turnaround Time,2026-06-29
FB005623,WO011152,5,Positive Experience,2025-12-17
FB000933,WO001839,5,Positive Experience,2025-03-20
FB007860,WO015659,4,Service Quality,2026-04-12
FB008328,WO016577,5,Service Quality,2026-05-03
FB006984,WO013889,4,Positive Experience,2026-03-02
FB001650,WO003266,5,Staff Behaviour,2025-05-10
FB005768,WO011463,4,Positive Experience,2025-12-24
FB006931,WO013772,4,Positive Experience,2026-02-25
FB002285,WO004561,5,Positive Experience,2025-06-20
FB004347,WO008508,4,Positive Experience,2025-10-04
FB007842,WO015625,4,Positive Experience,2026-04-12
FB001307,WO002604,4,Positive Experience,2025-04-16
FB003203,WO006320,5,Positive Experience,2025-08-08
FB007168,WO014259,4,Positive Experience,2026-03-09
FB006485,WO012888,5,Positive Experience,2026-02-05
FB010389,WO020593,5,Service Quality,2026-07-27
FB000100,WO000205,3,Parts Availability,2025-01-12
FB012096,WO023817,3,Parts Availability,2026-09-29
FB009587,WO019076,3,Parts Availability,2026-06-29
FB002707,WO005392,4,Positive Experience,2025-07-14
FB004727,WO009288,4,Positive Experience,2025-10-24
FB011764,WO023166,3,Turnaround Time,2026-09-12
FB009765,WO019382,5,Positive Experience,2026-07-01
FB008276,WO016475,4,Positive Experience,2026-05-02
FB000353,WO000688,4,Positive Experience,2025-02-01
FB005900,WO011734,5,Service Quality,2026-01-03
FB001531,WO003019,4,Positive Experience,2025-05-02
FB012063,WO023751,3,Service Quality,2026-09-24
FB003074,WO006098,3,Turnaround Time,2025-07-31
FB006828,WO013583,5,Positive Experience,2026-02-21
FB001308,WO002605,4,Staff Behaviour,2025-04-17
FB000516,WO001007,3,Repeat Issue,2025-02-15
FB003504,WO006901,4,Positive Experience,2025-08-21
FB001378,WO002727,4,Service Quality,2025-04-19
FB005541,WO010974,2,Turnaround Time,2025-12-12
FB011657,WO022984,4,Positive Experience,2026-09-11
FB008573,WO017073,5,Positive Experience,2026-05-15
FB008723,WO017359,5,Positive Experience,2026-05-23
FB009296,WO018513,5,Service Quality,2026-06-15
FB007244,WO014396,4,Service Quality,2026-03-12
FB005905,WO011749,4,Positive Experience,2026-01-04
FB001414,WO002792,5,Staff Behaviour,2025-04-23
FB008148,WO016208,3,Turnaround Time,2026-04-27
FB002477,WO004944,4,Staff Behaviour,2025-07-01
FB006719,WO013357,4,Positive Experience,2026-02-17
FB006212,WO012325,4,Positive Experience,2026-01-17
FB002864,WO005714,4,Positive Experience,2025-07-19
FB002775,WO005514,4,Staff Behaviour,2025-07-18
FB000077,WO000153,4,Positive Experience,2025-01-08
FB008789,WO017487,4,Staff Behaviour,2026-05-25
FB001826,WO003636,4,Positive Experience,2025-05-22
FB007574,WO015055,4,Positive Experience,2026-03-30
FB005789,WO011517,4,Positive Experience,2025-12-27
FB012201,WO023997,4,Positive Experience,2026-09-28
FB010576,WO020938,5,Service Quality,2026-07-31
FB007258,WO014421,4,Positive Experience,2026-03-13
FB003175,WO006267,4,Service Quality,2025-08-04
FB004702,WO009244,3,Pricing,2025-10-25
FB001840,WO003666,4,Staff Behaviour,2025-05-24
FB001949,WO003899,4,Positive Experience,2025-05-29
FB004101,WO008055,5,Staff Behaviour,2025-09-20
FB008610,WO017137,4,Positive Experience,2026-05-16
FB005228,WO010344,4,Positive Experience,2025-11-23
FB008111,WO016132,2,Parts Availability,2026-04-27
FB008049,WO016013,5,Positive Experience,2026-04-21
FB001223,WO002433,4,Service Quality,2025-04-11
FB004476,WO008791,4,Service Quality,2025-10-13
FB008704,WO017319,2,Parts Availability,2026-05-22
FB007668,WO015293,2,Turnaround Time,2026-04-04
FB010752,WO021299,3,Turnaround Time,2026-08-08
FB000021,WO000038,5,Service Quality,2025-01-04
FB005598,WO011097,3,Turnaround Time,2025-12-15
FB006533,WO012986,5,Positive Experience,2026-02-06
FB007145,WO014214,3,Turnaround Time,2026-03-10
FB006006,WO011938,5,Service Quality,2026-01-07
FB007909,WO015755,5,Positive Experience,2026-04-15
FB008288,WO016504,4,Staff Behaviour,2026-05-02
FB004285,WO008395,5,Positive Experience,2025-09-30
FB009861,WO019571,4,Positive Experience,2026-07-07
FB000363,WO000707,3,Pricing,2025-02-04
FB010417,WO020650,2,Turnaround Time,2026-07-27
FB003100,WO006136,4,Service Quality,2025-08-03
FB000441,WO000856,5,Positive Experience,2025-02-09
FB005145,WO010164,5,Positive Experience,2025-11-20
FB006127,WO012160,2,Parts Availability,2026-01-21
FB008220,WO016352,4,Positive Experience,2026-05-02
FB004304,WO008427,4,Positive Experience,2025-10-03
FB008580,WO017080,3,Parts Availability,2026-05-18
FB010712,WO021213,5,Staff Behaviour,2026-08-07
FB008065,WO016048,4,Positive Experience,2026-04-22
FB001792,WO003572,4,Positive Experience,2025-05-19
FB008002,WO015921,3,Turnaround Time,2026-04-18
FB008561,WO017052,3,Turnaround Time,2026-05-16
FB008415,WO016759,4,Staff Behaviour,2026-05-09
FB008364,WO016647,4,Positive Experience,2026-05-06
FB002945,WO005862,5,Positive Experience,2025-07-27
FB004616,WO009082,3,Turnaround Time,2025-10-20
FB011938,WO023524,3,Turnaround Time,2026-09-19
FB006333,WO012579,4,Positive Experience,2026-01-25
FB008813,WO017544,4,Service Quality,2026-05-25
FB009074,WO018050,5,Positive Experience,2026-06-05
FB000224,WO000450,4,Service Quality,2025-01-25
FB011290,WO022309,4,Service Quality,2026-08-27
FB008977,WO017844,4,Positive Experience,2026-06-02
FB003621,WO007128,4,Positive Experience,2025-08-30
FB006629,WO013169,4,Service Quality,2026-02-11
FB004403,WO008616,5,Positive Experience,2025-10-08
FB006220,WO012340,5,Positive Experience,2026-01-17
FB001862,WO003708,5,Positive Experience,2025-05-23
FB002351,WO004707,5,Positive Experience,2025-06-21
FB003531,WO006949,5,Service Quality,2025-08-24
FB005893,WO011723,4,Positive Experience,2026-01-01
FB003929,WO007738,5,Staff Behaviour,2025-09-11
FB000383,WO000744,5,Positive Experience,2025-02-04
FB010249,WO020311,5,Positive Experience,2026-07-18
FB009687,WO019247,3,Turnaround Time,2026-07-02
FB000060,WO000120,5,Positive Experience,2025-01-06
FB000839,WO001670,5,Service Quality,2025-03-14
FB012115,WO023853,4,Positive Experience,2026-09-27
FB002270,WO004531,3,Turnaround Time,2025-06-17
FB011957,WO023561,4,Service Quality,2026-09-21
FB002307,WO004616,5,Positive Experience,2025-06-20
FB004660,WO009153,3,Parts Availability,2025-10-23
FB006791,WO013498,3,Communication,2026-02-19
FB003090,WO006123,4,Positive Experience,2025-08-02
FB006253,WO012402,4,Positive Experience,2026-01-21
FB005932,WO011796,5,Staff Behaviour,2026-01-02
FB005772,WO011472,4,Positive Experience,2025-12-24
FB001858,WO003701,5,Positive Experience,2025-05-26
FB006531,WO012982,4,Staff Behaviour,2026-02-04
FB011711,WO023078,4,Positive Experience,2026-09-10
FB002549,WO005078,5,Service Quality,2025-07-05
FB002149,WO004293,5,Service Quality,2025-06-11
FB005754,WO011428,4,Service Quality,2025-12-26
FB005806,WO011547,3,Waiting Time,2025-12-28
FB010569,WO020928,4,Positive Experience,2026-07-30
FB002852,WO005692,3,Service Quality,2025-07-22
FB004834,WO009507,5,Positive Experience,2025-10-31
FB008110,WO016131,3,Pricing,2026-04-24
FB003242,WO006393,5,Positive Experience,2025-08-08
FB000257,WO000502,5,Positive Experience,2025-01-24
FB006740,WO013388,4,Positive Experience,2026-02-15
FB009490,WO018886,3,Turnaround Time,2026-06-23
FB001318,WO002626,5,Service Quality,2025-04-18
FB011811,WO023246,5,Service Quality,2026-09-13
FB005792,WO011526,5,Positive Experience,2025-12-26
FB000544,WO001065,4,Positive Experience,2025-02-16
FB006200,WO012296,3,Turnaround Time,2026-01-18
FB004851,WO009534,5,Positive Experience,2025-11-02
FB005242,WO010378,4,Staff Behaviour,2025-11-27
FB000080,WO000162,4,Positive Experience,2025-01-09
FB006724,WO013364,3,Communication,2026-02-14
FB011805,WO023235,3,Turnaround Time,2026-09-16
FB006099,WO012101,4,Positive Experience,2026-01-11
FB004024,WO007915,5,Staff Behaviour,2025-09-18
FB007999,WO015915,4,Positive Experience,2026-04-18
FB007252,WO014410,5,Service Quality,2026-03-14
FB004835,WO009508,4,Staff Behaviour,2025-11-01
FB005834,WO011605,4,Staff Behaviour,2026-01-01
FB002750,WO005471,4,Positive Experience,2025-07-16
FB011853,WO023330,3,Turnaround Time,2026-09-15
FB001163,WO002301,4,Service Quality,2025-04-07
FB003952,WO007780,4,Positive Experience,2025-09-12
FB006229,WO012363,5,Staff Behaviour,2026-01-19
FB004837,WO009510,5,Positive Experience,2025-10-31
FB009386,WO018670,4,Positive Experience,2026-06-19
FB009688,WO019248,5,Positive Experience,2026-06-30
FB003355,WO006611,3,Parts Availability,2025-08-17
FB011616,WO022898,5,Positive Experience,2026-09-09
FB002912,WO005799,5,Staff Behaviour,2025-07-25
FB011821,WO023265,3,Turnaround Time,2026-09-18
FB009212,WO018346,5,Positive Experience,2026-06-13
FB006505,WO012936,4,Positive Experience,2026-02-04
FB004761,WO009349,3,Turnaround Time,2025-10-27
FB006176,WO012247,5,Positive Experience,2026-01-18
FB009820,WO019501,4,Positive Experience,2026-07-06
FB005278,WO010459,5,Service Quality,2025-11-27
FB010156,WO020130,4,Service Quality,2026-07-17
FB002843,WO005665,4,Service Quality,2025-07-20
FB006700,WO013328,3,Turnaround Time,2026-02-15
FB011333,WO022386,4,Positive Experience,2026-08-30
FB004813,WO009467,4,Positive Experience,2025-10-30
FB004363,WO008537,4,Positive Experience,2025-10-06
FB011288,WO022305,3,Parts Availability,2026-08-30
FB008347,WO016617,3,Repeat Issue,2026-05-04
FB009752,WO019363,5,Service Quality,2026-07-04
FB002281,WO004557,3,Parts Availability,2025-06-22
FB006520,WO012963,4,Positive Experience,2026-02-04
FB006086,WO012081,5,Positive Experience,2026-01-10
FB006420,WO012752,4,Staff Behaviour,2026-01-31
FB008235,WO016387,5,Positive Experience,2026-05-01
FB006704,WO013335,4,Service Quality,2026-02-19
FB003602,WO007092,5,Positive Experience,2025-08-29
FB004865,WO009565,3,Turnaround Time,2025-11-01
FB001410,WO002785,5,Positive Experience,2025-04-25
FB006001,WO011930,5,Service Quality,2026-01-09
FB011315,WO022355,5,Positive Experience,2026-08-27
FB004768,WO009363,5,Positive Experience,2025-10-25
FB000129,WO000268,5,Positive Experience,2025-01-13
FB004435,WO008696,4,Staff Behaviour,2025-10-09
FB003102,WO006142,3,Communication,2025-08-02
FB000991,WO001949,4,Service Quality,2025-03-25
FB004142,WO008132,4,Positive Experience,2025-09-25
FB011312,WO022350,3,Turnaround Time,2026-08-26
FB007786,WO015519,3,Pricing,2026-04-09
FB007957,WO015842,4,Positive Experience,2026-04-15
FB010940,WO021659,5,Positive Experience,2026-08-14
FB006392,WO012695,5,Positive Experience,2026-01-30
FB003060,WO006071,5,Positive Experience,2025-08-01
FB010416,WO020649,3,Turnaround Time,2026-07-25
FB007124,WO014172,3,Staff Behaviour,2026-03-07
FB005627,WO011159,5,Service Quality,2025-12-15
FB002133,WO004265,5,Service Quality,2025-06-11
FB003191,WO006305,4,Positive Experience,2025-08-08
FB010458,WO020724,4,Positive Experience,2026-07-29
FB011952,WO023554,3,Turnaround Time,2026-09-21
FB009927,WO019707,5,Positive Experience,2026-07-09
FB009672,WO019220,4,Service Quality,2026-06-30
FB000245,WO000484,5,Staff Behaviour,2025-01-26
FB007412,WO014741,5,Positive Experience,2026-03-20
FB000086,WO000182,4,Positive Experience,2025-01-12
FB004607,WO009061,5,Service Quality,2025-10-18
FB000641,WO001268,5,Positive Experience,2025-02-27
FB002546,WO005073,3,Pricing,2025-07-03
FB001102,WO002175,4,Positive Experience,2025-03-29
FB003670,WO007220,3,Pricing,2025-08-31
FB000793,WO001589,5,Positive Experience,2025-03-08
FB011684,WO023040,5,Positive Experience,2026-09-09
FB002890,WO005757,4,Service Quality,2025-07-24
FB009943,WO019738,4,Staff Behaviour,2026-07-10
FB001526,WO003013,4,Staff Behaviour,2025-05-01
FB011093,WO021948,3,Turnaround Time,2026-08-22
FB012199,WO023994,5,Staff Behaviour,2026-10-01
FB009098,WO018107,4,Positive Experience,2026-06-06
FB003948,WO007775,2,Parts Availability,2025-09-21
FB004441,WO008713,4,Service Quality,2025-10-12
FB009569,WO019048,4,Positive Experience,2026-06-26
FB001757,WO003497,5,Positive Experience,2025-05-19
FB006391,WO012690,4,Positive Experience,2026-01-27
FB007642,WO015240,5,Positive Experience,2026-04-01
FB008323,WO016569,2,Turnaround Time,2026-05-02
FB000180,WO000367,4,Positive Experience,2025-01-17
FB005710,WO011328,2,Parts Availability,2025-12-23
FB004772,WO009369,3,Turnaround Time,2025-10-27
FB000565,WO001121,4,Positive Experience,2025-02-21
FB006632,WO013174,5,Positive Experience,2026-02-09
FB009594,WO019091,5,Positive Experience,2026-06-27
FB012018,WO023662,5,Staff Behaviour,2026-09-22
FB007994,WO015908,5,Positive Experience,2026-04-19
FB011219,WO022178,4,Positive Experience,2026-08-25
FB006143,WO012194,5,Service Quality,2026-01-15
FB004386,WO008578,3,Turnaround Time,2025-10-08
FB012006,WO023644,4,Service Quality,2026-09-24
FB004557,WO008943,4,Positive Experience,2025-10-14
FB005395,WO010695,5,Service Quality,2025-12-04
FB003910,WO007696,4,Service Quality,2025-09-12
FB003182,WO006284,4,Positive Experience,2025-08-06
FB009275,WO018467,4,Positive Experience,2026-06-17
FB002027,WO004064,5,Positive Experience,2025-06-03
FB006694,WO013311,4,Staff Behaviour,2026-02-14
FB006888,WO013692,4,Positive Experience,2026-02-26
FB006978,WO013875,4,Positive Experience,2026-02-27
FB004740,WO009309,5,Positive Experience,2025-10-25
FB000928,WO001829,5,Positive Experience,2025-03-21
FB005810,WO011552,5,Positive Experience,2025-12-26
FB002449,WO004887,4,Positive Experience,2025-06-30
FB001545,WO003051,4,Service Quality,2025-05-01
FB011215,WO022173,5,Service Quality,2026-08-24
FB005047,WO009940,5,Positive Experience,2025-11-13
FB011743,WO023133,5,Positive Experience,2026-09-13
FB007383,WO014670,3,Turnaround Time,2026-03-19
FB010831,WO021446,3,Turnaround Time,2026-08-11
FB009993,WO019830,3,Turnaround Time,2026-07-11
FB010244,WO020297,3,Turnaround Time,2026-07-21
FB002759,WO005486,3,Pricing,2025-07-16
FB011324,WO022371,4,Service Quality,2026-08-27
FB002459,WO004907,4,Service Quality,2025-07-01
FB000393,WO000765,4,Positive Experience,2025-02-06
FB008950,WO017786,5,Positive Experience,2026-06-01
FB001007,WO001977,5,Positive Experience,2025-03-25
FB006290,WO012482,4,Service Quality,2026-01-24
FB007296,WO014490,4,Positive Experience,2026-03-13
FB009892,WO019630,5,Positive Experience,2026-07-09
FB008582,WO017084,5,Positive Experience,2026-05-15
FB008319,WO016565,3,Pricing,2026-05-03
FB006157,WO012218,4,Service Quality,2026-01-17
FB009598,WO019098,4,Staff Behaviour,2026-06-27
FB000620,WO001218,4,Positive Experience,2025-02-24
FB011552,WO022783,4,Service Quality,2026-09-06
FB007739,WO015418,2,Parts Availability,2026-04-11
FB002574,WO005121,4,Positive Experience,2025-07-04
FB004402,WO008611,5,Staff Behaviour,2025-10-08
FB006996,WO013909,4,Service Quality,2026-03-03
FB007518,WO014941,4,Staff Behaviour,2026-03-25
FB002366,WO004739,4,Positive Experience,2025-06-26
FB003840,WO007558,3,Turnaround Time,2025-09-08
FB001937,WO003871,4,Staff Behaviour,2025-05-29
FB009508,WO018922,3,Pricing,2026-06-24
FB009254,WO018428,5,Positive Experience,2026-06-15
FB004238,WO008311,4,Positive Experience,2025-09-27
FB004611,WO009075,3,Turnaround Time,2025-10-18
FB010045,WO019912,5,Positive Experience,2026-07-14
FB008344,WO016613,4,Service Quality,2026-05-06
FB010957,WO021697,4,Positive Experience,2026-08-16
FB007697,WO015349,3,Turnaround Time,2026-04-05
FB011634,WO022936,5,Service Quality,2026-09-07
FB008604,WO017124,3,Turnaround Time,2026-05-19
FB011696,WO023060,5,Service Quality,2026-09-12
FB001731,WO003444,5,Staff Behaviour,2025-05-18
FB000082,WO000172,4,Staff Behaviour,2025-01-18
FB011649,WO022966,2,Turnaround Time,2026-09-10
FB009442,WO018790,4,Positive Experience,2026-06-20
FB009871,WO019586,4,Service Quality,2026-07-08
FB000922,WO001818,4,Positive Experience,2025-03-19
FB001609,WO003180,4,Service Quality,2025-05-09
FB007106,WO014134,4,Service Quality,2026-03-08
FB008700,WO017310,4,Positive Experience,2026-05-21
FB000848,WO001684,4,Positive Experience,2025-03-13
FB004719,WO009275,4,Service Quality,2025-10-24
FB003765,WO007400,5,Service Quality,2025-09-04
FB011781,WO023200,4,Positive Experience,2026-09-15
FB004846,WO009527,5,Positive Experience,2025-11-03
FB011072,WO021902,4,Service Quality,2026-08-18
FB009236,WO018394,5,Positive Experience,2026-06-12
FB009128,WO018166,2,Repeat Issue,2026-06-09
FB005386,WO010672,4,Service Quality,2025-12-01
FB011741,WO023129,4,Positive Experience,2026-09-13
FB010602,WO020985,5,Service Quality,2026-08-01
FB003271,WO006444,5,Positive Experience,2025-08-11
FB010706,WO021200,4,Positive Experience,2026-08-06
FB002942,WO005856,5,Staff Behaviour,2025-07-25
FB004376,WO008560,4,Positive Experience,2025-10-09
FB008845,WO017606,5,Positive Experience,2026-05-27
FB006489,WO012893,4,Staff Behaviour,2026-02-04
FB003595,WO007080,5,Positive Experience,2025-08-28
FB000657,WO001300,4,Positive Experience,2025-02-27
FB007904,WO015746,4,Staff Behaviour,2026-04-13
FB011281,WO022294,1,Parts Availability,2026-09-01
FB011792,WO023215,4,Staff Behaviour,2026-09-13
FB006920,WO013753,5,Positive Experience,2026-02-24
FB002685,WO005346,5,Staff Behaviour,2025-07-12
FB011401,WO022492,1,Parts Availability,2026-09-05
FB006775,WO013464,5,Positive Experience,2026-02-18
FB009461,WO018821,2,Turnaround Time,2026-06-20
FB000648,WO001281,4,Positive Experience,2025-02-25
FB004021,WO007912,5,Positive Experience,2025-09-19
FB009839,WO019539,3,Turnaround Time,2026-07-07
FB002897,WO005771,4,Service Quality,2025-07-23
FB002899,WO005774,4,Positive Experience,2025-07-23
FB000744,WO001478,5,Positive Experience,2025-03-07
FB009670,WO019217,3,Turnaround Time,2026-07-01
FB008738,WO017392,4,Positive Experience,2026-05-25
FB007355,WO014607,4,Service Quality,2026-03-17
FB007078,WO014075,4,Staff Behaviour,2026-03-06
FB008566,WO017058,5,Service Quality,2026-05-16
FB003771,WO007414,4,Positive Experience,2025-09-03
FB010182,WO020177,5,Service Quality,2026-07-17
FB000900,WO001775,4,Service Quality,2025-03-17
FB003139,WO006214,5,Staff Behaviour,2025-08-03
FB009393,WO018684,3,Turnaround Time,2026-06-20
FB002523,WO005029,4,Positive Experience,2025-07-03
FB002217,WO004427,4,Positive Experience,2025-06-16
FB005719,WO011348,4,Staff Behaviour,2025-12-23
FB008321,WO016567,4,Positive Experience,2026-05-02
FB008812,WO017543,3,Turnaround Time,2026-05-27
FB002604,WO005179,4,Service Quality,2025-07-07
FB005245,WO010384,4,Service Quality,2025-11-27
FB008401,WO016729,5,Positive Experience,2026-05-08
FB011735,WO023119,3,Turnaround Time,2026-09-11
FB011124,WO021997,4,Service Quality,2026-08-20
FB004032,WO007931,5,Staff Behaviour,2025-09-20
FB007025,WO013963,4,Staff Behaviour,2026-03-05
FB005594,WO011089,4,Positive Experience,2025-12-12
FB005273,WO010447,4,Positive Experience,2025-11-26
FB009268,WO018455,3,Turnaround Time,2026-06-15
FB000518,WO001012,4,Positive Experience,2025-02-17
FB002991,WO005945,2,Turnaround Time,2025-07-26
FB012194,WO023985,3,Turnaround Time,2026-09-30
FB000864,WO001705,5,Positive Experience,2025-03-14
FB009492,WO018889,1,Repeat Issue,2026-07-04
FB010927,WO021637,5,Positive Experience,2026-08-13
FB005666,WO011238,3,Turnaround Time,2025-12-20
FB000938,WO001855,5,Staff Behaviour,2025-03-19
FB009825,WO019510,5,Service Quality,2026-07-04
FB005280,WO010462,2,Repeat Issue,2025-11-29
FB005248,WO010388,3,Parts Availability,2025-11-29
FB006011,WO011948,3,Parts Availability,2026-01-11
FB008955,WO017794,5,Staff Behaviour,2026-05-31
FB010014,WO019865,2,Repeat Issue,2026-07-12
FB001516,WO002999,4,Positive Experience,2025-05-01
FB000275,WO000536,5,Positive Experience,2025-01-28
FB007148,WO014218,4,Positive Experience,2026-03-10
FB011739,WO023125,4,Positive Experience,2026-09-11
FB010117,WO020049,4,Service Quality,2026-07-14
FB004710,WO009262,5,Positive Experience,2025-10-26
FB006096,WO012093,4,Positive Experience,2026-01-10
FB011393,WO022479,5,Positive Experience,2026-08-31
FB004042,WO007949,4,Positive Experience,2025-09-20
FB011989,WO023617,4,Positive Experience,2026-09-22
FB005486,WO010873,3,Turnaround Time,2025-12-09
FB005967,WO011871,3,Turnaround Time,2026-01-08
FB007382,WO014668,5,Service Quality,2026-03-20
FB009706,WO019281,4,Staff Behaviour,2026-07-02
FB011404,WO022496,5,Positive Experience,2026-08-30
FB009830,WO019522,1,Repeat Issue,2026-07-04
FB007222,WO014357,3,Turnaround Time,2026-03-12
FB009161,WO018238,3,Turnaround Time,2026-06-10
FB007415,WO014749,4,Service Quality,2026-03-19
FB000237,WO000474,4,Service Quality,2025-01-23
FB002716,WO005409,5,Positive Experience,2025-07-15
FB005152,WO010179,2,Turnaround Time,2025-11-21
FB009778,WO019410,3,Repeat Issue,2026-07-03
FB009143,WO018205,5,Staff Behaviour,2026-06-11
FB000694,WO001382,5,Positive Experience,2025-03-04
FB001147,WO002268,4,Positive Experience,2025-04-06
FB005114,WO010082,3,Turnaround Time,2025-11-16
FB007546,WO015007,5,Positive Experience,2026-03-26
FB000847,WO001683,5,Positive Experience,2025-03-15
FB002818,WO005612,3,Turnaround Time,2025-07-20
FB012085,WO023793,3,Turnaround Time,2026-09-26
FB003846,WO007571,5,Staff Behaviour,2025-09-07
FB004301,WO008418,5,Positive Experience,2025-10-04
FB007275,WO014461,5,Positive Experience,2026-03-16
FB007799,WO015543,5,Positive Experience,2026-04-09
FB005062,WO009978,5,Positive Experience,2025-11-13
FB003785,WO007443,3,Turnaround Time,2025-09-05
FB007733,WO015407,3,Turnaround Time,2026-04-06
FB006181,WO012253,3,Turnaround Time,2026-01-19
FB005301,WO010492,4,Service Quality,2025-11-28
FB006175,WO012246,4,Positive Experience,2026-01-15
FB006794,WO013503,4,Positive Experience,2026-02-26
FB009533,WO018973,4,Positive Experience,2026-06-24
FB000750,WO001491,4,Service Quality,2025-03-08
FB004591,WO009020,3,Pricing,2025-10-18
FB001805,WO003596,5,Staff Behaviour,2025-05-19
FB004234,WO008307,4,Service Quality,2025-09-28
FB010112,WO020040,3,Turnaround Time,2026-07-17
FB012125,WO023871,2,Parts Availability,2026-10-06
FB010888,WO021554,4,Service Quality,2026-08-12
FB000579,WO001140,4,Positive Experience,2025-02-20
FB001483,WO002943,5,Positive Experience,2025-04-26
FB002658,WO005293,5,Positive Experience,2025-07-11
FB010830,WO021445,4,Service Quality,2026-08-09
FB010009,WO019856,4,Service Quality,2026-07-14
FB009127,WO018165,4,Positive Experience,2026-06-09
FB005052,WO009950,4,Staff Behaviour,2025-11-15
FB002229,WO004451,3,Turnaround Time,2025-06-17
FB001488,WO002951,5,Positive Experience,2025-04-29
FB000464,WO000889,4,Positive Experience,2025-02-10
FB011564,WO022803,4,Positive Experience,2026-09-07
FB006224,WO012351,3,Turnaround Time,2026-01-20
FB005058,WO009963,4,Service Quality,2025-11-16
FB011302,WO022335,4,Positive Experience,2026-08-26
FB010250,WO020312,4,Positive Experience,2026-07-19
FB009028,WO017951,5,Positive Experience,2026-06-06
FB004545,WO008918,5,Service Quality,2025-10-17
FB000253,WO000495,4,Positive Experience,2025-01-27
FB002009,WO004032,5,Positive Experience,2025-06-03
FB011939,WO023525,4,Positive Experience,2026-09-21
FB012122,WO023868,3,Parts Availability,2026-10-01
FB006769,WO013451,4,Positive Experience,2026-02-17
FB011048,WO021852,4,Service Quality,2026-08-20
FB001416,WO002795,4,Service Quality,2025-04-25
FB006852,WO013621,4,Service Quality,2026-02-21
FB007919,WO015768,4,Service Quality,2026-04-16
FB010986,WO021738,4,Service Quality,2026-08-17
FB003077,WO006103,5,Positive Experience,2025-08-02
FB002918,WO005811,5,Service Quality,2025-07-24
FB000084,WO000178,4,Positive Experience,2025-01-12
FB002207,WO004411,5,Service Quality,2025-06-15
FB005645,WO011197,5,Service Quality,2025-12-19
FB001748,WO003485,5,Positive Experience,2025-05-17
FB007754,WO015452,4,Positive Experience,2026-04-07
FB002923,WO005821,3,Repeat Issue,2025-07-26
FB011760,WO023162,4,Service Quality,2026-09-14
FB002655,WO005287,5,Positive Experience,2025-07-08
FB005176,WO010221,4,Positive Experience,2025-11-22
FB012089,WO023805,5,Staff Behaviour,2026-09-24
FB002994,WO005948,3,Turnaround Time,2025-07-28
FB004219,WO008275,5,Positive Experience,2025-09-29
FB005391,WO010682,3,Staff Behaviour,2025-12-03
FB005552,WO010990,4,Positive Experience,2025-12-12
FB003056,WO006067,5,Positive Experience,2025-07-29
FB003923,WO007723,4,Service Quality,2025-09-12
FB004631,WO009108,4,Positive Experience,2025-10-23
FB007318,WO014536,4,Positive Experience,2026-03-16
FB007795,WO015532,4,Positive Experience,2026-04-08
FB004567,WO008958,3,Repeat Issue,2025-10-17
FB002363,WO004734,5,Positive Experience,2025-06-26
FB007539,WO014992,3,Parts Availability,2026-03-30
FB005573,WO011040,5,Positive Experience,2025-12-11
FB012219,WO024027,5,Positive Experience,2026-10-01
FB002653,WO005283,4,Positive Experience,2025-07-11
FB004952,WO009742,5,Positive Experience,2025-11-07
FB004239,WO008312,3,Parts Availability,2025-10-07
FB003243,WO006395,4,Positive Experience,2025-08-09
FB000160,WO000324,3,Turnaround Time,2025-01-17
FB001841,WO003667,4,Staff Behaviour,2025-05-23
FB009710,WO019291,3,Repeat Issue,2026-07-01
FB001252,WO002487,5,Positive Experience,2025-04-11
FB001435,WO002835,4,Positive Experience,2025-04-24
FB007109,WO014138,5,Positive Experience,2026-03-08
FB001945,WO003892,4,Service Quality,2025-06-01
FB004709,WO009260,4,Positive Experience,2025-10-24
FB010132,WO020084,3,Turnaround Time,2026-07-16
FB002182,WO004358,4,Positive Experience,2025-06-13
FB011733,WO023117,5,Positive Experience,2026-09-14
FB010484,WO020781,4,Service Quality,2026-07-30
FB003516,WO006922,4,Positive Experience,2025-08-21
FB000479,WO000921,5,Staff Behaviour,2025-02-10
FB007961,WO015848,4,Positive Experience,2026-04-17
FB006351,WO012612,3,Turnaround Time,2026-01-25
FB003354,WO006607,3,Communication,2025-08-14
FB009103,WO018118,5,Positive Experience,2026-06-09
FB005744,WO011405,5,Positive Experience,2025-12-24
FB007232,WO014376,4,Staff Behaviour,2026-03-11
FB003035,WO006035,5,Service Quality,2025-07-30
FB008835,WO017584,3,Parts Availability,2026-06-02
FB004639,WO009121,4,Positive Experience,2025-10-20
FB011937,WO023509,4,Positive Experience,2026-09-21
FB005842,WO011623,5,Positive Experience,2026-01-01
FB006456,WO012832,4,Service Quality,2026-02-02
FB010481,WO020777,3,Turnaround Time,2026-07-28
FB010953,WO021686,3,Parts Availability,2026-08-20
FB010254,WO020321,3,Turnaround Time,2026-07-21
FB008385,WO016693,5,Service Quality,2026-05-08
FB007523,WO014960,5,Service Quality,2026-03-26
FB003741,WO007353,3,Service Quality,2025-09-01
FB008832,WO017578,4,Positive Experience,2026-05-28
FB011362,WO022430,3,Parts Availability,2026-08-31
FB006113,WO012128,4,Positive Experience,2026-01-14
FB000675,WO001337,4,Positive Experience,2025-02-27
FB001524,WO003010,4,Positive Experience,2025-04-30
FB003999,WO007869,5,Positive Experience,2025-09-15
FB009144,WO018211,4,Staff Behaviour,2026-06-10
FB010043,WO019908,3,Turnaround Time,2026-07-12
FB004625,WO009098,5,Staff Behaviour,2025-10-20
FB005795,WO011530,3,Turnaround Time,2025-12-29
FB004086,WO008026,5,Staff Behaviour,2025-09-20
FB006025,WO011971,2,Parts Availability,2026-01-12
FB008876,WO017650,4,Positive Experience,2026-05-29
FB005450,WO010807,5,Positive Experience,2025-12-05
FB001384,WO002740,4,Service Quality,2025-04-20
FB003403,WO006708,4,Positive Experience,2025-08-18
FB011643,WO022953,5,Positive Experience,2026-09-11
FB004951,WO009738,4,Positive Experience,2025-11-07
FB006288,WO012477,3,Communication,2026-01-21
FB011816,WO023256,3,Turnaround Time,2026-09-14
FB006930,WO013771,5,Staff Behaviour,2026-02-27
FB009047,WO017992,5,Positive Experience,2026-06-03
FB011836,WO023292,5,Positive Experience,2026-09-14
FB011213,WO022170,2,Turnaround Time,2026-08-24
FB008292,WO016513,5,Positive Experience,2026-05-02
FB004099,WO008050,5,Positive Experience,2025-09-21
FB000214,WO000425,4,Positive Experience,2025-01-22
FB007226,WO014367,3,Turnaround Time,2026-03-14
FB009399,WO018702,4,Positive Experience,2026-06-24
FB001903,WO003802,4,Positive Experience,2025-05-29
FB008208,WO016321,4,Positive Experience,2026-04-29
FB007436,WO014801,4,Staff Behaviour,2026-03-21
FB004302,WO008421,4,Staff Behaviour,2025-10-01
FB008712,WO017341,4,Staff Behaviour,2026-05-24
FB010519,WO020852,4,Positive Experience,2026-07-29
FB006297,WO012491,4,Staff Behaviour,2026-01-22
FB000532,WO001039,5,Staff Behaviour,2025-02-17
FB007748,WO015438,5,Positive Experience,2026-04-06
FB000826,WO001646,5,Service Quality,2025-03-11
FB004199,WO008241,5,Service Quality,2025-09-26
FB010658,WO021091,4,Positive Experience,2026-08-03
FB009398,WO018700,4,Positive Experience,2026-06-22
FB008360,WO016640,3,Parts Availability,2026-05-12
FB006688,WO013283,4,Positive Experience,2026-02-14
FB000906,WO001788,4,Positive Experience,2025-03-19
FB012017,WO023661,5,Staff Behaviour,2026-09-22
FB000259,WO000505,5,Service Quality,2025-01-26
FB011714,WO023083,4,Service Quality,2026-09-12
FB006742,WO013395,4,Service Quality,2026-02-14
FB006319,WO012549,3,Pricing,2026-01-23
FB005804,WO011543,5,Positive Experience,2025-12-28
FB007433,WO014791,4,Positive Experience,2026-03-23
FB006060,WO012040,4,Staff Behaviour,2026-01-09
FB002554,WO005088,5,Positive Experience,2025-07-03
FB005330,WO010559,5,Staff Behaviour,2025-11-30
FB008886,WO017669,5,Service Quality,2026-05-30
FB004820,WO009486,4,Positive Experience,2025-11-02
FB003492,WO006881,5,Service Quality,2025-08-23
FB001797,WO003582,4,Positive Experience,2025-05-22
FB006798,WO013509,4,Positive Experience,2026-02-19
FB002266,WO004520,4,Service Quality,2025-06-20
FB009638,WO019165,4,Positive Experience,2026-06-30
FB010052,WO019927,4,Service Quality,2026-07-11
FB006038,WO011996,4,Positive Experience,2026-01-08
FB007752,WO015448,5,Positive Experience,2026-04-09
FB006526,WO012975,4,Staff Behaviour,2026-02-04
FB010064,WO019948,3,Turnaround Time,2026-07-15
FB007306,WO014505,5,Positive Experience,2026-03-14
FB010710,WO021211,4,Positive Experience,2026-08-08
FB004415,WO008641,5,Service Quality,2025-10-09
FB011353,WO022420,4,Positive Experience,2026-08-30
FB009179,WO018277,3,Parts Availability,2026-06-23
FB011056,WO021867,5,Positive Experience,2026-08-20
FB009988,WO019821,4,Positive Experience,2026-07-12
FB008350,WO016622,4,Service Quality,2026-05-05
FB010964,WO021704,1,Turnaround Time,2026-08-16
FB004251,WO008331,2,Turnaround Time,2025-09-29
FB011246,WO022226,4,Positive Experience,2026-08-27
FB008840,WO017594,2,Repeat Issue,2026-05-27
FB006730,WO013374,3,Pricing,2026-02-16
FB003149,WO006230,4,Service Quality,2025-08-03
FB010899,WO021586,5,Positive Experience,2026-08-14
FB006272,WO012444,5,Service Quality,2026-01-22
FB001324,WO002636,3,Communication,2025-04-16
FB003009,WO005971,5,Positive Experience,2025-07-27
FB011734,WO023118,4,Service Quality,2026-09-13
FB007054,WO014024,4,Positive Experience,2026-03-05
FB010673,WO021134,4,Positive Experience,2026-08-06
FB006424,WO012759,3,Turnaround Time,2026-02-01
FB003909,WO007694,3,Service Quality,2025-09-13
FB012192,WO023982,3,Turnaround Time,2026-09-29
FB000483,WO000934,5,Positive Experience,2025-02-13
FB008251,WO016423,5,Staff Behaviour,2026-04-30
FB006751,WO013413,4,Positive Experience,2026-02-16
FB006524,WO012972,2,Repeat Issue,2026-02-04
FB007716,WO015381,4,Staff Behaviour,2026-04-05
FB002077,WO004166,5,Positive Experience,2025-06-09
FB004875,WO009588,5,Positive Experience,2025-11-01
FB010993,WO021748,3,Turnaround Time,2026-08-18
FB010766,WO021331,2,Turnaround Time,2026-08-10
FB005764,WO011459,4,Staff Behaviour,2025-12-25
FB009151,WO018219,5,Positive Experience,2026-06-11
FB005595,WO011090,4,Positive Experience,2025-12-16
FB000880,WO001730,5,Service Quality,2025-03-16
FB011636,WO022941,4,Positive Experience,2026-09-09
FB005973,WO011885,4,Staff Behaviour,2026-01-08
FB007483,WO014874,4,Positive Experience,2026-03-25
FB001026,WO002008,4,Service Quality,2025-03-27
FB004461,WO008765,5,Staff Behaviour,2025-10-11
FB005581,WO011060,5,Positive Experience,2025-12-15
FB001250,WO002485,3,Turnaround Time,2025-04-13
FB005261,WO010422,4,Positive Experience,2025-11-25
FB011412,WO022509,4,Staff Behaviour,2026-08-29
FB001068,WO002101,5,Service Quality,2025-03-30
FB010227,WO020264,4,Positive Experience,2026-07-21
FB005018,WO009889,4,Positive Experience,2025-11-10
FB011199,WO022143,4,Positive Experience,2026-08-25
FB010215,WO020245,5,Positive Experience,2026-07-17
FB001736,WO003458,4,Service Quality,2025-05-18
FB010925,WO021634,4,Staff Behaviour,2026-08-13
FB009319,WO018547,4,Service Quality,2026-06-18
FB006535,WO012989,4,Service Quality,2026-02-06
FB002099,WO004205,3,Turnaround Time,2025-06-09
FB000684,WO001352,5,Service Quality,2025-02-28
FB002034,WO004081,4,Service Quality,2025-06-07
FB003434,WO006777,4,Positive Experience,2025-08-19
FB000763,WO001520,5,Service Quality,2025-03-09
FB003147,WO006227,4,Service Quality,2025-08-05
FB001846,WO003682,5,Service Quality,2025-05-23
FB011405,WO022499,4,Positive Experience,2026-08-30
FB009896,WO019642,3,Parts Availability,2026-07-12
FB007800,WO015545,5,Positive Experience,2026-04-08
FB007508,WO014918,3,Turnaround Time,2026-03-26
FB008156,WO016221,3,Turnaround Time,2026-04-25
FB011129,WO022008,4,Positive Experience,2026-08-22
FB003672,WO007222,3,Parts Availability,2025-09-02
FB001116,WO002205,4,Service Quality,2025-04-03
FB005844,WO011626,3,Service Quality,2025-12-31
FB003127,WO006193,5,Positive Experience,2025-08-05
FB010103,WO020027,3,Communication,2026-07-14
FB010827,WO021442,4,Positive Experience,2026-08-11
FB010833,WO021450,3,Repeat Issue,2026-08-13
FB004358,WO008530,2,Turnaround Time,2025-10-07
FB011625,WO022914,3,Parts Availability,2026-09-20
FB008588,WO017095,4,Service Quality,2026-05-18
FB003455,WO006810,1,Repeat Issue,2025-08-25
FB009202,WO018322,5,Service Quality,2026-06-13
FB004443,WO008717,3,Turnaround Time,2025-10-11
FB010189,WO020193,5,Service Quality,2026-07-19
FB004372,WO008554,4,Service Quality,2025-10-06
FB008122,WO016157,3,Turnaround Time,2026-04-23
FB001208,WO002386,4,Staff Behaviour,2025-04-10
FB011034,WO021818,4,Positive Experience,2026-08-19
FB003810,WO007497,3,Turnaround Time,2025-09-07
FB000035,WO000069,5,Positive Experience,2025-01-06
FB003901,WO007680,4,Positive Experience,2025-09-09
FB002455,WO004900,5,Positive Experience,2025-06-29
FB003228,WO006363,4,Positive Experience,2025-08-08
FB001062,WO002090,5,Positive Experience,2025-03-30
FB012168,WO023946,4,Service Quality,2026-10-01
FB000028,WO000058,5,Staff Behaviour,2025-01-05
FB010689,WO021169,4,Positive Experience,2026-08-05
FB005448,WO010802,2,Turnaround Time,2025-12-08
FB006669,WO013250,4,Service Quality,2026-02-13
FB011897,WO023413,5,Service Quality,2026-09-17
FB002510,WO004999,5,Staff Behaviour,2025-07-02
FB004621,WO009091,4,Positive Experience,2025-10-19
FB002812,WO005598,4,Positive Experience,2025-07-19
FB011196,WO022137,5,Positive Experience,2026-08-25
FB008071,WO016059,2,Turnaround Time,2026-04-23
FB009388,WO018674,4,Positive Experience,2026-06-20
FB001744,WO003472,5,Positive Experience,2025-05-19
FB002156,WO004310,4,Service Quality,2025-06-12
FB008284,WO016497,2,Repeat Issue,2026-05-02
FB008585,WO017090,4,Service Quality,2026-05-16
FB010662,WO021098,2,Repeat Issue,2026-08-05
FB008586,WO017091,4,Positive Experience,2026-05-16
FB010968,WO021711,4,Positive Experience,2026-08-17
FB011972,WO023587,3,Turnaround Time,2026-09-22
FB005843,WO011624,3,Repeat Issue,2025-12-31
FB003337,WO006573,4,Service Quality,2025-08-14
FB007516,WO014932,4,Service Quality,2026-03-25
FB009799,WO019452,5,Service Quality,2026-07-02
FB006222,WO012345,4,Positive Experience,2026-01-19
FB009080,WO018072,5,Service Quality,2026-06-07
FB000002,WO000003,4,Service Quality,2025-01-02
FB005459,WO010824,5,Staff Behaviour,2025-12-08
FB001210,WO002397,4,Positive Experience,2025-04-10
FB009559,WO019021,1,Turnaround Time,2026-06-25
FB002308,WO004618,5,Service Quality,2025-06-19
FB004773,WO009374,5,Service Quality,2025-10-29
FB009766,WO019385,5,Staff Behaviour,2026-07-03
FB009541,WO018988,5,Service Quality,2026-06-24
FB000440,WO000855,5,Service Quality,2025-02-11
FB010029,WO019888,3,Turnaround Time,2026-07-14
FB001633,WO003226,5,Positive Experience,2025-05-08
FB004570,WO008967,3,Communication,2025-10-18
FB005061,WO009976,5,Positive Experience,2025-11-14
FB004367,WO008543,3,Turnaround Time,2025-10-05
FB007310,WO014516,3,Repeat Issue,2026-03-14
FB005561,WO011021,4,Service Quality,2025-12-13
FB004908,WO009657,4,Positive Experience,2025-11-06
FB007288,WO014477,3,Turnaround Time,2026-03-15
FB009394,WO018687,4,Positive Experience,2026-06-19
FB000616,WO001211,3,Turnaround Time,2025-02-23
FB008349,WO016621,3,Turnaround Time,2026-05-06
FB010259,WO020331,4,Positive Experience,2026-07-20
FB002291,WO004574,3,Turnaround Time,2025-06-19
FB009681,WO019231,4,Service Quality,2026-07-01
FB008207,WO016320,5,Positive Experience,2026-04-30
FB000716,WO001421,3,Parts Availability,2025-03-12
FB002180,WO004356,2,Parts Availability,2025-06-18
FB008441,WO016802,5,Positive Experience,2026-05-11
FB002332,WO004668,4,Positive Experience,2025-06-22
FB009316,WO018541,5,Staff Behaviour,2026-06-18
FB009528,WO018962,3,Repeat Issue,2026-06-24
FB011833,WO023286,4,Positive Experience,2026-09-15
FB011911,WO023447,4,Positive Experience,2026-09-19
FB005782,WO011498,3,Pricing,2025-12-26
FB005633,WO011181,4,Positive Experience,2025-12-18
FB000673,WO001335,5,Positive Experience,2025-03-02
FB004832,WO009504,5,Positive Experience,2025-10-30
FB004531,WO008894,5,Positive Experience,2025-10-16
FB010137,WO020093,4,Service Quality,2026-07-15
FB001058,WO002082,4,Positive Experience,2025-03-30
FB002381,WO004763,5,Positive Experience,2025-06-27
FB002880,WO005739,3,Pricing,2025-07-21
FB008611,WO017138,5,Service Quality,2026-05-18
FB008469,WO016865,5,Staff Behaviour,2026-05-12
FB000328,WO000638,4,Positive Experience,2025-02-01
FB003417,WO006744,5,Positive Experience,2025-08-18
FB011108,WO021971,5,Staff Behaviour,2026-08-22
FB002400,WO004801,5,Staff Behaviour,2025-06-25
FB004035,WO007934,4,Positive Experience,2025-09-20
FB009004,WO017903,5,Staff Behaviour,2026-06-04
FB011912,WO023450,5,Positive Experience,2026-09-18
FB007095,WO014113,4,Positive Experience,2026-03-08
FB009835,WO019531,4,Positive Experience,2026-07-04
FB008357,WO016633,4,Positive Experience,2026-05-06
FB007064,WO014049,5,Positive Experience,2026-03-06
FB012213,WO024014,5,Service Quality,2026-09-28
FB010067,WO019951,4,Staff Behaviour,2026-07-14
FB003333,WO006566,4,Positive Experience,2025-08-13
FB008951,WO017788,3,Repeat Issue,2026-05-31
FB005436,WO010774,4,Staff Behaviour,2025-12-05
FB011949,WO023549,3,Turnaround Time,2026-09-19
FB008031,WO015978,2,Turnaround Time,2026-04-23
FB004671,WO009178,3,Parts Availability,2025-10-25
FB010734,WO021257,4,Service Quality,2026-08-07
FB007561,WO015036,4,Service Quality,2026-03-28
FB003053,WO006063,4,Service Quality,2025-07-30
FB001575,WO003100,4,Positive Experience,2025-05-02
FB004069,WO007987,3,Turnaround Time,2025-09-21
FB007718,WO015384,4,Positive Experience,2026-04-04
FB007338,WO014571,3,Turnaround Time,2026-03-18
FB006941,WO013798,4,Positive Experience,2026-02-25
FB009622,WO019142,3,Turnaround Time,2026-06-29
FB012206,WO024004,5,Service Quality,2026-09-29
FB004092,WO008036,4,Staff Behaviour,2025-09-22
FB005333,WO010564,5,Service Quality,2025-12-01
FB008166,WO016241,3,Turnaround Time,2026-04-28
FB000970,WO001908,5,Positive Experience,2025-03-22
FB010090,WO020002,4,Service Quality,2026-07-14
FB005385,WO010668,4,Service Quality,2025-12-01
FB002114,WO004232,5,Positive Experience,2025-06-07
FB004370,WO008550,5,Positive Experience,2025-10-07
FB001993,WO003997,5,Positive Experience,2025-06-03
FB002755,WO005478,4,Staff Behaviour,2025-07-15
FB006030,WO011984,5,Positive Experience,2026-01-08
FB011470,WO022613,4,Positive Experience,2026-09-02
FB000496,WO000971,3,Parts Availability,2025-02-18
FB006525,WO012973,4,Service Quality,2026-02-06
FB000520,WO001017,4,Staff Behaviour,2025-02-17
FB010006,WO019852,3,Turnaround Time,2026-07-10
FB004184,WO008210,5,Staff Behaviour,2025-09-25
FB001215,WO002408,5,Service Quality,2025-04-08
FB011285,WO022300,4,Staff Behaviour,2026-08-27
FB010169,WO020147,4,Positive Experience,2026-07-18
FB009975,WO019795,5,Service Quality,2026-07-11
FB006049,WO012016,4,Positive Experience,2026-01-10
FB005125,WO010109,3,Turnaround Time,2025-11-15
FB007669,WO015297,4,Positive Experience,2026-04-05
FB004391,WO008587,3,Repeat Issue,2025-10-07
FB007876,WO015695,4,Staff Behaviour,2026-04-11
FB003864,WO007610,4,Positive Experience,2025-09-11
FB002090,WO004191,4,Service Quality,2025-06-07
FB004809,WO009457,5,Service Quality,2025-11-01
FB008081,WO016082,5,Service Quality,2026-04-24
FB012108,WO023839,5,Positive Experience,2026-09-27
FB001758,WO003498,4,Positive Experience,2025-05-18
FB003712,WO007295,5,Positive Experience,2025-09-01
FB001623,WO003203,4,Service Quality,2025-05-07
FB006381,WO012662,4,Positive Experience,2026-01-29
FB006040,WO012000,3,Parts Availability,2026-01-18
FB006571,WO013064,4,Positive Experience,2026-02-07
FB002299,WO004602,4,Positive Experience,2025-06-22
FB004045,WO007955,5,Positive Experience,2025-09-21
FB011061,WO021876,5,Service Quality,2026-08-18
FB001092,WO002162,4,Positive Experience,2025-04-01
FB005585,WO011068,5,Positive Experience,2025-12-12
FB000004,WO000005,3,Turnaround Time,2025-01-04
FB007192,WO014300,4,Staff Behaviour,2026-03-09
FB005496,WO010890,3,Turnaround Time,2025-12-10
FB002176,WO004347,4,Positive Experience,2025-06-14
FB006854,WO013626,4,Staff Behaviour,2026-02-21
FB011956,WO023558,3,Turnaround Time,2026-09-19
FB010287,WO020382,4,Positive Experience,2026-07-21
FB010470,WO020758,3,Turnaround Time,2026-07-28
FB000122,WO000254,3,Parts Availability,2025-01-16
FB011024,WO021802,4,Positive Experience,2026-08-18
FB003406,WO006719,3,Repeat Issue,2025-08-16
FB001863,WO003709,3,Parts Availability,2025-05-28
FB006528,WO012977,5,Staff Behaviour,2026-02-07
FB008087,WO016091,3,Turnaround Time,2026-04-23
FB004728,WO009289,5,Positive Experience,2025-10-25
FB007869,WO015679,5,Positive Experience,2026-04-11
FB011906,WO023439,5,Positive Experience,2026-09-20
FB007722,WO015388,3,Turnaround Time,2026-04-05
FB003281,WO006464,5,Positive Experience,2025-08-10
FB006872,WO013666,3,Turnaround Time,2026-02-25
FB005545,WO010980,5,Positive Experience,2025-12-10
FB001908,WO003812,5,Staff Behaviour,2025-05-28
FB005313,WO010517,4,Positive Experience,2025-11-30
FB009455,WO018810,5,Positive Experience,2026-06-20
FB011663,WO022996,4,Positive Experience,2026-09-08
FB009170,WO018253,5,Positive Experience,2026-06-10
FB001664,WO003290,3,Parts Availability,2025-05-22
FB007995,WO015909,3,Pricing,2026-04-17
FB007834,WO015612,5,Positive Experience,2026-04-10
FB011646,WO022961,4,Positive Experience,2026-09-09
FB005619,WO011143,5,Staff Behaviour,2025-12-18
FB003028,WO006021,4,Positive Experience,2025-07-30
FB006170,WO012235,4,Staff Behaviour,2026-01-18
FB003038,WO006041,5,Staff Behaviour,2025-08-01
FB000910,WO001793,4,Positive Experience,2025-03-19
FB005077,WO010006,5,Positive Experience,2025-11-13
FB001108,WO002191,3,Service Quality,2025-03-31
FB000039,WO000077,3,Parts Availability,2025-01-14
FB006255,WO012410,4,Positive Experience,2026-01-22
FB011167,WO022098,2,Turnaround Time,2026-08-24
FB001350,WO002681,5,Positive Experience,2025-04-18
FB004306,WO008429,4,Positive Experience,2025-10-04
FB009512,WO018930,3,Turnaround Time,2026-06-25
FB004317,WO008456,5,Service Quality,2025-10-02
FB011666,WO023002,4,Service Quality,2026-09-11
FB007028,WO013967,5,Service Quality,2026-03-03
FB006709,WO013341,3,Repeat Issue,2026-02-13
FB004360,WO008532,3,Parts Availability,2025-10-13
FB010860,WO021500,4,Positive Experience,2026-08-11
FB010467,WO020740,4,Positive Experience,2026-07-28
FB001754,WO003492,4,Positive Experience,2025-05-16
FB010618,WO021014,5,Positive Experience,2026-08-02
FB011437,WO022554,2,Turnaround Time,2026-09-03
FB005287,WO010474,5,Positive Experience,2025-11-27
FB008149,WO016210,5,Service Quality,2026-04-25
FB000226,WO000452,4,Positive Experience,2025-01-24
FB001388,WO002747,4,Positive Experience,2025-04-19
FB001659,WO003282,3,Repeat Issue,2025-05-10
FB007009,WO013938,3,Turnaround Time,2026-03-02
FB009467,WO018838,4,Positive Experience,2026-06-21
FB003482,WO006857,4,Service Quality,2025-08-21
FB001801,WO003590,4,Staff Behaviour,2025-05-22
FB005933,WO011797,4,Positive Experience,2026-01-05
FB008214,WO016338,3,Staff Behaviour,2026-04-30
FB009947,WO019745,4,Staff Behaviour,2026-07-09
FB001952,WO003905,4,Staff Behaviour,2025-06-02
FB006610,WO013135,3,Turnaround Time,2026-02-07
FB010130,WO020082,4,Positive Experience,2026-07-18
FB011589,WO022848,4,Service Quality,2026-09-06
FB009196,WO018309,5,Staff Behaviour,2026-06-11
FB000307,WO000603,5,Positive Experience,2025-01-31
FB005370,WO010642,3,Turnaround Time,2025-11-29
FB000682,WO001349,4,Positive Experience,2025-03-02
FB010577,WO020940,4,Service Quality,2026-07-31
FB011498,WO022666,5,Positive Experience,2026-09-03
FB009954,WO019759,4,Positive Experience,2026-07-10
FB003380,WO006668,5,Positive Experience,2025-08-15
FB011720,WO023095,5,Positive Experience,2026-09-12
FB001500,WO002972,4,Service Quality,2025-05-01
FB005597,WO011094,3,Turnaround Time,2025-12-14
FB005929,WO011792,4,Positive Experience,2026-01-04
FB008670,WO017263,2,Turnaround Time,2026-05-19
FB010178,WO020170,4,Positive Experience,2026-07-19
FB007627,WO015204,5,Positive Experience,2026-04-01
FB002691,WO005354,4,Service Quality,2025-07-13
FB011469,WO022609,4,Positive Experience,2026-09-02
FB005234,WO010353,4,Positive Experience,2025-11-24
FB011286,WO022302,5,Positive Experience,2026-08-26
FB011688,WO023044,2,Turnaround Time,2026-09-11
FB001287,WO002567,3,Communication,2025-04-17
FB005832,WO011602,5,Service Quality,2025-12-28
FB003726,WO007322,4,Service Quality,2025-09-01
FB007879,WO015699,3,Parts Availability,2026-04-19
FB008029,WO015976,3,Turnaround Time,2026-04-22
FB010437,WO020683,2,Turnaround Time,2026-07-28
FB002629,WO005232,4,Service Quality,2025-07-08
FB008892,WO017682,4,Positive Experience,2026-05-29
FB004399,WO008606,4,Staff Behaviour,2025-10-06
FB007940,WO015808,3,Turnaround Time,2026-04-18
FB007291,WO014484,5,Service Quality,2026-03-15
FB003601,WO007091,4,Service Quality,2025-08-28
FB001525,WO003011,4,Staff Behaviour,2025-05-03
FB007470,WO014857,4,Positive Experience,2026-03-21
FB004553,WO008933,5,Positive Experience,2025-10-17
FB004381,WO008570,5,Positive Experience,2025-10-07
FB011895,WO023411,4,Positive Experience,2026-09-17
FB009760,WO019373,5,Service Quality,2026-07-02
FB000471,WO000899,4,Positive Experience,2025-02-12
FB007209,WO014330,4,Positive Experience,2026-03-12
FB009818,WO019498,4,Positive Experience,2026-07-03
FB007406,WO014719,4,Positive Experience,2026-03-21
FB001118,WO002208,4,Staff Behaviour,2025-03-31
FB001259,WO002502,3,Turnaround Time,2025-04-12
FB011063,WO021880,5,Positive Experience,2026-08-19
FB005317,WO010536,4,Positive Experience,2025-11-30
FB009589,WO019078,4,Positive Experience,2026-06-26
FB004485,WO008812,3,Repeat Issue,2025-10-12
FB005168,WO010209,3,Repeat Issue,2025-11-22
FB009922,WO019698,5,Positive Experience,2026-07-09
FB007979,WO015880,5,Staff Behaviour,2026-04-19
FB009218,WO018358,5,Service Quality,2026-06-14
FB007297,WO014493,4,Positive Experience,2026-03-13
FB008885,WO017668,4,Positive Experience,2026-05-27
FB004082,WO008011,4,Service Quality,2025-09-21
FB004894,WO009632,5,Positive Experience,2025-11-03
FB000945,WO001866,5,Service Quality,2025-03-22
FB006547,WO013015,4,Staff Behaviour,2026-02-08
FB007491,WO014889,3,Repeat Issue,2026-03-26
FB002026,WO004062,4,Positive Experience,2025-06-05
FB009616,WO019131,3,Turnaround Time,2026-06-27
FB005277,WO010458,5,Positive Experience,2025-11-25
FB000866,WO001707,4,Positive Experience,2025-03-17
FB002613,WO005195,5,Staff Behaviour,2025-07-05
FB009114,WO018138,1,Parts Availability,2026-06-11
FB009748,WO019353,5,Positive Experience,2026-07-03
FB000876,WO001726,5,Positive Experience,2025-03-17
FB006362,WO012630,5,Staff Behaviour,2026-01-29
FB004799,WO009436,5,Staff Behaviour,2025-10-28
FB010186,WO020188,4,Staff Behaviour,2026-07-17
FB008256,WO016434,4,Positive Experience,2026-05-02
FB007374,WO014652,3,Service Quality,2026-03-18
FB006346,WO012600,5,Positive Experience,2026-01-24
FB011980,WO023607,4,Staff Behaviour,2026-09-20
FB007330,WO014559,3,Turnaround Time,2026-03-14
FB010270,WO020348,5,Positive Experience,2026-07-19
FB005615,WO011136,2,Parts Availability,2025-12-18
FB000057,WO000115,4,Positive Experience,2025-01-08
FB000112,WO000233,4,Staff Behaviour,2025-01-13
FB000834,WO001661,2,Parts Availability,2025-03-16
FB000840,WO001672,4,Positive Experience,2025-03-12
FB002185,WO004367,4,Positive Experience,2025-06-13
FB011540,WO022762,4,Service Quality,2026-09-07
FB010847,WO021478,3,Turnaround Time,2026-08-10
FB001505,WO002979,5,Service Quality,2025-04-30
FB007920,WO015769,5,Positive Experience,2026-04-14
FB005445,WO010793,4,Service Quality,2025-12-08
FB009187,WO018291,4,Staff Behaviour,2026-06-12
FB000653,WO001293,4,Positive Experience,2025-02-28
FB004766,WO009360,5,Staff Behaviour,2025-10-25
FB008135,WO016181,4,Positive Experience,2026-04-26
FB002136,WO004272,5,Positive Experience,2025-06-12
FB003732,WO007335,5,Service Quality,2025-09-04
FB003310,WO006513,3,Parts Availability,2025-08-16
FB001152,WO002284,4,Service Quality,2025-04-04
FB011721,WO023098,5,Positive Experience,2026-09-12
FB001825,WO003634,5,Service Quality,2025-05-22
FB009746,WO019347,4,Positive Experience,2026-07-04
FB000841,WO001673,5,Positive Experience,2025-03-15
FB005681,WO011269,4,Positive Experience,2025-12-18
FB000337,WO000660,1,Repeat Issue,2025-02-10
FB000153,WO000313,5,Positive Experience,2025-01-16
FB002395,WO004789,4,Staff Behaviour,2025-06-25
FB005217,WO010319,3,Parts Availability,2025-12-01
FB002907,WO005792,5,Positive Experience,2025-07-23
FB005059,WO009965,4,Positive Experience,2025-11-14
FB003750,WO007375,5,Positive Experience,2025-09-04
FB006981,WO013878,4,Positive Experience,2026-02-27
FB001198,WO002361,3,Turnaround Time,2025-04-09
FB011554,WO022786,3,Parts Availability,2026-09-11
FB010898,WO021585,2,Turnaround Time,2026-08-12
FB008797,WO017504,5,Positive Experience,2026-05-23
FB007956,WO015840,4,Staff Behaviour,2026-04-17
FB012039,WO023701,5,Positive Experience,2026-09-24
FB005612,WO011129,5,Positive Experience,2025-12-13
FB003764,WO007399,5,Positive Experience,2025-09-05
FB004965,WO009774,5,Staff Behaviour,2025-11-09
FB011340,WO022401,3,Turnaround Time,2026-08-31
FB003652,WO007182,5,Service Quality,2025-08-31
FB000409,WO000800,5,Positive Experience,2025-02-08
FB001568,WO003087,4,Service Quality,2025-05-05
FB011717,WO023088,3,Turnaround Time,2026-09-11
FB005869,WO011675,5,Positive Experience,2026-01-01
FB000587,WO001160,4,Staff Behaviour,2025-02-21
FB007272,WO014455,5,Positive Experience,2026-03-12
FB001983,WO003975,4,Positive Experience,2025-05-31
FB000127,WO000264,4,Positive Experience,2025-01-13
FB008010,WO015940,4,Service Quality,2026-04-19
FB006703,WO013334,4,Positive Experience,2026-02-14
FB001694,WO003353,4,Service Quality,2025-05-15
FB000810,WO001621,4,Positive Experience,2025-03-12
FB002414,WO004827,3,Communication,2025-06-26
FB012079,WO023783,5,Positive Experience,2026-09-25
FB008881,WO017660,4,Positive Experience,2026-05-27
FB001517,WO003000,5,Service Quality,2025-05-01
FB003680,WO007240,3,Communication,2025-08-29
FB007755,WO015453,4,Positive Experience,2026-04-09
FB004721,WO009279,4,Service Quality,2025-10-24
FB011417,WO022516,5,Service Quality,2026-09-01
FB010262,WO020336,4,Positive Experience,2026-07-20
FB000943,WO001863,4,Positive Experience,2025-03-20
FB005818,WO011571,2,Repeat Issue,2025-12-28
FB002092,WO004193,5,Positive Experience,2025-06-10
FB007270,WO014450,4,Service Quality,2026-03-13
FB010234,WO020274,4,Positive Experience,2026-07-19
FB008061,WO016036,4,Positive Experience,2026-04-23
FB006696,WO013317,4,Positive Experience,2026-02-12
FB004536,WO008905,5,Positive Experience,2025-10-13
FB000983,WO001935,3,Pricing,2025-03-23
FB005422,WO010751,5,Positive Experience,2025-12-05
FB007506,WO014916,5,Positive Experience,2026-03-26
FB004052,WO007965,4,Positive Experience,2025-09-18
FB010764,WO021329,4,Service Quality,2026-08-09
FB006343,WO012593,5,Service Quality,2026-01-26
FB011809,WO023241,3,Turnaround Time,2026-09-16
FB011965,WO023575,2,Turnaround Time,2026-09-21
FB004362,WO008534,4,Positive Experience,2025-10-04
FB009855,WO019562,2,Turnaround Time,2026-07-08
FB003977,WO007820,4,Staff Behaviour,2025-09-16
FB006660,WO013225,4,Service Quality,2026-02-12
FB011766,WO023171,4,Positive Experience,2026-09-16
FB001097,WO002169,5,Staff Behaviour,2025-03-29
FB004511,WO008856,2,Parts Availability,2025-10-19
FB006309,WO012522,4,Staff Behaviour,2026-01-25
FB010822,WO021434,4,Positive Experience,2026-08-09
FB008263,WO016447,3,Turnaround Time,2026-05-03
FB004905,WO009650,5,Service Quality,2025-11-04
FB008879,WO017658,5,Positive Experience,2026-05-27
FB008583,WO017087,4,Positive Experience,2026-05-18
FB012181,WO023967,4,Positive Experience,2026-09-29
FB006843,WO013607,4,Service Quality,2026-02-21
FB006499,WO012926,5,Service Quality,2026-02-04
FB010664,WO021101,4,Positive Experience,2026-08-04
FB004073,WO007993,5,Service Quality,2025-09-21
FB007121,WO014163,4,Positive Experience,2026-03-09
FB008150,WO016211,4,Positive Experience,2026-04-27
FB010918,WO021624,2,Turnaround Time,2026-08-15
FB010480,WO020775,5,Positive Experience,2026-07-28
FB001756,WO003496,4,Positive Experience,2025-05-19
FB003945,WO007771,4,Positive Experience,2025-09-13
FB002359,WO004725,3,Repeat Issue,2025-06-26
FB001906,WO003810,4,Staff Behaviour,2025-05-28
FB001800,WO003589,4,Service Quality,2025-05-22
FB004169,WO008174,4,Positive Experience,2025-09-26
FB000506,WO000989,4,Positive Experience,2025-02-14
FB008007,WO015935,4,Service Quality,2026-04-21
FB011558,WO022792,5,Service Quality,2026-09-06
FB009102,WO018115,3,Turnaround Time,2026-06-06
FB012155,WO023922,4,Positive Experience,2026-09-27
FB006574,WO013068,4,Staff Behaviour,2026-02-08
FB006695,WO013313,5,Service Quality,2026-02-12
FB009992,WO019828,3,Turnaround Time,2026-07-13
FB008027,WO015974,3,Parts Availability,2026-04-29
FB009293,WO018508,4,Positive Experience,2026-06-16
FB009930,WO019716,3,Turnaround Time,2026-07-09
FB004002,WO007878,4,Service Quality,2025-09-16
FB007463,WO014845,4,Staff Behaviour,2026-03-21
FB010679,WO021146,5,Positive Experience,2026-08-06
FB004574,WO008982,2,Repeat Issue,2025-10-19
FB012252,WO024088,4,Staff Behaviour,2026-10-01
FB005137,WO010139,5,Positive Experience,2025-11-17
FB008216,WO016346,4,Positive Experience,2026-04-30
FB001323,WO002635,5,Service Quality,2025-04-19
FB005677,WO011258,4,Positive Experience,2025-12-17
FB003322,WO006541,5,Service Quality,2025-08-12
FB007504,WO014913,4,Service Quality,2026-03-27
FB002453,WO004897,3,Repeat Issue,2025-06-30
FB009165,WO018243,3,Turnaround Time,2026-06-12
FB001552,WO003058,5,Positive Experience,2025-05-02
FB002988,WO005940,4,Positive Experience,2025-07-26
FB007287,WO014476,4,Positive Experience,2026-03-13
FB006865,WO013649,5,Positive Experience,2026-02-21
FB009852,WO019557,3,Turnaround Time,2026-07-06
FB011301,WO022334,5,Staff Behaviour,2026-08-29
FB004911,WO009661,5,Positive Experience,2025-11-05
FB010741,WO021275,5,Service Quality,2026-08-07
FB005554,WO010998,4,Positive Experience,2025-12-11
FB009551,WO019005,2,Repeat Issue,2026-06-25
FB005692,WO011292,3,Turnaround Time,2025-12-21
FB000411,WO000804,5,Service Quality,2025-02-08
FB002565,WO005106,4,Service Quality,2025-07-06
FB008711,WO017340,3,Turnaround Time,2026-05-23
FB007888,WO015719,4,Positive Experience,2026-04-15
FB000477,WO000913,3,Service Quality,2025-02-10
FB011347,WO022410,3,Turnaround Time,2026-08-28
FB000711,WO001411,5,Positive Experience,2025-03-03
FB006474,WO012867,4,Service Quality,2026-02-03
FB006851,WO013618,5,Positive Experience,2026-02-22
FB001558,WO003069,4,Positive Experience,2025-05-07
FB010628,WO021034,3,Turnaround Time,2026-08-04
FB007131,WO014186,5,Positive Experience,2026-03-10
FB010116,WO020048,3,Turnaround Time,2026-07-15
FB012130,WO023878,3,Pricing,2026-09-29
FB000712,WO001415,5,Service Quality,2025-03-03
FB004225,WO008290,3,Turnaround Time,2025-09-29
FB002041,WO004103,4,Service Quality,2025-06-05
FB000733,WO001446,4,Service Quality,2025-03-06
FB008646,WO017204,3,Repeat Issue,2026-05-21
FB008383,WO016684,4,Positive Experience,2026-05-11
FB002469,WO004929,4,Positive Experience,2025-06-28
FB006637,WO013182,5,Positive Experience,2026-02-12
FB000533,WO001041,5,Positive Experience,2025-02-16
FB000574,WO001133,5,Positive Experience,2025-02-21
FB005400,WO010707,3,Turnaround Time,2025-12-03
FB010143,WO020106,3,Repeat Issue,2026-07-15
FB004213,WO008268,3,Turnaround Time,2025-09-29
FB007841,WO015624,4,Service Quality,2026-04-13
FB003285,WO006475,4,Staff Behaviour,2025-08-09
FB011065,WO021884,4,Positive Experience,2026-08-21
FB007303,WO014500,3,Turnaround Time,2026-03-16
FB005955,WO011850,3,Parts Availability,2026-01-15
FB005272,WO010446,4,Service Quality,2025-11-28
FB001193,WO002352,4,Service Quality,2025-04-05
FB008297,WO016521,4,Positive Experience,2026-05-04
FB011768,WO023173,2,Turnaround Time,2026-09-15
FB001032,WO002028,5,Positive Experience,2025-03-28
FB000802,WO001610,4,Positive Experience,2025-03-11
FB003913,WO007703,4,Positive Experience,2025-09-11
FB000351,WO000686,4,Staff Behaviour,2025-02-01
FB004715,WO009268,4,Positive Experience,2025-10-25
FB006402,WO012721,3,Turnaround Time,2026-01-29
FB001806,WO003598,4,Positive Experience,2025-05-23
FB008691,WO017295,4,Staff Behaviour,2026-05-22
FB010982,WO021732,5,Positive Experience,2026-08-17
FB005989,WO011911,2,Repeat Issue,2026-01-06
FB003226,WO006359,4,Positive Experience,2025-08-08
FB008595,WO017105,4,Positive Experience,2026-05-19
FB009552,WO019006,3,Turnaround Time,2026-06-27
FB004754,WO009338,4,Positive Experience,2025-10-26
FB001396,WO002762,4,Service Quality,2025-04-22
FB003659,WO007201,4,Positive Experience,2025-08-29
FB008634,WO017179,4,Positive Experience,2026-05-21
FB004407,WO008623,5,Positive Experience,2025-10-10
FB011620,WO022902,4,Positive Experience,2026-09-10
FB003109,WO006154,4,Positive Experience,2025-08-01
FB011054,WO021863,5,Positive Experience,2026-08-17
FB001791,WO003568,5,Positive Experience,2025-05-20
FB010056,WO019938,2,Parts Availability,2026-07-13
FB007926,WO015778,5,Positive Experience,2026-04-16
FB001273,WO002531,3,Turnaround Time,2025-04-16
FB003369,WO006641,3,Repeat Issue,2025-08-21
FB009667,WO019213,4,Positive Experience,2026-06-27
FB011813,WO023249,3,Turnaround Time,2026-09-16
FB008759,WO017439,5,Staff Behaviour,2026-05-23
FB009387,WO018671,5,Positive Experience,2026-06-20
FB003807,WO007494,5,Positive Experience,2025-09-08
FB001302,WO002591,5,Service Quality,2025-04-18
FB009122,WO018152,5,Positive Experience,2026-06-10
FB007769,WO015489,5,Staff Behaviour,2026-04-07
FB002140,WO004279,3,Pricing,2025-06-13
FB007875,WO015690,4,Staff Behaviour,2026-04-12
FB001635,WO003229,4,Positive Experience,2025-05-07
FB000031,WO000061,5,Positive Experience,2025-01-06
FB011472,WO022617,5,Positive Experience,2026-09-04
FB006314,WO012535,5,Staff Behaviour,2026-01-24
FB004651,WO009141,4,Positive Experience,2025-10-21
FB005321,WO010542,3,Turnaround Time,2025-11-30
FB004718,WO009273,5,Positive Experience,2025-10-24
FB007195,WO014305,4,Positive Experience,2026-03-12
FB002379,WO004761,4,Positive Experience,2025-06-26
FB008838,WO017591,4,Staff Behaviour,2026-05-27
FB011675,WO023017,5,Service Quality,2026-09-11
FB007877,WO015696,4,Service Quality,2026-04-14
FB012034,WO023693,5,Staff Behaviour,2026-09-23
FB002766,WO005494,5,Service Quality,2025-07-16
FB005936,WO011801,4,Positive Experience,2026-01-04
FB003884,WO007647,5,Positive Experience,2025-09-09
FB002316,WO004636,4,Positive Experience,2025-06-23
FB001018,WO001995,4,Service Quality,2025-03-25
FB000181,WO000368,4,Positive Experience,2025-01-18
FB005054,WO009956,4,Positive Experience,2025-11-14
FB002486,WO004960,5,Positive Experience,2025-07-01
FB006197,WO012291,5,Positive Experience,2026-01-19
FB002905,WO005785,4,Service Quality,2025-07-24
FB001362,WO002701,4,Positive Experience,2025-04-19
FB005335,WO010566,4,Positive Experience,2025-11-29
FB011081,WO021922,3,Turnaround Time,2026-08-19
FB002421,WO004840,4,Positive Experience,2025-06-27
FB009380,WO018655,5,Positive Experience,2026-06-18
FB009554,WO019011,2,Repeat Issue,2026-06-27
FB001781,WO003554,5,Positive Experience,2025-05-19
FB010894,WO021580,5,Positive Experience,2026-08-13
FB003486,WO006871,4,Service Quality,2025-08-23
FB006213,WO012328,3,Repeat Issue,2026-01-18
FB000578,WO001139,4,Positive Experience,2025-02-21
FB003957,WO007786,2,Parts Availability,2025-09-20
FB000176,WO000358,3,Pricing,2025-01-18
FB003426,WO006762,4,Service Quality,2025-08-18
FB004703,WO009247,4,Staff Behaviour,2025-10-25
FB002064,WO004149,5,Service Quality,2025-06-08
FB001047,WO002061,5,Positive Experience,2025-03-28
FB002924,WO005823,5,Positive Experience,2025-07-23
FB004559,WO008946,5,Staff Behaviour,2025-10-14
FB008760,WO017441,3,Turnaround Time,2026-05-26
FB002317,WO004637,3,Turnaround Time,2025-06-20
FB011123,WO021994,3,Turnaround Time,2026-08-22
FB002834,WO005649,4,Staff Behaviour,2025-07-20
FB001869,WO003720,5,Positive Experience,2025-05-25
FB010107,WO020032,5,Positive Experience,2026-07-14
FB005493,WO010887,2,Turnaround Time,2025-12-09
FB005284,WO010468,5,Service Quality,2025-11-29
FB001343,WO002667,4,Positive Experience,2025-04-17
FB008459,WO016836,3,Turnaround Time,2026-05-10
FB000420,WO000818,5,Positive Experience,2025-02-08
FB008620,WO017151,4,Service Quality,2026-05-16
FB002601,WO005167,4,Staff Behaviour,2025-07-05
FB001581,WO003112,4,Staff Behaviour,2025-05-06
FB007695,WO015347,5,Positive Experience,2026-04-04
FB001442,WO002855,5,Service Quality,2025-04-25
FB003036,WO006036,3,Turnaround Time,2025-07-31
FB006126,WO012157,5,Service Quality,2026-01-15
FB007480,WO014870,3,Turnaround Time,2026-03-23
FB001021,WO001998,5,Positive Experience,2025-03-25
FB004138,WO008125,5,Positive Experience,2025-09-22
FB003577,WO007040,4,Positive Experience,2025-08-28
FB012216,WO024022,5,Positive Experience,2026-09-29
FB006743,WO013396,5,Staff Behaviour,2026-02-16
FB003711,WO007292,4,Positive Experience,2025-08-31
FB006871,WO013664,3,Turnaround Time,2026-02-21
FB002916,WO005807,4,Positive Experience,2025-07-24
FB010864,WO021506,4,Positive Experience,2026-08-13
FB005451,WO010808,4,Positive Experience,2025-12-05
FB000946,WO001867,4,Positive Experience,2025-03-26
FB001779,WO003552,5,Staff Behaviour,2025-05-18
FB003886,WO007650,3,Repeat Issue,2025-09-12
FB002537,WO005061,5,Positive Experience,2025-07-03
FB011441,WO022560,3,Turnaround Time,2026-09-01
FB005504,WO010908,5,Positive Experience,2025-12-11
FB004958,WO009753,4,Positive Experience,2025-11-08
FB008158,WO016224,5,Positive Experience,2026-04-25
FB002906,WO005791,4,Positive Experience,2025-07-28
FB007663,WO015285,4,Positive Experience,2026-04-03
FB002036,WO004088,3,Parts Availability,2025-06-14
FB002289,WO004572,5,Positive Experience,2025-06-19
FB006120,WO012149,4,Positive Experience,2026-01-14
FB001431,WO002829,5,Positive Experience,2025-04-25
FB005483,WO010868,3,Turnaround Time,2025-12-08
FB009568,WO019047,4,Staff Behaviour,2026-06-26
FB005106,WO010068,5,Positive Experience,2025-11-18
FB005294,WO010484,4,Positive Experience,2025-11-29
FB000374,WO000729,5,Positive Experience,2025-02-05
FB011122,WO021992,5,Positive Experience,2026-08-23
FB011155,WO022070,5,Positive Experience,2026-08-21
FB005136,WO010136,3,Repeat Issue,2025-11-20
FB001684,WO003333,4,Positive Experience,2025-05-11
FB009097,WO018104,3,Turnaround Time,2026-06-08
FB008025,WO015970,5,Staff Behaviour,2026-04-21
FB010381,WO020581,4,Service Quality,2026-07-27
FB005443,WO010788,4,Positive Experience,2025-12-07
FB002804,WO005582,4,Service Quality,2025-07-19
FB006750,WO013411,3,Turnaround Time,2026-02-14
FB008668,WO017259,3,Turnaround Time,2026-05-21
FB009113,WO018136,5,Service Quality,2026-06-09
FB009660,WO019201,4,Service Quality,2026-06-29
FB011920,WO023474,3,Turnaround Time,2026-09-21
FB010999,WO021759,3,Turnaround Time,2026-08-15
FB004823,WO009491,5,Positive Experience,2025-10-31
FB007167,WO014258,5,Positive Experience,2026-03-10
FB007411,WO014739,4,Positive Experience,2026-03-20
FB003697,WO007267,4,Service Quality,2025-08-30
FB005144,WO010161,4,Staff Behaviour,2025-11-19
FB004420,WO008659,5,Service Quality,2025-10-07
FB008908,WO017709,2,Parts Availability,2026-06-01
FB011574,WO022818,3,Parts Availability,2026-09-09
FB001598,WO003156,4,Positive Experience,2025-05-06
FB000659,WO001303,4,Positive Experience,2025-02-28
FB005536,WO010967,5,Staff Behaviour,2025-12-11
FB008203,WO016312,4,Positive Experience,2026-04-27
FB005994,WO011923,3,Turnaround Time,2026-01-09
FB001707,WO003387,4,Staff Behaviour,2025-05-16
FB002708,WO005394,3,Pricing,2025-07-11
FB010299,WO020401,2,Turnaround Time,2026-07-22
FB004796,WO009425,5,Positive Experience,2025-10-30
FB007229,WO014370,4,Service Quality,2026-03-14
FB000111,WO000232,5,Positive Experience,2025-01-13
FB003372,WO006650,3,Service Quality,2025-08-17
FB011224,WO022185,4,Positive Experience,2026-08-24
FB005360,WO010624,4,Staff Behaviour,2025-12-01
FB009317,WO018543,5,Staff Behaviour,2026-06-18
FB001615,WO003191,4,Service Quality,2025-05-06
FB008882,WO017662,4,Positive Experience,2026-05-30
FB007809,WO015562,5,Positive Experience,2026-04-10
FB007950,WO015832,5,Positive Experience,2026-04-15
FB009977,WO019797,3,Turnaround Time,2026-07-12
FB006832,WO013588,4,Service Quality,2026-02-22
FB007988,WO015894,5,Positive Experience,2026-04-19
FB000630,WO001245,4,Positive Experience,2025-02-22
FB005569,WO011032,5,Service Quality,2025-12-14
FB004135,WO008116,4,Positive Experience,2025-09-25
FB005928,WO011791,5,Positive Experience,2026-01-04
FB003284,WO006471,4,Service Quality,2025-08-10
FB000240,WO000477,4,Positive Experience,2025-01-23
FB003312,WO006517,4,Positive Experience,2025-08-12
FB007852,WO015645,3,Turnaround Time,2026-04-11
FB001131,WO002239,4,Positive Experience,2025-04-01
FB010853,WO021487,5,Positive Experience,2026-08-13
FB010478,WO020773,3,Turnaround Time,2026-07-31
FB003592,WO007075,5,Positive Experience,2025-08-25
FB010928,WO021638,5,Positive Experience,2026-08-15
FB009671,WO019218,2,Turnaround Time,2026-06-30
FB004961,WO009767,4,Service Quality,2025-11-08
FB001942,WO003886,4,Staff Behaviour,2025-05-30
FB003604,WO007095,3,Pricing,2025-08-27
FB008495,WO016922,5,Positive Experience,2026-05-15
FB001358,WO002694,5,Positive Experience,2025-04-19
FB000020,WO000037,4,Positive Experience,2025-01-05
FB001660,WO003283,5,Positive Experience,2025-05-11
FB008063,WO016044,5,Positive Experience,2026-04-23
FB003561,WO007005,4,Positive Experience,2025-08-25
FB007256,WO014416,4,Staff Behaviour,2026-03-15
FB008179,WO016267,3,Parts Availability,2026-05-04
FB010205,WO020226,5,Positive Experience,2026-07-18
FB010158,WO020132,4,Staff Behaviour,2026-07-17
FB011572,WO022816,4,Positive Experience,2026-09-10
FB005674,WO011254,4,Positive Experience,2025-12-18
FB002534,WO005054,5,Positive Experience,2025-07-03
FB002047,WO004118,5,Positive Experience,2025-06-05
FB009219,WO018359,5,Service Quality,2026-06-14
FB005516,WO010929,5,Staff Behaviour,2025-12-09
FB009288,WO018494,5,Positive Experience,2026-06-14
FB010855,WO021489,2,Parts Availability,2026-08-19
FB004371,WO008552,3,Turnaround Time,2025-10-09
FB010690,WO021170,5,Positive Experience,2026-08-04
FB005362,WO010628,5,Positive Experience,2025-12-02
FB011378,WO022455,4,Service Quality,2026-08-28
FB010133,WO020085,4,Service Quality,2026-07-15
FB006649,WO013206,4,Staff Behaviour,2026-02-12
FB003632,WO007150,4,Positive Experience,2025-08-27
FB007767,WO015481,4,Positive Experience,2026-04-10
FB003851,WO007580,3,Turnaround Time,2025-09-07
FB011389,WO022473,5,Service Quality,2026-08-29
FB000126,WO000262,5,Staff Behaviour,2025-01-16
FB008342,WO016605,5,Positive Experience,2026-05-07
FB005491,WO010884,5,Positive Experience,2025-12-08
FB011343,WO022406,2,Turnaround Time,2026-08-31
FB011337,WO022395,4,Staff Behaviour,2026-08-29
FB001054,WO002072,4,Positive Experience,2025-03-27
FB005822,WO011584,4,Staff Behaviour,2025-12-28
FB006027,WO011977,3,Parts Availability,2026-01-17
FB009383,WO018660,5,Service Quality,2026-06-19
FB003899,WO007676,4,Positive Experience,2025-09-09
FB008979,WO017853,4,Positive Experience,2026-06-03
FB001036,WO002039,4,Staff Behaviour,2025-03-27
FB008980,WO017855,4,Staff Behaviour,2026-06-04
FB002066,WO004151,4,Positive Experience,2025-06-06
FB003301,WO006498,5,Positive Experience,2025-08-11
FB007108,WO014137,4,Positive Experience,2026-03-09
FB007884,WO015709,5,Service Quality,2026-04-13
FB005465,WO010833,3,Repeat Issue,2025-12-09
FB007785,WO015517,5,Staff Behaviour,2026-04-10
FB006548,WO013020,4,Service Quality,2026-02-05
FB006607,WO013130,3,Turnaround Time,2026-02-09
FB009562,WO019027,3,Turnaround Time,2026-06-28
FB005859,WO011650,4,Positive Experience,2026-01-01
FB007661,WO015282,5,Service Quality,2026-04-04
FB001695,WO003358,4,Staff Behaviour,2025-05-15
FB003011,WO005977,3,Turnaround Time,2025-07-31
FB005583,WO011062,4,Positive Experience,2025-12-15
FB006950,WO013820,3,Parts Availability,2026-03-06
FB011051,WO021857,4,Positive Experience,2026-08-20
FB008393,WO016709,5,Service Quality,2026-05-09
FB000515,WO001006,4,Positive Experience,2025-02-16
FB002893,WO005764,3,Parts Availability,2025-07-29
FB007638,WO015234,3,Parts Availability,2026-04-05
FB011680,WO023033,5,Service Quality,2026-09-12
FB012172,WO023953,5,Staff Behaviour,2026-09-28
FB000219,WO000437,4,Positive Experience,2025-01-22
FB001749,WO003486,4,Positive Experience,2025-05-19
FB006566,WO013056,5,Positive Experience,2026-02-09
FB000293,WO000575,5,Positive Experience,2025-01-28
FB007701,WO015354,3,Turnaround Time,2026-04-05
FB003879,WO007637,4,Positive Experience,2025-09-11
FB011007,WO021771,5,Staff Behaviour,2026-08-15
FB011270,WO022274,4,Positive Experience,2026-08-27
FB009692,WO019258,3,Parts Availability,2026-07-02
FB009782,WO019415,4,Positive Experience,2026-07-04
FB011289,WO022306,3,Turnaround Time,2026-08-27
FB009411,WO018733,4,Positive Experience,2026-06-19
FB000130,WO000272,5,Positive Experience,2025-01-15
FB009465,WO018833,4,Positive Experience,2026-06-21
FB001167,WO002308,5,Staff Behaviour,2025-04-05
FB006012,WO011949,5,Staff Behaviour,2026-01-08
FB008282,WO016491,3,Turnaround Time,2026-05-01
FB000212,WO000419,5,Service Quality,2025-01-22
FB001763,WO003515,5,Positive Experience,2025-05-16
FB000782,WO001566,4,Service Quality,2025-03-09
FB000258,WO000503,5,Positive Experience,2025-01-26
FB008533,WO016997,5,Service Quality,2026-05-14
FB003574,WO007036,4,Positive Experience,2025-08-26
FB006565,WO013053,4,Service Quality,2026-02-07
FB002572,WO005117,5,Service Quality,2025-07-06
FB002977,WO005929,5,Service Quality,2025-07-26
FB009868,WO019582,3,Turnaround Time,2026-07-08
FB007714,WO015374,3,Turnaround Time,2026-04-07
FB001365,WO002712,3,Turnaround Time,2025-04-19
FB009025,WO017945,5,Positive Experience,2026-06-02
FB008961,WO017810,4,Positive Experience,2026-06-01
FB010486,WO020787,5,Service Quality,2026-07-29
FB000201,WO000401,3,Communication,2025-01-20
FB008791,WO017493,4,Positive Experience,2026-05-23
FB009290,WO018497,5,Positive Experience,2026-06-15
FB000696,WO001384,3,Turnaround Time,2025-03-03
FB001786,WO003563,5,Positive Experience,2025-05-20
FB012095,WO023816,3,Service Quality,2026-09-25
FB003911,WO007697,3,Parts Availability,2025-09-16
FB004541,WO008911,5,Positive Experience,2025-10-15
FB008279,WO016478,3,Turnaround Time,2026-04-30
FB010201,WO020219,4,Staff Behaviour,2026-07-19
FB004418,WO008654,4,Positive Experience,2025-10-09
FB005399,WO010704,5,Staff Behaviour,2025-12-03
FB009117,WO018141,4,Positive Experience,2026-06-07
FB000286,WO000556,4,Positive Experience,2025-01-27
FB011115,WO021981,5,Positive Experience,2026-08-22
FB005521,WO010936,4,Service Quality,2025-12-09
FB007949,WO015825,2,Repeat Issue,2026-04-16
FB010161,WO020135,3,Turnaround Time,2026-07-17
FB000451,WO000869,4,Service Quality,2025-02-11
FB008473,WO016872,3,Turnaround Time,2026-05-11
FB004432,WO008690,5,Positive Experience,2025-10-11
FB003691,WO007255,5,Service Quality,2025-08-30
FB007283,WO014471,5,Service Quality,2026-03-14
FB003928,WO007737,4,Positive Experience,2025-09-13
FB006886,WO013685,5,Positive Experience,2026-02-25
FB008553,WO017034,4,Service Quality,2026-05-15
FB001125,WO002226,5,Positive Experience,2025-04-03
FB002155,WO004307,5,Positive Experience,2025-06-13
FB000525,WO001023,4,Positive Experience,2025-02-16
FB007535,WO014984,4,Positive Experience,2026-03-28
FB001188,WO002338,3,Pricing,2025-04-06
FB002711,WO005401,3,Turnaround Time,2025-07-14
FB000448,WO000865,5,Positive Experience,2025-02-09
FB000608,WO001199,4,Service Quality,2025-02-23
FB006149,WO012203,4,Staff Behaviour,2026-01-14
FB007293,WO014487,3,Parts Availability,2026-03-20
FB009656,WO019195,2,Turnaround Time,2026-07-01
FB010011,WO019859,4,Service Quality,2026-07-12
FB000804,WO001612,3,Repeat Issue,2025-03-11
FB004522,WO008873,4,Service Quality,2025-10-15
FB001274,WO002538,4,Service Quality,2025-04-12
FB000655,WO001295,4,Service Quality,2025-02-27
FB002458,WO004906,5,Positive Experience,2025-06-29
FB005268,WO010436,5,Service Quality,2025-11-27
FB005505,WO010909,5,Service Quality,2025-12-08
FB002380,WO004762,4,Positive Experience,2025-06-26
FB002785,WO005532,4,Positive Experience,2025-07-18
FB001766,WO003526,5,Positive Experience,2025-05-18
FB006847,WO013613,5,Positive Experience,2026-02-20
FB002614,WO005197,3,Turnaround Time,2025-07-08
FB008382,WO016681,4,Positive Experience,2026-05-07
FB010126,WO020074,3,Turnaround Time,2026-07-17
FB003830,WO007536,5,Service Quality,2025-09-08
FB011742,WO023132,5,Positive Experience,2026-09-13
FB002258,WO004503,5,Positive Experience,2025-06-19
FB000904,WO001786,5,Positive Experience,2025-03-18
FB006796,WO013505,5,Positive Experience,2026-02-19
FB004808,WO009455,5,Positive Experience,2025-10-29
FB011269,WO022270,4,Positive Experience,2026-08-25
FB011730,WO023112,4,Positive Experience,2026-09-12
FB002839,WO005657,3,Turnaround Time,2025-07-22
FB010508,WO020836,3,Waiting Time,2026-07-31
FB007079,WO014076,3,Parts Availability,2026-03-09
FB008021,WO015960,3,Turnaround Time,2026-04-19
FB009344,WO018598,3,Communication,2026-06-19
FB010866,WO021511,4,Positive Experience,2026-08-12
FB011767,WO023172,5,Staff Behaviour,2026-09-14
FB011096,WO021952,5,Positive Experience,2026-08-20
FB011930,WO023490,5,Positive Experience,2026-09-19
FB012093,WO023814,4,Positive Experience,2026-09-25
FB011363,WO022432,3,Repeat Issue,2026-08-31
FB000896,WO001766,5,Staff Behaviour,2025-03-16
FB008174,WO016260,4,Service Quality,2026-04-25
FB002295,WO004595,4,Positive Experience,2025-06-19
FB000045,WO000089,4,Staff Behaviour,2025-01-06
FB006823,WO013569,5,Positive Experience,2026-02-22
FB000789,WO001579,5,Positive Experience,2025-03-11
FB006710,WO013343,4,Staff Behaviour,2026-02-15
FB001777,WO003547,4,Service Quality,2025-05-17
FB010397,WO020605,4,Service Quality,2026-07-25
FB011080,WO021921,3,Turnaround Time,2026-08-19
FB008648,WO017209,4,Positive Experience,2026-05-20
FB008617,WO017148,4,Positive Experience,2026-05-19
FB008615,WO017146,5,Service Quality,2026-05-16
FB002236,WO004465,4,Positive Experience,2025-06-16
FB006218,WO012334,2,Turnaround Time,2026-01-19
FB010212,WO020237,3,Turnaround Time,2026-07-19
FB006024,WO011970,5,Positive Experience,2026-01-09
FB011350,WO022414,3,Turnaround Time,2026-08-29
FB010412,WO020643,2,Parts Availability,2026-07-31
FB004205,WO008253,3,Parts Availability,2025-10-01
FB012182,WO023969,5,Positive Experience,2026-10-01
FB010336,WO020495,3,Turnaround Time,2026-07-23
FB005029,WO009912,4,Positive Experience,2025-11-12
FB004114,WO008080,4,Service Quality,2025-09-21
FB008330,WO016583,3,Turnaround Time,2026-05-04
FB003627,WO007141,4,Service Quality,2025-08-28
FB005220,WO010324,4,Positive Experience,2025-11-24
FB000284,WO000554,4,Positive Experience,2025-01-25
FB008032,WO015980,4,Service Quality,2026-04-20
FB001555,WO003063,5,Service Quality,2025-05-01
FB012233,WO024063,4,Staff Behaviour,2026-09-30
FB009790,WO019433,5,Positive Experience,2026-07-04
FB001728,WO003436,4,Service Quality,2025-05-16
FB005991,WO011913,5,Positive Experience,2026-01-08
FB002439,WO004868,3,Repeat Issue,2025-06-30
FB003353,WO006606,4,Service Quality,2025-08-15
FB002819,WO005614,5,Positive Experience,2025-07-20
FB010433,WO020674,5,Positive Experience,2026-07-25
FB008762,WO017444,5,Staff Behaviour,2026-05-23
FB011914,WO023454,4,Positive Experience,2026-09-19
FB001222,WO002431,4,Positive Experience,2025-04-11
FB007582,WO015079,5,Positive Experience,2026-03-28
FB002023,WO004058,3,Turnaround Time,2025-06-06
FB006949,WO013819,2,Turnaround Time,2026-03-01
FB011457,WO022585,4,Positive Experience,2026-09-03
FB002703,WO005377,4,Service Quality,2025-07-11
FB007963,WO015851,4,Staff Behaviour,2026-04-19
FB003925,WO007730,4,Service Quality,2025-09-12
FB007601,WO015139,5,Positive Experience,2026-04-01
FB010358,WO020534,5,Positive Experience,2026-07-24
FB008935,WO017764,4,Service Quality,2026-06-01
FB003141,WO006216,4,Staff Behaviour,2025-08-03
FB007583,WO015082,3,Turnaround Time,2026-03-30
FB006542,WO013008,4,Service Quality,2026-02-05
FB000989,WO001944,4,Service Quality,2025-03-25
FB005596,WO011093,4,Staff Behaviour,2025-12-13
FB009052,WO017999,4,Positive Experience,2026-06-07
FB008410,WO016749,3,Parts Availability,2026-05-12
FB006191,WO012274,4,Staff Behaviour,2026-01-16
FB010583,WO020951,3,Service Quality,2026-08-02
FB004640,WO009123,5,Positive Experience,2025-10-23
FB002164,WO004327,5,Positive Experience,2025-06-12
FB008873,WO017646,5,Service Quality,2026-05-27
FB000985,WO001939,3,Turnaround Time,2025-03-22
FB007269,WO014448,5,Positive Experience,2026-03-14
FB008753,WO017425,4,Positive Experience,2026-05-23
FB004453,WO008753,5,Service Quality,2025-10-11
FB006377,WO012656,5,Positive Experience,2026-01-27
FB003709,WO007288,5,Positive Experience,2025-08-30
FB008628,WO017169,3,Turnaround Time,2026-05-19
FB007466,WO014850,5,Service Quality,2026-03-22
FB007368,WO014634,2,Turnaround Time,2026-03-19
FB005421,WO010749,4,Positive Experience,2025-12-06
FB000152,WO000311,4,Positive Experience,2025-01-18
FB002669,WO005314,4,Positive Experience,2025-07-12
FB001484,WO002944,4,Service Quality,2025-04-28
FB009601,WO019102,4,Positive Experience,2026-06-27
FB003308,WO006510,4,Positive Experience,2025-08-13
FB002757,WO005481,5,Positive Experience,2025-07-14
FB011681,WO023034,3,Turnaround Time,2026-09-11
FB003247,WO006400,4,Positive Experience,2025-08-09
FB010780,WO021354,4,Positive Experience,2026-08-10
FB010842,WO021469,3,Turnaround Time,2026-08-10
FB007136,WO014195,3,Repeat Issue,2026-03-08
FB012051,WO023727,4,Staff Behaviour,2026-09-25
FB007514,WO014930,4,Positive Experience,2026-03-24
FB010432,WO020673,4,Positive Experience,2026-07-27
FB000851,WO001687,5,Positive Experience,2025-03-15
FB002048,WO004119,4,Positive Experience,2025-06-08
FB004534,WO008899,5,Positive Experience,2025-10-15
FB000480,WO000923,3,Turnaround Time,2025-02-13
FB005962,WO011864,4,Positive Experience,2026-01-06
FB003762,WO007391,4,Positive Experience,2025-09-05
FB005620,WO011144,4,Service Quality,2025-12-16
FB001769,WO003533,4,Staff Behaviour,2025-05-19
FB008370,WO016661,3,Service Quality,2026-05-05
FB008528,WO016989,4,Positive Experience,2026-05-14
FB002776,WO005515,4,Service Quality,2025-07-18
FB011052,WO021858,4,Positive Experience,2026-08-19
FB004342,WO008500,5,Service Quality,2025-10-03
FB008899,WO017695,4,Staff Behaviour,2026-05-30
FB012209,WO024008,5,Service Quality,2026-10-01
FB011071,WO021900,3,Turnaround Time,2026-08-19
FB007843,WO015626,5,Positive Experience,2026-04-13
FB005185,WO010239,5,Positive Experience,2025-11-22
FB006018,WO011959,3,Parts Availability,2026-01-17
FB001268,WO002516,5,Service Quality,2025-04-14
FB007186,WO014292,3,Turnaround Time,2026-03-09
FB003059,WO006070,5,Service Quality,2025-07-31
FB003061,WO006072,4,Staff Behaviour,2025-07-31
FB005115,WO010084,3,Repeat Issue,2025-11-18
FB010886,WO021552,5,Positive Experience,2026-08-14
FB000597,WO001179,3,Repeat Issue,2025-02-24
FB006053,WO012026,5,Staff Behaviour,2026-01-11
FB008794,WO017496,4,Staff Behaviour,2026-05-24
FB004642,WO009125,5,Positive Experience,2025-10-22
FB005439,WO010779,5,Service Quality,2025-12-05
FB001053,WO002069,4,Service Quality,2025-03-28
FB007265,WO014436,4,Service Quality,2026-03-13
FB002120,WO004246,3,Repeat Issue,2025-06-09
FB001294,WO002580,3,Turnaround Time,2025-04-15
FB004326,WO008476,5,Positive Experience,2025-10-04
FB009264,WO018445,4,Service Quality,2026-06-15
FB005599,WO011098,4,Staff Behaviour,2025-12-16
FB003739,WO007349,4,Service Quality,2025-09-02
FB012223,WO024032,3,Repeat Issue,2026-09-29
FB002965,WO005903,3,Staff Behaviour,2025-07-27
FB007161,WO014240,4,Positive Experience,2026-03-10
FB011525,WO022728,3,Communication,2026-09-06
FB007191,WO014299,4,Service Quality,2026-03-12
FB002806,WO005584,4,Positive Experience,2025-07-20
FB010424,WO020665,4,Service Quality,2026-07-28
FB011769,WO023174,5,Staff Behaviour,2026-09-13
FB000008,WO000012,4,Positive Experience,2025-01-01
FB002404,WO004810,4,Service Quality,2025-06-28
FB000475,WO000907,4,Positive Experience,2025-02-11
FB009901,WO019647,3,Turnaround Time,2026-07-08
FB009177,WO018274,4,Service Quality,2026-06-12
FB012058,WO023735,5,Positive Experience,2026-09-26
FB000805,WO001614,5,Positive Experience,2025-03-12
FB003072,WO006095,3,Parts Availability,2025-08-05
FB002121,WO004247,5,Service Quality,2025-06-11
FB004318,WO008459,4,Positive Experience,2025-10-03
FB006534,WO012988,4,Positive Experience,2026-02-05
FB011021,WO021796,3,Turnaround Time,2026-08-16
FB009965,WO019779,5,Service Quality,2026-07-10
FB007432,WO014790,4,Staff Behaviour,2026-03-23
FB009755,WO019366,4,Positive Experience,2026-07-01
FB003543,WO006972,4,Positive Experience,2025-08-23
FB007451,WO014827,4,Positive Experience,2026-03-21
FB004474,WO008787,5,Staff Behaviour,2025-10-14
FB010537,WO020881,4,Staff Behaviour,2026-07-30
FB006995,WO013908,3,Communication,2026-03-01
FB007373,WO014648,4,Positive Experience,2026-03-20
FB001743,WO003468,4,Positive Experience,2025-05-15
FB009796,WO019444,3,Turnaround Time,2026-07-06
FB005307,WO010502,4,Service Quality,2025-11-26
FB003269,WO006442,5,Positive Experience,2025-08-08
FB004500,WO008833,4,Positive Experience,2025-10-14
FB002441,WO004870,4,Positive Experience,2025-06-30
FB011478,WO022628,4,Positive Experience,2026-09-04
FB000248,WO000488,4,Positive Experience,2025-01-27
FB007865,WO015672,5,Positive Experience,2026-04-12
FB008925,WO017746,4,Positive Experience,2026-06-01
FB003687,WO007247,5,Staff Behaviour,2025-08-31
FB011049,WO021853,5,Positive Experience,2026-08-17
FB001990,WO003993,4,Staff Behaviour,2025-05-31
FB004540,WO008910,5,Staff Behaviour,2025-10-15
FB009261,WO018442,3,Turnaround Time,2026-06-13
FB005643,WO011194,3,Turnaround Time,2025-12-18
FB004394,WO008593,5,Positive Experience,2025-10-07
FB002346,WO004697,4,Service Quality,2025-06-22
FB006347,WO012604,3,Turnaround Time,2026-01-25
FB000246,WO000485,5,Positive Experience,2025-01-26
FB007452,WO014828,2,Repeat Issue,2026-03-24
FB007045,WO014005,4,Service Quality,2026-03-05
FB005512,WO010924,4,Positive Experience,2025-12-08
FB008554,WO017037,3,Pricing,2026-05-15
FB004827,WO009498,4,Positive Experience,2025-10-30
FB002127,WO004258,3,Turnaround Time,2025-06-11
FB006768,WO013448,4,Positive Experience,2026-02-17
FB005735,WO011380,3,Service Quality,2025-12-20
FB004839,WO009515,4,Positive Experience,2025-11-01
FB003286,WO006477,2,Turnaround Time,2025-08-13
FB008363,WO016644,4,Staff Behaviour,2026-05-05
FB001933,WO003866,4,Staff Behaviour,2025-05-29
FB000274,WO000535,4,Positive Experience,2025-01-27
FB002533,WO005053,4,Positive Experience,2025-07-03
FB004618,WO009085,4,Positive Experience,2025-10-21
FB005654,WO011217,4,Positive Experience,2025-12-18
FB006413,WO012735,3,Parts Availability,2026-02-07
FB004172,WO008184,5,Positive Experience,2025-09-27
FB005149,WO010171,5,Positive Experience,2025-11-21
FB009677,WO019227,4,Service Quality,2026-07-02
FB006103,WO012107,3,Turnaround Time,2026-01-13
FB012217,WO024023,3,Turnaround Time,2026-10-02
FB005467,WO010836,4,Service Quality,2025-12-07
FB005500,WO010903,3,Parts Availability,2025-12-12
FB007434,WO014795,5,Service Quality,2026-03-20
FB002540,WO005066,5,Staff Behaviour,2025-07-03
FB009402,WO018707,5,Staff Behaviour,2026-06-19
FB005205,WO010288,3,Repeat Issue,2025-11-23
FB002496,WO004978,5,Positive Experience,2025-06-30
FB006848,WO013614,4,Service Quality,2026-02-20
FB007218,WO014349,4,Positive Experience,2026-03-11
FB009984,WO019813,4,Positive Experience,2026-07-11
FB000026,WO000055,4,Positive Experience,2025-01-03
FB009043,WO017986,5,Service Quality,2026-06-06
FB004753,WO009337,3,Turnaround Time,2025-10-28
FB007893,WO015728,4,Positive Experience,2026-04-16
FB002931,WO005833,4,Staff Behaviour,2025-07-25
FB002187,WO004371,5,Positive Experience,2025-06-15
FB008419,WO016765,5,Service Quality,2026-05-09
FB010289,WO020384,5,Service Quality,2026-07-21
FB004897,WO009640,5,Service Quality,2025-11-04
FB003855,WO007587,5,Service Quality,2025-09-08
FB009889,WO019626,2,Turnaround Time,2026-07-07
FB005414,WO010742,5,Service Quality,2025-12-03
FB005510,WO010921,4,Positive Experience,2025-12-11
FB011851,WO023326,4,Service Quality,2026-09-14
FB000746,WO001485,5,Positive Experience,2025-03-08
FB000283,WO000550,5,Positive Experience,2025-01-26
FB004924,WO009682,4,Positive Experience,2025-11-06
FB002472,WO004933,3,Turnaround Time,2025-06-30
FB010646,WO021069,3,Turnaround Time,2026-08-03
FB010808,WO021411,5,Positive Experience,2026-08-11
FB001005,WO001975,4,Service Quality,2025-03-26
FB002518,WO005015,5,Positive Experience,2025-07-04
FB002376,WO004752,3,Turnaround Time,2025-06-25
FB010610,WO020996,3,Turnaround Time,2026-08-04
FB007026,WO013965,4,Service Quality,2026-03-03
FB008233,WO016379,4,Service Quality,2026-04-30
FB003634,WO007153,4,Positive Experience,2025-08-30
FB010440,WO020688,3,Turnaround Time,2026-07-30
FB008618,WO017149,3,Turnaround Time,2026-05-20
FB010109,WO020035,3,Parts Availability,2026-07-22
FB011954,WO023556,3,Turnaround Time,2026-09-19
FB008802,WO017514,3,Parts Availability,2026-05-27
FB003468,WO006835,4,Staff Behaviour,2025-08-21
FB004200,WO008243,4,Positive Experience,2025-09-25
FB008574,WO017074,5,Positive Experience,2026-05-18
FB010743,WO021277,4,Staff Behaviour,2026-08-09
FB011239,WO022217,4,Staff Behaviour,2026-08-25
FB005079,WO010009,4,Service Quality,2025-11-15
FB003443,WO006791,4,Staff Behaviour,2025-08-21
FB003631,WO007149,4,Positive Experience,2025-08-28
FB003373,WO006652,4,Positive Experience,2025-08-16
FB012011,WO023653,5,Service Quality,2026-09-24
FB000079,WO000159,4,Service Quality,2025-01-08
FB002163,WO004326,5,Service Quality,2025-06-14
FB009341,WO018593,3,Staff Behaviour,2026-06-17
FB010565,WO020923,4,Staff Behaviour,2026-07-30
FB002006,WO004026,5,Positive Experience,2025-06-02
FB003253,WO006412,4,Service Quality,2025-08-08
FB011388,WO022471,3,Turnaround Time,2026-08-31
FB006428,WO012768,5,Positive Experience,2026-01-29
FB004248,WO008327,4,Positive Experience,2025-09-29
FB007141,WO014205,3,Turnaround Time,2026-03-09
FB007736,WO015412,3,Turnaround Time,2026-04-06
FB010714,WO021219,3,Turnaround Time,2026-08-06
FB011691,WO023052,4,Positive Experience,2026-09-09
FB007562,WO015037,4,Service Quality,2026-03-27
FB004866,WO009566,5,Positive Experience,2025-11-02
FB009848,WO019552,2,Turnaround Time,2026-07-07
FB010777,WO021350,3,Parts Availability,2026-08-14
FB000342,WO000672,5,Service Quality,2025-01-31
FB007251,WO014409,2,Turnaround Time,2026-03-14
FB011140,WO022037,5,Service Quality,2026-08-22
FB008804,WO017519,3,Turnaround Time,2026-05-23
FB004681,WO009205,3,Repeat Issue,2025-10-23
FB006593,WO013104,3,Turnaround Time,2026-02-09
FB009459,WO018819,5,Positive Experience,2026-06-20
FB004782,WO009395,3,Turnaround Time,2025-10-28
FB011001,WO021761,2,Repeat Issue,2026-08-17
FB010562,WO020920,5,Positive Experience,2026-08-01
FB009728,WO019315,3,Turnaround Time,2026-07-02
FB001015,WO001992,5,Positive Experience,2025-03-27
FB007032,WO013975,5,Positive Experience,2026-03-04
FB005180,WO010227,5,Service Quality,2025-11-19
FB001177,WO002322,4,Positive Experience,2025-04-07
FB001127,WO002230,5,Service Quality,2025-04-03
FB006093,WO012090,4,Positive Experience,2026-01-13
FB003692,WO007256,2,Parts Availability,2025-09-03
FB002231,WO004457,4,Positive Experience,2025-06-15
FB003759,WO007387,3,Communication,2025-09-02
FB008966,WO017819,4,Service Quality,2026-06-01
FB008019,WO015958,5,Staff Behaviour,2026-04-18
FB011773,WO023182,3,Turnaround Time,2026-09-12
FB009517,WO018940,4,Positive Experience,2026-06-25
FB004614,WO009080,4,Positive Experience,2025-10-19
FB002980,WO005932,4,Positive Experience,2025-07-26
FB001875,WO003733,4,Positive Experience,2025-05-27
FB004452,WO008743,4,Staff Behaviour,2025-10-11
FB009235,WO018392,3,Turnaround Time,2026-06-12
FB005544,WO010978,4,Positive Experience,2025-12-12
FB012166,WO023944,5,Positive Experience,2026-09-29
FB011647,WO022964,3,Repeat Issue,2026-09-08
FB004183,WO008208,5,Staff Behaviour,2025-09-24
FB002083,WO004175,3,Turnaround Time,2025-06-06
FB007825,WO015589,5,Positive Experience,2026-04-11
FB011104,WO021964,5,Positive Experience,2026-08-19
FB002397,WO004794,4,Service Quality,2025-06-28
FB001434,WO002833,4,Service Quality,2025-04-23
FB005057,WO009962,4,Positive Experience,2025-11-13
FB010787,WO021372,3,Turnaround Time,2026-08-09
FB010973,WO021717,4,Staff Behaviour,2026-08-15
FB010283,WO020376,4,Positive Experience,2026-07-22
FB002392,WO004785,5,Positive Experience,2025-06-26
FB005568,WO011031,4,Positive Experience,2025-12-13
FB007710,WO015369,3,Turnaround Time,2026-04-06
FB002412,WO004823,5,Positive Experience,2025-06-27
FB000169,WO000345,5,Service Quality,2025-01-20
FB010166,WO020144,4,Positive Experience,2026-07-17
FB000590,WO001165,4,Positive Experience,2025-02-21
FB006765,WO013440,4,Staff Behaviour,2026-02-16
FB003749,WO007372,5,Positive Experience,2025-09-03
FB009439,WO018787,2,Turnaround Time,2026-06-22
FB007915,WO015762,4,Positive Experience,2026-04-15
FB011984,WO023611,3,Turnaround Time,2026-09-20
FB002212,WO004418,5,Staff Behaviour,2025-06-15
FB001255,WO002495,3,Parts Availability,2025-04-15
FB009361,WO018625,3,Repeat Issue,2026-06-20
FB007813,WO015568,4,Service Quality,2026-04-09
FB005201,WO010281,2,Parts Availability,2025-11-26
FB003566,WO007023,5,Positive Experience,2025-08-26
FB004162,WO008164,4,Positive Experience,2025-09-23
FB011849,WO023324,5,Staff Behaviour,2026-09-15
FB007699,WO015352,5,Service Quality,2026-04-05
FB006603,WO013119,3,Turnaround Time,2026-02-11
FB008038,WO015993,5,Positive Experience,2026-04-21
FB009961,WO019769,3,Parts Availability,2026-07-17
FB005265,WO010431,4,Service Quality,2025-11-26
FB005187,WO010242,2,Parts Availability,2025-12-03
FB011271,WO022275,4,Positive Experience,2026-08-25
FB006994,WO013906,4,Positive Experience,2026-03-03
FB000803,WO001611,3,Repeat Issue,2025-03-11
FB009498,WO018902,4,Staff Behaviour,2026-06-23
FB009372,WO018641,4,Positive Experience,2026-06-19
FB009788,WO019425,4,Positive Experience,2026-07-02
FB001675,WO003311,5,Positive Experience,2025-05-13
FB007791,WO015525,5,Positive Experience,2026-04-11
FB007688,WO015332,5,Positive Experience,2026-04-06
FB008888,WO017671,5,Positive Experience,2026-05-28
FB010688,WO021167,5,Staff Behaviour,2026-08-04
FB004227,WO008294,5,Service Quality,2025-09-28
FB008295,WO016518,4,Service Quality,2026-05-02
FB009149,WO018217,5,Positive Experience,2026-06-11
FB006654,WO013214,5,Service Quality,2026-02-10
FB001463,WO002902,5,Positive Experience,2025-04-29
FB002444,WO004876,3,Parts Availability,2025-07-02
FB001195,WO002358,4,Positive Experience,2025-04-07
FB007077,WO014074,5,Positive Experience,2026-03-04
FB001670,WO003302,4,Positive Experience,2025-05-13
FB010535,WO020878,5,Positive Experience,2026-08-01
FB003654,WO007185,5,Positive Experience,2025-08-30
FB000113,WO000234,3,Turnaround Time,2025-01-14
FB001073,WO002116,4,Positive Experience,2025-03-28
FB006350,WO012608,3,Turnaround Time,2026-01-25
FB007388,WO014679,3,Turnaround Time,2026-03-19
FB010785,WO021369,5,Positive Experience,2026-08-10
FB012091,WO023808,5,Positive Experience,2026-09-24
FB003331,WO006564,5,Service Quality,2025-08-15
FB004751,WO009332,4,Positive Experience,2025-10-26
FB001347,WO002676,5,Staff Behaviour,2025-04-20
FB005937,WO011802,5,Positive Experience,2026-01-05
FB001699,WO003363,5,Positive Experience,2025-05-14
FB001510,WO002987,5,Staff Behaviour,2025-04-29
FB009314,WO018539,4,Service Quality,2026-06-16
FB011570,WO022813,5,Positive Experience,2026-09-08
FB008402,WO016730,5,Service Quality,2026-05-08
FB007006,WO013927,3,Turnaround Time,2026-03-04
FB004589,WO009015,2,Repeat Issue,2025-10-18
FB012086,WO023794,4,Positive Experience,2026-09-27
FB000241,WO000478,4,Positive Experience,2025-01-25
FB001788,WO003565,5,Positive Experience,2025-05-22
FB001489,WO002952,4,Service Quality,2025-04-30
FB006270,WO012438,5,Positive Experience,2026-01-20
FB009891,WO019629,3,Turnaround Time,2026-07-07
FB002796,WO005567,4,Service Quality,2025-07-17
FB001389,WO002749,3,Turnaround Time,2025-04-24
FB010802,WO021400,4,Positive Experience,2026-08-09
FB010902,WO021592,4,Positive Experience,2026-08-13
FB002005,WO004025,4,Positive Experience,2025-06-02
FB007380,WO014661,5,Staff Behaviour,2026-03-19
FB003101,WO006138,4,Positive Experience,2025-08-02
FB008224,WO016358,4,Positive Experience,2026-04-28
FB001740,WO003464,5,Positive Experience,2025-05-18
FB011955,WO023557,4,Positive Experience,2026-09-20
FB002271,WO004533,5,Positive Experience,2025-06-17
FB011042,WO021834,4,Positive Experience,2026-08-20
FB007560,WO015035,5,Service Quality,2026-03-29
FB011652,WO022971,4,Service Quality,2026-09-08
FB006329,WO012570,3,Turnaround Time,2026-01-25
FB007460,WO014840,3,Turnaround Time,2026-03-22
FB008682,WO017282,4,Positive Experience,2026-05-19
FB003195,WO006310,4,Positive Experience,2025-08-06
FB004006,WO007886,4,Positive Experience,2025-09-18
FB011373,WO022446,2,Parts Availability,2026-09-08
FB009503,WO018912,3,Service Quality,2026-06-23
FB006123,WO012154,5,Staff Behaviour,2026-01-13
FB008822,WO017562,5,Service Quality,2026-05-27
FB007004,WO013924,3,Turnaround Time,2026-03-02
FB002748,WO005467,3,Parts Availability,2025-07-22
FB009937,WO019730,3,Turnaround Time,2026-07-09
FB003055,WO006066,5,Positive Experience,2025-08-01
FB002249,WO004484,4,Positive Experience,2025-06-16
FB003936,WO007758,5,Service Quality,2025-09-14
FB003106,WO006149,5,Positive Experience,2025-08-04
FB006283,WO012468,3,Service Quality,2026-01-22
FB003532,WO006950,5,Service Quality,2025-08-24
FB012144,WO023896,4,Positive Experience,2026-09-29
FB004061,WO007977,4,Positive Experience,2025-09-19
FB003597,WO007082,5,Service Quality,2025-08-27
FB003779,WO007435,5,Service Quality,2025-09-04
FB010004,WO019848,5,Service Quality,2026-07-13
FB001137,WO002248,4,Staff Behaviour,2025-04-03
FB008397,WO016719,5,Positive Experience,2026-05-08
FB006259,WO012419,4,Positive Experience,2026-01-22
FB012134,WO023883,3,Turnaround Time,2026-09-27
FB011057,WO021868,5,Staff Behaviour,2026-08-20
FB006625,WO013163,4,Positive Experience,2026-02-11
FB005791,WO011521,4,Positive Experience,2025-12-27
FB001718,WO003421,5,Service Quality,2025-05-14
FB002495,WO004976,4,Staff Behaviour,2025-07-02
FB001475,WO002930,3,Turnaround Time,2025-04-27
FB011888,WO023397,4,Positive Experience,2026-09-17
FB009555,WO019012,4,Service Quality,2026-06-25
FB003637,WO007158,3,Staff Behaviour,2025-08-29
FB001789,WO003566,4,Staff Behaviour,2025-05-22
FB010305,WO020420,3,Repeat Issue,2026-07-24
FB005840,WO011621,5,Positive Experience,2025-12-30
FB006208,WO012316,4,Positive Experience,2026-01-17
FB006822,WO013568,4,Positive Experience,2026-02-21
FB007165,WO014248,5,Service Quality,2026-03-10
FB002367,WO004742,4,Staff Behaviour,2025-06-23
FB001310,WO002609,4,Staff Behaviour,2025-04-24
FB009284,WO018484,5,Positive Experience,2026-06-14
FB006348,WO012605,2,Parts Availability,2026-01-30
FB001158,WO002292,4,Staff Behaviour,2025-04-04
FB011790,WO023211,2,Turnaround Time,2026-09-15
FB003919,WO007712,5,Positive Experience,2025-09-11
FB007457,WO014836,4,Service Quality,2026-03-23
FB009694,WO019262,3,Turnaround Time,2026-06-29
FB006101,WO012105,4,Service Quality,2026-01-15
FB011555,WO022787,5,Positive Experience,2026-09-06
FB002947,WO005865,4,Positive Experience,2025-07-24
FB005506,WO010916,4,Positive Experience,2025-12-11
FB007632,WO015216,5,Service Quality,2026-04-02
FB011597,WO022860,2,Turnaround Time,2026-09-05
FB003888,WO007652,3,Parts Availability,2025-09-18
FB000455,WO000874,4,Staff Behaviour,2025-02-09
FB008210,WO016328,4,Positive Experience,2026-04-29
FB009431,WO018774,4,Service Quality,2026-06-22
FB006790,WO013496,5,Positive Experience,2026-02-17
FB004444,WO008720,4,Service Quality,2025-10-09
FB010375,WO020565,5,Positive Experience,2026-07-25
FB009348,WO018602,5,Positive Experience,2026-06-18
FB009186,WO018290,4,Positive Experience,2026-06-11
FB006611,WO013136,4,Service Quality,2026-02-07
FB007444,WO014817,3,Turnaround Time,2026-03-23
FB011264,WO022259,4,Positive Experience,2026-08-27
FB010954,WO021687,5,Positive Experience,2026-08-14
FB001992,WO003996,3,Turnaround Time,2025-06-04
FB000604,WO001191,4,Positive Experience,2025-02-21
FB011112,WO021977,5,Positive Experience,2026-08-19
FB011322,WO022367,4,Staff Behaviour,2026-08-28
FB007808,WO015561,3,Repeat Issue,2026-04-11
FB006294,WO012486,3,Repeat Issue,2026-01-23
FB004421,WO008666,4,Service Quality,2025-10-10
FB000394,WO000767,4,Staff Behaviour,2025-02-06
FB000540,WO001055,4,Positive Experience,2025-02-16
FB011604,WO022877,3,Turnaround Time,2026-09-10
FB007061,WO014040,4,Service Quality,2026-03-06
FB004325,WO008475,4,Service Quality,2025-10-02
FB005707,WO011320,4,Staff Behaviour,2025-12-19
FB010139,WO020102,4,Positive Experience,2026-07-17
FB009046,WO017991,5,Positive Experience,2026-06-05
FB010230,WO020268,5,Positive Experience,2026-07-18
FB000811,WO001622,4,Positive Experience,2025-03-13
FB000056,WO000114,5,Service Quality,2025-01-08
FB005004,WO009860,3,Parts Availability,2025-11-12
FB008846,WO017607,4,Service Quality,2026-05-26
FB007536,WO014986,4,Positive Experience,2026-03-26
FB002148,WO004292,5,Positive Experience,2025-06-12
FB008534,WO016998,4,Staff Behaviour,2026-05-14
FB003708,WO007285,5,Service Quality,2025-09-02
FB006431,WO012773,5,Staff Behaviour,2026-01-31
FB007471,WO014859,4,Positive Experience,2026-03-26
FB003515,WO006920,4,Positive Experience,2025-08-21
FB012176,WO023961,3,Turnaround Time,2026-09-29
FB002068,WO004153,3,Parts Availability,2025-06-15
FB002082,WO004174,5,Service Quality,2025-06-09
FB002643,WO005265,4,Positive Experience,2025-07-09
FB007076,WO014069,4,Positive Experience,2026-03-06
FB000664,WO001309,5,Positive Experience,2025-02-27
FB010503,WO020825,4,Service Quality,2026-07-28
FB005050,WO009945,5,Staff Behaviour,2025-11-15
FB005712,WO011335,5,Staff Behaviour,2025-12-22
FB000154,WO000316,5,Positive Experience,2025-01-18
FB006506,WO012937,4,Positive Experience,2026-02-06
FB008761,WO017442,4,Positive Experience,2026-05-24
FB001448,WO002875,5,Service Quality,2025-04-28
FB005871,WO011677,4,Positive Experience,2025-12-31
FB009882,WO019605,4,Positive Experience,2026-07-06
FB005027,WO009910,4,Positive Experience,2025-11-12
FB007725,WO015391,4,Positive Experience,2026-04-06
FB000723,WO001435,3,Turnaround Time,2025-03-05
FB009330,WO018571,3,Turnaround Time,2026-06-19
FB000878,WO001728,5,Positive Experience,2025-03-16
FB000301,WO000591,4,Staff Behaviour,2025-01-31
FB003336,WO006571,4,Service Quality,2025-08-12
FB008599,WO017111,5,Positive Experience,2026-05-19
FB004261,WO008351,3,Turnaround Time,2025-09-29
FB005731,WO011370,5,Service Quality,2025-12-20
FB007731,WO015400,4,Positive Experience,2026-04-06
FB004507,WO008845,4,Positive Experience,2025-10-13
FB003933,WO007752,5,Service Quality,2025-09-12
FB000980,WO001930,4,Positive Experience,2025-03-24
FB000710,WO001410,4,Positive Experience,2025-03-06
FB006614,WO013140,2,Turnaround Time,2026-02-10
FB001008,WO001978,5,Positive Experience,2025-03-25
FB009550,WO019004,3,Turnaround Time,2026-06-27
FB008196,WO016299,4,Positive Experience,2026-04-29
FB010247,WO020308,4,Staff Behaviour,2026-07-20
FB002350,WO004706,3,Turnaround Time,2025-06-25
FB000850,WO001686,5,Staff Behaviour,2025-03-12
FB005983,WO011900,3,Turnaround Time,2026-01-07
FB008565,WO017057,3,Parts Availability,2026-05-28
FB011542,WO022766,5,Positive Experience,2026-09-07
FB003982,WO007826,4,Service Quality,2025-09-15
FB010452,WO020711,4,Positive Experience,2026-07-28
FB008520,WO016970,4,Positive Experience,2026-05-12
FB006853,WO013623,4,Positive Experience,2026-02-21
FB011553,WO022785,5,Positive Experience,2026-09-04
FB004233,WO008306,4,Service Quality,2025-09-28
FB007098,WO014117,5,Positive Experience,2026-03-08
FB003525,WO006938,5,Positive Experience,2025-08-24
FB010815,WO021423,4,Service Quality,2026-08-13
FB004156,WO008151,5,Staff Behaviour,2025-09-26
FB001914,WO003827,4,Staff Behaviour,2025-05-28
FB005497,WO010892,4,Positive Experience,2025-12-06
FB008212,WO016334,5,Positive Experience,2026-04-29
FB005196,WO010267,5,Service Quality,2025-11-23
FB011421,WO022524,3,Turnaround Time,2026-08-30
FB009786,WO019420,4,Positive Experience,2026-07-03
FB002478,WO004945,3,Turnaround Time,2025-06-30
FB008301,WO016528,4,Positive Experience,2026-05-04
FB010582,WO020949,5,Service Quality,2026-08-02
FB007937,WO015801,4,Positive Experience,2026-04-14
FB005204,WO010286,4,Service Quality,2025-11-24
FB008649,WO017210,5,Positive Experience,2026-05-20
FB002702,WO005376,4,Positive Experience,2025-07-13
FB009537,WO018984,4,Staff Behaviour,2026-06-23
FB003964,WO007798,4,Service Quality,2025-09-13
FB006332,WO012578,4,Staff Behaviour,2026-01-26
FB000958,WO001886,5,Positive Experience,2025-03-21
FB011531,WO022743,4,Positive Experience,2026-09-03
FB008340,WO016600,4,Service Quality,2026-05-05
FB006316,WO012542,5,Positive Experience,2026-01-23
FB010910,WO021613,5,Positive Experience,2026-08-13
FB002226,WO004445,4,Staff Behaviour,2025-06-16
FB000465,WO000890,2,Turnaround Time,2025-02-10
FB011422,WO022525,3,Turnaround Time,2026-08-31
FB007137,WO014198,1,Repeat Issue,2026-03-10
FB010359,WO020535,4,Positive Experience,2026-07-24
FB009640,WO019167,4,Positive Experience,2026-06-30
FB007874,WO015689,2,Turnaround Time,2026-04-11
FB000761,WO001513,4,Positive Experience,2025-03-07
FB001626,WO003210,5,Service Quality,2025-05-08
FB000048,WO000093,2,Turnaround Time,2025-01-04
FB002497,WO004980,5,Staff Behaviour,2025-06-30
FB006134,WO012177,5,Positive Experience,2026-01-16
FB012123,WO023869,5,Positive Experience,2026-09-27
FB010845,WO021473,5,Staff Behaviour,2026-08-10
FB007425,WO014779,3,Repeat Issue,2026-03-22
FB001452,WO002881,5,Service Quality,2025-04-28
FB003361,WO006620,3,Turnaround Time,2025-08-14
FB005924,WO011783,5,Service Quality,2026-01-03
FB008228,WO016369,5,Service Quality,2026-05-01
FB001957,WO003913,2,Parts Availability,2025-06-04
FB002665,WO005307,5,Positive Experience,2025-07-11
FB010303,WO020416,4,Service Quality,2026-07-22
FB010869,WO021520,3,Parts Availability,2026-08-15
FB009946,WO019743,3,Turnaround Time,2026-07-11
FB005678,WO011263,5,Positive Experience,2025-12-21
FB002857,WO005701,3,Staff Behaviour,2025-07-20
FB007225,WO014365,5,Positive Experience,2026-03-13
FB007205,WO014322,4,Service Quality,2026-03-11
FB009304,WO018524,4,Positive Experience,2026-06-16
FB012165,WO023943,3,Turnaround Time,2026-09-28
FB008436,WO016793,5,Service Quality,2026-05-10
FB007316,WO014530,3,Turnaround Time,2026-03-17
FB006135,WO012179,5,Positive Experience,2026-01-14
FB010600,WO020983,4,Positive Experience,2026-08-02
FB001811,WO003607,4,Positive Experience,2025-05-21
FB006022,WO011965,4,Positive Experience,2026-01-08
FB004876,WO009589,5,Positive Experience,2025-11-03
FB007494,WO014894,3,Turnaround Time,2026-03-23
FB006501,WO012930,5,Positive Experience,2026-02-05
FB003612,WO007108,5,Positive Experience,2025-08-26
FB002862,WO005712,5,Service Quality,2025-07-19
FB002544,WO005070,5,Staff Behaviour,2025-07-06
FB005713,WO011337,4,Staff Behaviour,2025-12-22
FB001921,WO003839,4,Positive Experience,2025-05-30
FB008266,WO016450,4,Positive Experience,2026-04-30
FB008388,WO016699,4,Service Quality,2026-05-06
FB007156,WO014233,3,Turnaround Time,2026-03-07
FB003083,WO006114,4,Service Quality,2025-08-03
FB011483,WO022636,4,Positive Experience,2026-09-01
FB006767,WO013445,3,Turnaround Time,2026-02-18
FB003076,WO006102,2,Parts Availability,2025-08-05
FB009308,WO018530,3,Parts Availability,2026-07-03
FB002578,WO005128,3,Pricing,2025-07-06
FB004814,WO009468,4,Positive Experience,2025-10-29
FB008504,WO016943,3,Repeat Issue,2026-05-15
FB002300,WO004603,5,Positive Experience,2025-06-21
FB000403,WO000789,3,Repeat Issue,2025-02-07
FB004705,WO009253,4,Staff Behaviour,2025-10-23
FB002990,WO005943,5,Service Quality,2025-07-28
FB009620,WO019139,3,Turnaround Time,2026-06-28
FB004978,WO009799,5,Service Quality,2025-11-07
FB006758,WO013427,5,Service Quality,2026-02-16
FB010639,WO021057,2,Turnaround Time,2026-08-05
FB004139,WO008126,5,Positive Experience,2025-09-23
FB005524,WO010940,4,Positive Experience,2025-12-11
FB008189,WO016281,4,Service Quality,2026-04-30
FB005618,WO011142,4,Positive Experience,2025-12-15
FB000273,WO000530,4,Staff Behaviour,2025-01-26
FB009440,WO018788,4,Positive Experience,2026-06-21
FB005011,WO009871,5,Positive Experience,2025-11-13
FB005489,WO010880,4,Positive Experience,2025-12-06
FB000222,WO000446,5,Positive Experience,2025-01-24
FB006091,WO012088,3,Turnaround Time,2026-01-10
FB011630,WO022928,5,Staff Behaviour,2026-09-10
FB001506,WO002982,3,Repeat Issue,2025-05-01
FB008535,WO016999,4,Positive Experience,2026-05-15
FB006321,WO012551,4,Staff Behaviour,2026-01-23
FB010298,WO020399,5,Staff Behaviour,2026-07-23
FB003563,WO007015,3,Turnaround Time,2025-08-25
FB000310,WO000607,4,Staff Behaviour,2025-01-31
FB006087,WO012082,5,Service Quality,2026-01-11
FB008022,WO015962,4,Positive Experience,2026-04-21
FB003819,WO007511,5,Service Quality,2025-09-08
FB004344,WO008502,3,Parts Availability,2025-10-09
FB011482,WO022633,4,Positive Experience,2026-09-01
FB010217,WO020247,2,Turnaround Time,2026-07-19
FB000361,WO000705,4,Positive Experience,2025-02-02
FB001722,WO003426,5,Service Quality,2025-05-16
FB006855,WO013627,4,Service Quality,2026-02-22
FB008654,WO017224,4,Service Quality,2026-05-20
FB003118,WO006177,5,Service Quality,2025-08-01
FB005608,WO011117,2,Parts Availability,2025-12-20
FB003415,WO006740,4,Staff Behaviour,2025-08-17
FB008922,WO017737,4,Staff Behaviour,2026-05-30
FB002602,WO005174,5,Staff Behaviour,2025-07-08
FB006417,WO012743,5,Service Quality,2026-01-29
FB009894,WO019639,4,Positive Experience,2026-07-10
FB001691,WO003346,5,Positive Experience,2025-05-12
FB006616,WO013143,3,Turnaround Time,2026-02-09
FB000852,WO001688,5,Service Quality,2025-03-14
FB006659,WO013221,5,Staff Behaviour,2026-02-10
FB006367,WO012642,4,Positive Experience,2026-01-26
FB007520,WO014947,5,Positive Experience,2026-03-24
FB002870,WO005722,5,Positive Experience,2025-07-23
FB004573,WO008976,4,Positive Experience,2025-10-17
FB011142,WO022043,4,Positive Experience,2026-08-22
FB004685,WO009213,3,Pricing,2025-10-22
FB008519,WO016967,3,Parts Availability,2026-05-20
FB006846,WO013612,5,Service Quality,2026-02-21
FB007866,WO015673,5,Positive Experience,2026-04-11
FB010153,WO020124,3,Turnaround Time,2026-07-16
FB007482,WO014872,3,Parts Availability,2026-03-28
FB008067,WO016054,4,Staff Behaviour,2026-04-22
FB002341,WO004685,3,Communication,2025-06-24
FB010184,WO020182,5,Positive Experience,2026-07-18
FB001686,WO003338,5,Staff Behaviour,2025-05-10
FB007586,WO015097,4,Positive Experience,2026-03-31
FB005382,WO010663,5,Positive Experience,2025-12-02
FB000513,WO001004,4,Positive Experience,2025-02-17
FB005961,WO011860,3,Turnaround Time,2026-01-07
FB010936,WO021654,4,Staff Behaviour,2026-08-14
FB002110,WO004226,4,Positive Experience,2025-06-07
FB011375,WO022448,3,Turnaround Time,2026-08-29
FB010826,WO021441,3,Turnaround Time,2026-08-13
FB001532,WO003020,5,Service Quality,2025-05-02
FB000396,WO000770,4,Positive Experience,2025-02-08
FB002767,WO005495,4,Positive Experience,2025-07-14
FB003832,WO007539,5,Positive Experience,2025-09-06
FB008593,WO017103,4,Positive Experience,2026-05-19
FB011468,WO022608,5,Positive Experience,2026-09-01
FB008380,WO016678,4,Positive Experience,2026-05-08
FB005337,WO010572,3,Turnaround Time,2025-12-01
FB002197,WO004393,3,Communication,2025-06-15
FB012148,WO023905,3,Turnaround Time,2026-09-30
FB001141,WO002255,5,Positive Experience,2025-04-02
FB000175,WO000353,5,Positive Experience,2025-01-17
FB005350,WO010600,2,Parts Availability,2025-12-11
FB004984,WO009819,2,Turnaround Time,2025-11-09
FB001571,WO003091,5,Staff Behaviour,2025-05-02
FB005872,WO011678,5,Positive Experience,2025-12-30
FB003442,WO006788,4,Staff Behaviour,2025-08-19
FB003673,WO007226,5,Staff Behaviour,2025-09-01
FB002815,WO005602,4,Positive Experience,2025-07-18
FB011810,WO023244,2,Turnaround Time,2026-09-12
FB005702,WO011311,5,Positive Experience,2025-12-22
FB009846,WO019550,4,Service Quality,2026-07-07
FB000975,WO001918,3,Pricing,2025-03-22
FB003786,WO007444,4,Positive Experience,2025-09-06
FB011162,WO022086,1,Parts Availability,2026-08-30
FB011996,WO023627,4,Positive Experience,2026-09-21
FB000252,WO000494,3,Staff Behaviour,2025-01-26
FB007605,WO015149,4,Positive Experience,2026-04-01
FB010501,WO020822,3,Turnaround Time,2026-07-29
FB005558,WO011013,4,Positive Experience,2025-12-13
FB004005,WO007882,4,Positive Experience,2025-09-17
FB009281,WO018477,5,Positive Experience,2026-06-15
FB003890,WO007657,5,Staff Behaviour,2025-09-10
FB004936,WO009709,5,Service Quality,2025-11-07
FB011280,WO022293,3,Turnaround Time,2026-08-29
FB003768,WO007403,4,Positive Experience,2025-09-03
FB011692,WO023053,5,Staff Behaviour,2026-09-12
FB001296,WO002584,3,Turnaround Time,2025-04-16
FB003437,WO006781,3,Turnaround Time,2025-08-19
FB006235,WO012374,5,Positive Experience,2026-01-19
FB001447,WO002873,5,Positive Experience,2025-04-28
FB005070,WO009992,4,Positive Experience,2025-11-15
FB011881,WO023383,3,Turnaround Time,2026-09-16
FB004949,WO009736,4,Positive Experience,2025-11-06
FB001620,WO003198,5,Positive Experience,2025-05-07
FB007857,WO015654,3,Parts Availability,2026-04-15
FB005683,WO011272,4,Staff Behaviour,2025-12-18
FB003907,WO007690,4,Positive Experience,2025-09-13
FB000986,WO001940,5,Positive Experience,2025-03-23
FB010444,WO020698,3,Turnaround Time,2026-07-29
FB012247,WO024082,4,Positive Experience,2026-10-02
FB008830,WO017576,4,Positive Experience,2026-05-25
FB008198,WO016302,2,Repeat Issue,2026-04-29
FB005466,WO010834,3,Turnaround Time,2025-12-06
FB000588,WO001162,4,Positive Experience,2025-02-21
FB001601,WO003161,5,Positive Experience,2025-05-05
FB002165,WO004329,4,Service Quality,2025-06-11
FB008683,WO017283,4,Positive Experience,2026-05-21
FB008324,WO016571,5,Service Quality,2026-05-02
FB004622,WO009093,4,Positive Experience,2025-10-23
FB009229,WO018385,4,Positive Experience,2026-06-14
FB010290,WO020386,4,Positive Experience,2026-07-20
FB005729,WO011364,3,Turnaround Time,2025-12-21
FB005539,WO010970,4,Positive Experience,2025-12-12
FB007221,WO014355,5,Positive Experience,2026-03-12
FB007481,WO014871,4,Positive Experience,2026-03-24
FB000382,WO000743,5,Positive Experience,2025-02-04
FB000956,WO001881,3,Parts Availability,2025-04-01
FB007263,WO014434,4,Staff Behaviour,2026-03-12
FB002474,WO004937,4,Service Quality,2025-06-28
FB007794,WO015531,3,Staff Behaviour,2026-04-08
FB004340,WO008498,5,Service Quality,2025-10-03
FB006202,WO012299,3,Turnaround Time,2026-01-19
FB008903,WO017699,3,Turnaround Time,2026-05-29
FB003366,WO006634,2,Turnaround Time,2025-08-16
FB003362,WO006622,4,Positive Experience,2025-08-14
FB004890,WO009621,4,Service Quality,2025-11-05
FB009653,WO019188,3,Turnaround Time,2026-06-30
FB002962,WO005896,5,Service Quality,2025-07-28
FB002134,WO004268,4,Positive Experience,2025-06-09
FB006569,WO013062,5,Positive Experience,2026-02-09
FB011894,WO023406,5,Staff Behaviour,2026-09-17
FB002432,WO004860,5,Positive Experience,2025-06-30
FB005562,WO011022,4,Service Quality,2025-12-12
FB011237,WO022214,4,Positive Experience,2026-08-24
FB010036,WO019899,2,Turnaround Time,2026-07-14
FB002697,WO005367,5,Positive Experience,2025-07-14
FB007883,WO015707,3,Parts Availability,2026-04-21
FB006289,WO012478,4,Service Quality,2026-01-21
FB001832,WO003650,5,Staff Behaviour,2025-05-23
FB002391,WO004783,5,Positive Experience,2025-06-27
FB011700,WO023065,3,Parts Availability,2026-09-17
FB004140,WO008127,4,Service Quality,2025-09-24
FB006932,WO013775,5,Service Quality,2026-02-25
FB011528,WO022735,5,Positive Experience,2026-09-06
FB004720,WO009276,4,Service Quality,2025-10-24
FB004145,WO008135,5,Positive Experience,2025-09-23
FB007354,WO014605,4,Service Quality,2026-03-19
FB008320,WO016566,5,Positive Experience,2026-05-02
FB002830,WO005637,3,Turnaround Time,2025-07-18
FB004177,WO008195,3,Turnaround Time,2025-09-25
FB003363,WO006625,3,Service Quality,2025-08-13
FB004121,WO008095,4,Service Quality,2025-09-23
FB009747,WO019350,4,Positive Experience,2026-07-02
FB004854,WO009540,3,Turnaround Time,2025-10-31
FB004287,WO008399,4,Positive Experience,2025-10-02
FB009674,WO019223,5,Service Quality,2026-06-27
FB001522,WO003006,4,Staff Behaviour,2025-05-02
FB004637,WO009118,4,Positive Experience,2025-10-23
FB000429,WO000836,5,Staff Behaviour,2025-02-08
FB004149,WO008142,4,Positive Experience,2025-09-25
FB000103,WO000210,2,Turnaround Time,2025-01-14
FB010724,WO021237,5,Staff Behaviour,2026-08-07
FB007878,WO015698,2,Turnaround Time,2026-04-15
FB008819,WO017556,5,Positive Experience,2026-05-25
FB002142,WO004282,5,Positive Experience,2025-06-10
FB010683,WO021157,4,Positive Experience,2026-08-04
FB006752,WO013415,3,Pricing,2026-02-14
FB000478,WO000918,4,Positive Experience,2025-02-13
FB003573,WO007033,5,Positive Experience,2025-08-26
FB005408,WO010731,5,Positive Experience,2025-12-05
FB006057,WO012034,3,Turnaround Time,2026-01-10
FB001976,WO003959,3,Staff Behaviour,2025-06-03
FB003216,WO006342,4,Service Quality,2025-08-08
FB003674,WO007227,4,Positive Experience,2025-09-01
FB000660,WO001304,3,Service Quality,2025-02-26
FB001418,WO002798,5,Positive Experience,2025-04-22
FB009693,WO019260,4,Positive Experience,2026-07-02
FB008780,WO017476,2,Parts Availability,2026-05-30
FB010606,WO020992,5,Positive Experience,2026-07-31
FB006492,WO012908,3,Turnaround Time,2026-02-04
FB006110,WO012122,4,Service Quality,2026-01-15
FB008969,WO017825,3,Turnaround Time,2026-05-31
FB009213,WO018347,2,Parts Availability,2026-06-19
FB004419,WO008655,5,Staff Behaviour,2025-10-09
FB002532,WO005051,5,Positive Experience,2025-07-03
FB000173,WO000350,4,Staff Behaviour,2025-01-20
FB009540,WO018987,5,Service Quality,2026-06-25
FB000679,WO001342,5,Service Quality,2025-02-27
FB000823,WO001639,5,Positive Experience,2025-03-13
FB009450,WO018802,5,Staff Behaviour,2026-06-23
FB010235,WO020276,3,Turnaround Time,2026-07-21
FB010054,WO019933,4,Staff Behaviour,2026-07-13
FB008614,WO017143,4,Staff Behaviour,2026-05-16
FB000265,WO000518,3,Staff Behaviour,2025-01-24
FB009856,WO019563,3,Turnaround Time,2026-07-04
FB007938,WO015804,4,Positive Experience,2026-04-15
FB002986,WO005938,5,Positive Experience,2025-07-28
FB004094,WO008041,3,Turnaround Time,2025-09-20
FB008612,WO017140,5,Positive Experience,2026-05-18
FB011424,WO022529,5,Service Quality,2026-08-31
FB008283,WO016492,4,Positive Experience,2026-05-02
FB011444,WO022567,4,Positive Experience,2026-09-02
FB001010,WO001982,5,Positive Experience,2025-03-25
FB004509,WO008849,5,Positive Experience,2025-10-14
FB008056,WO016025,3,Turnaround Time,2026-04-21
FB004385,WO008576,4,Positive Experience,2025-10-05
FB008392,WO016708,4,Staff Behaviour,2026-05-09
FB007682,WO015323,5,Positive Experience,2026-04-05
FB006331,WO012576,3,Turnaround Time,2026-01-24
FB005752,WO011424,5,Staff Behaviour,2025-12-26
FB002042,WO004104,4,Positive Experience,2025-06-08
FB011067,WO021889,3,Turnaround Time,2026-08-19
FB002010,WO004033,5,Positive Experience,2025-06-06
FB002393,WO004786,4,Service Quality,2025-06-25
FB006927,WO013766,4,Service Quality,2026-02-28
FB000156,WO000318,5,Positive Experience,2025-01-16
FB005343,WO010583,3,Turnaround Time,2025-11-30
FB011074,WO021908,4,Positive Experience,2026-08-21
FB001471,WO002920,4,Positive Experience,2025-04-26
FB008931,WO017757,3,Turnaround Time,2026-05-30
FB002597,WO005161,3,Turnaround Time,2025-07-07
FB003176,WO006269,5,Positive Experience,2025-08-05
FB008448,WO016813,3,Turnaround Time,2026-05-12
FB003371,WO006646,4,Positive Experience,2025-08-14
FB003528,WO006941,5,Service Quality,2025-08-22
FB000730,WO001443,5,Service Quality,2025-03-04
FB002545,WO005071,4,Positive Experience,2025-07-03
FB001544,WO003048,5,Staff Behaviour,2025-05-03
FB003037,WO006037,3,Repeat Issue,2025-08-01
FB001171,WO002315,4,Staff Behaviour,2025-04-06
FB006378,WO012659,4,Positive Experience,2026-01-27
FB007590,WO015111,4,Staff Behaviour,2026-03-29
FB004576,WO008990,3,Turnaround Time,2025-10-16
FB005501,WO010904,4,Staff Behaviour,2025-12-10
FB005837,WO011615,4,Service Quality,2025-12-31
FB005329,WO010555,4,Positive Experience,2025-11-28
FB005846,WO011630,4,Positive Experience,2025-12-31
FB007991,WO015899,3,Staff Behaviour,2026-04-19
FB001272,WO002529,4,Positive Experience,2025-04-15
FB009604,WO019105,5,Service Quality,2026-06-26
FB010694,WO021179,5,Service Quality,2026-08-07
FB002639,WO005255,4,Positive Experience,2025-07-09
FB007934,WO015794,5,Positive Experience,2026-04-16
FB004028,WO007921,4,Service Quality,2025-09-17
FB003518,WO006924,4,Service Quality,2025-08-25
FB000977,WO001924,5,Service Quality,2025-03-22
FB005592,WO011082,5,Staff Behaviour,2025-12-13
FB001802,WO003591,4,Positive Experience,2025-05-19
FB010546,WO020894,5,Service Quality,2026-07-30
FB006952,WO013824,5,Positive Experience,2026-02-27
FB006237,WO012378,5,Positive Experience,2026-01-22
FB011308,WO022345,5,Positive Experience,2026-08-27
FB002184,WO004366,4,Service Quality,2025-06-14
FB003509,WO006910,4,Positive Experience,2025-08-24
FB001705,WO003385,2,Parts Availability,2025-05-22
FB003782,WO007439,5,Positive Experience,2025-09-07
FB004870,WO009578,3,Turnaround Time,2025-11-01
FB010411,WO020642,3,Turnaround Time,2026-07-29
FB008399,WO016727,5,Staff Behaviour,2026-05-10
FB001964,WO003934,4,Positive Experience,2025-05-31
FB002016,WO004046,4,Staff Behaviour,2025-06-04
FB008115,WO016142,4,Positive Experience,2026-04-23
FB002558,WO005093,4,Service Quality,2025-07-05
FB010682,WO021155,4,Positive Experience,2026-08-07
FB001366,WO002713,4,Staff Behaviour,2025-04-22
FB010085,WO019987,3,Turnaround Time,2026-07-13
FB003519,WO006925,5,Service Quality,2025-08-24
FB003834,WO007542,4,Positive Experience,2025-09-07
FB011619,WO022901,5,Positive Experience,2026-09-10
FB002676,WO005327,4,Staff Behaviour,2025-07-10
FB010748,WO021290,5,Positive Experience,2026-08-07
FB005794,WO011529,4,Service Quality,2025-12-27
FB001112,WO002196,4,Staff Behaviour,2025-04-02
FB011702,WO023067,4,Positive Experience,2026-09-13
FB006483,WO012884,4,Staff Behaviour,2026-02-03
FB000589,WO001164,4,Service Quality,2025-02-20
FB008907,WO017705,4,Positive Experience,2026-05-31
FB009032,WO017963,4,Positive Experience,2026-06-03
FB001597,WO003154,4,Service Quality,2025-05-05
FB006163,WO012226,3,Repeat Issue,2026-01-17
FB001093,WO002163,5,Positive Experience,2025-04-01
FB002071,WO004158,3,Service Quality,2025-06-08
FB006438,WO012792,3,Turnaround Time,2026-01-30
FB012013,WO023655,5,Positive Experience,2026-09-24
FB010938,WO021657,4,Service Quality,2026-08-15
FB009010,WO017917,4,Staff Behaviour,2026-06-05
FB007499,WO014902,4,Positive Experience,2026-03-24
FB001187,WO002337,5,Service Quality,2025-04-05
FB009027,WO017947,4,Positive Experience,2026-06-05
FB003535,WO006954,4,Positive Experience,2025-08-22
FB006999,WO013915,4,Service Quality,2026-02-28
FB010816,WO021424,3,Staff Behaviour,2026-08-08
FB008254,WO016428,3,Turnaround Time,2026-04-30
FB001481,WO002940,4,Positive Experience,2025-04-28
FB011454,WO022580,4,Positive Experience,2026-08-31
FB001363,WO002707,5,Positive Experience,2025-04-19
FB002253,WO004495,3,Parts Availability,2025-06-29
FB011598,WO022861,5,Staff Behaviour,2026-09-08
FB005671,WO011247,5,Service Quality,2025-12-20
FB005207,WO010292,4,Positive Experience,2025-11-21
FB010700,WO021191,5,Positive Experience,2026-08-06
FB000905,WO001787,4,Staff Behaviour,2025-03-18
FB010081,WO019977,3,Pricing,2026-07-13
FB000408,WO000797,4,Positive Experience,2025-02-06
FB008915,WO017722,3,Pricing,2026-05-28
FB002012,WO004038,3,Turnaround Time,2025-06-06
FB010350,WO020523,5,Service Quality,2026-07-26
FB008895,WO017689,4,Positive Experience,2026-05-29
FB001527,WO003014,5,Positive Experience,2025-04-30
FB003942,WO007767,4,Positive Experience,2025-09-12
FB010921,WO021629,5,Positive Experience,2026-08-14
FB004067,WO007984,4,Staff Behaviour,2025-09-19
FB009333,WO018578,4,Positive Experience,2026-06-19
FB010263,WO020337,3,Turnaround Time,2026-07-22
FB008037,WO015992,4,Positive Experience,2026-04-21
FB005538,WO010969,3,Turnaround Time,2025-12-12
FB004493,WO008822,4,Positive Experience,2025-10-11
FB000632,WO001249,5,Positive Experience,2025-02-26
FB011182,WO022120,4,Positive Experience,2026-08-22
FB001325,WO002638,5,Service Quality,2025-04-16
FB004525,WO008878,3,Repeat Issue,2025-10-14
FB001985,WO003980,4,Positive Experience,2025-05-31
FB008592,WO017102,5,Positive Experience,2026-05-16
FB009645,WO019172,2,Turnaround Time,2026-06-29
FB002701,WO005374,3,Turnaround Time,2025-07-13
FB001226,WO002436,5,Positive Experience,2025-04-10
FB010929,WO021640,4,Service Quality,2026-08-14
FB003377,WO006661,4,Service Quality,2025-08-15
FB001991,WO003994,3,Turnaround Time,2025-06-02
FB002306,WO004615,3,Staff Behaviour,2025-06-20
FB011527,WO022732,4,Positive Experience,2026-09-03
FB010238,WO020281,5,Positive Experience,2026-07-19
FB004137,WO008123,4,Positive Experience,2025-09-22
FB010427,WO020668,5,Service Quality,2026-07-27
FB008685,WO017287,3,Turnaround Time,2026-05-23
FB006957,WO013832,4,Positive Experience,2026-03-01
FB005494,WO010888,4,Positive Experience,2025-12-09
FB001061,WO002089,5,Service Quality,2025-03-27
FB006065,WO012049,5,Service Quality,2026-01-12
FB003694,WO007258,4,Positive Experience,2025-08-30
FB005502,WO010905,2,Repeat Issue,2025-12-10
FB010671,WO021124,2,Parts Availability,2026-08-11
FB010311,WO020433,4,Positive Experience,2026-07-22
FB004806,WO009448,3,Turnaround Time,2025-10-29
FB011556,WO022788,5,Positive Experience,2026-09-06
FB008372,WO016663,4,Service Quality,2026-05-08
FB008184,WO016272,4,Service Quality,2026-04-28
FB001440,WO002851,5,Staff Behaviour,2025-04-25
FB004025,WO007916,4,Positive Experience,2025-09-19
FB002687,WO005349,5,Positive Experience,2025-07-13
FB004594,WO009028,4,Positive Experience,2025-10-20
FB001074,WO002117,4,Positive Experience,2025-03-31
FB009167,WO018247,5,Service Quality,2026-06-10
FB006459,WO012840,3,Repeat Issue,2026-02-02
FB000321,WO000625,5,Staff Behaviour,2025-01-30
FB009939,WO019732,4,Positive Experience,2026-07-09
FB006216,WO012332,5,Positive Experience,2026-01-19
FB005109,WO010073,3,Parts Availability,2025-11-24
FB005977,WO011892,4,Positive Experience,2026-01-08
FB011139,WO022036,3,Parts Availability,2026-08-27
FB004118,WO008084,5,Service Quality,2025-09-22
FB006904,WO013717,4,Positive Experience,2026-02-24
FB001417,WO002796,5,Service Quality,2025-04-24
FB002426,WO004851,4,Service Quality,2025-06-29
FB011642,WO022951,4,Positive Experience,2026-09-09
FB012180,WO023966,3,Turnaround Time,2026-09-29
FB008275,WO016474,3,Turnaround Time,2026-05-02
FB010947,WO021672,3,Turnaround Time,2026-08-17
FB006412,WO012734,5,Positive Experience,2026-01-29
FB004900,WO009643,5,Positive Experience,2025-11-03
FB007559,WO015032,3,Service Quality,2026-03-27
FB000146,WO000301,4,Staff Behaviour,2025-01-16
FB000289,WO000561,4,Service Quality,2025-01-25
FB003924,WO007726,2,Repeat Issue,2025-09-11
FB009816,WO019491,4,Positive Experience,2026-07-06
FB010672,WO021132,3,Turnaround Time,2026-08-03
FB004530,WO008889,4,Positive Experience,2025-10-16
FB005221,WO010326,4,Service Quality,2025-11-23
FB008089,WO016095,4,Staff Behaviour,2026-04-23
FB007295,WO014489,3,Repeat Issue,2026-03-16
FB007952,WO015834,4,Positive Experience,2026-04-16
FB002353,WO004713,5,Positive Experience,2025-06-21
FB001780,WO003553,5,Positive Experience,2025-05-17
FB005877,WO011689,5,Service Quality,2025-12-31
FB010962,WO021702,3,Turnaround Time,2026-08-16
FB006819,WO013558,3,Turnaround Time,2026-02-21
FB002239,WO004470,2,Turnaround Time,2025-06-18
FB003865,WO007611,5,Service Quality,2025-09-10
FB012262,WO024108,5,Positive Experience,2026-09-30
FB004645,WO009132,4,Service Quality,2025-10-23
FB001194,WO002354,5,Positive Experience,2025-04-05
FB001716,WO003418,2,Repeat Issue,2025-05-17
FB010536,WO020880,5,Positive Experience,2026-08-01
FB010532,WO020873,4,Positive Experience,2026-08-01
FB000889,WO001752,4,Positive Experience,2025-03-17
FB006954,WO013827,4,Staff Behaviour,2026-02-28
FB001676,WO003313,5,Positive Experience,2025-05-10
FB003567,WO007024,3,Communication,2025-08-26
FB008044,WO016005,5,Positive Experience,2026-04-23
FB011794,WO023217,5,Service Quality,2026-09-14
FB004143,WO008133,5,Service Quality,2025-09-23
FB012193,WO023983,4,Positive Experience,2026-09-30
FB008494,WO016916,4,Service Quality,2026-05-13
FB011099,WO021955,3,Pricing,2026-08-20
FB008136,WO016184,5,Service Quality,2026-04-25
FB006875,WO013670,5,Positive Experience,2026-02-21
FB004300,WO008417,5,Positive Experience,2025-10-01
FB010970,WO021713,5,Positive Experience,2026-08-14
FB011713,WO023082,3,Parts Availability,2026-09-19
FB009936,WO019723,3,Turnaround Time,2026-07-11
FB007154,WO014229,4,Positive Experience,2026-03-13
FB007807,WO015560,5,Positive Experience,2026-04-11
FB007505,WO014915,4,Positive Experience,2026-03-27
FB005334,WO010565,5,Positive Experience,2025-12-01
FB000791,WO001582,5,Positive Experience,2025-03-09
FB006072,WO012057,3,Turnaround Time,2026-01-10
FB003348,WO006593,3,Pricing,2025-08-13
FB005711,WO011330,5,Service Quality,2025-12-21
FB004027,WO007919,3,Turnaround Time,2025-09-18
FB002930,WO005832,5,Positive Experience,2025-07-24
FB001663,WO003289,5,Positive Experience,2025-05-09
FB009592,WO019088,5,Positive Experience,2026-06-26
FB008139,WO016190,3,Turnaround Time,2026-04-28
FB011535,WO022755,4,Staff Behaviour,2026-09-05
FB011817,WO023258,3,Turnaround Time,2026-09-17
FB000800,WO001605,4,Positive Experience,2025-03-11
FB005590,WO011078,5,Positive Experience,2025-12-13
FB007880,WO015701,5,Staff Behaviour,2026-04-12
FB006681,WO013269,4,Positive Experience,2026-02-14
FB000627,WO001240,4,Service Quality,2025-02-27
FB012137,WO023887,3,Turnaround Time,2026-09-27
FB002646,WO005272,5,Positive Experience,2025-07-11
FB007907,WO015750,4,Positive Experience,2026-04-16
FB002419,WO004837,5,Service Quality,2025-06-28
FB000400,WO000783,5,Positive Experience,2025-02-08
FB001720,WO003423,2,Parts Availability,2025-05-22
FB005257,WO010411,4,Staff Behaviour,2025-11-24
FB000677,WO001339,4,Positive Experience,2025-03-05
FB005777,WO011488,4,Service Quality,2025-12-25
FB011864,WO023353,5,Service Quality,2026-09-17
FB004356,WO008527,1,Repeat Issue,2025-10-04
FB011584,WO022839,4,Staff Behaviour,2026-09-05
FB004797,WO009430,5,Staff Behaviour,2025-10-30
FB010867,WO021516,4,Staff Behaviour,2026-08-14
FB010431,WO020672,3,Turnaround Time,2026-07-27
FB000198,WO000398,5,Service Quality,2025-01-18
FB000416,WO000811,5,Service Quality,2025-02-07
FB009976,WO019796,5,Staff Behaviour,2026-07-11
FB010197,WO020207,4,Positive Experience,2026-07-20
FB011509,WO022689,4,Staff Behaviour,2026-09-03
FB011891,WO023401,4,Service Quality,2026-09-19
FB009606,WO019108,4,Service Quality,2026-06-28
FB005965,WO011868,3,Turnaround Time,2026-01-08
FB003339,WO006581,4,Service Quality,2025-08-13
FB005899,WO011730,5,Staff Behaviour,2026-01-01
FB003578,WO007048,5,Staff Behaviour,2025-08-26
FB002286,WO004567,5,Positive Experience,2025-06-18
FB004976,WO009795,4,Service Quality,2025-11-08
FB003445,WO006793,4,Positive Experience,2025-08-21
FB005457,WO010820,3,Service Quality,2025-12-05
FB004072,WO007990,5,Positive Experience,2025-09-19
FB009534,WO018977,5,Staff Behaviour,2026-06-24
FB003527,WO006940,3,Repeat Issue,2025-08-24
FB008187,WO016277,5,Positive Experience,2026-04-27
FB006236,WO012377,5,Positive Experience,2026-01-22
FB002875,WO005732,5,Service Quality,2025-07-22
FB007325,WO014550,4,Positive Experience,2026-03-14
FB008579,WO017079,4,Positive Experience,2026-05-17
FB001588,WO003128,5,Positive Experience,2025-05-03
FB004688,WO009221,4,Service Quality,2025-10-23
FB012225,WO024035,4,Staff Behaviour,2026-09-29
FB010342,WO020505,5,Positive Experience,2026-07-24
FB004270,WO008361,5,Positive Experience,2025-09-29
FB011434,WO022547,3,Turnaround Time,2026-08-31
FB008289,WO016507,5,Positive Experience,2026-05-03
FB010523,WO020858,5,Positive Experience,2026-07-30
FB000148,WO000304,5,Positive Experience,2025-01-18
FB011524,WO022727,4,Service Quality,2026-09-05
FB010911,WO021614,2,Parts Availability,2026-08-22
FB000514,WO001005,4,Staff Behaviour,2025-02-17
FB003158,WO006241,4,Positive Experience,2025-08-03
FB005942,WO011818,4,Positive Experience,2026-01-04
FB009772,WO019401,5,Positive Experience,2026-07-02
FB011450,WO022575,3,Turnaround Time,2026-08-31
FB007404,WO014711,2,Turnaround Time,2026-03-20
FB010300,WO020404,4,Service Quality,2026-07-23
FB010108,WO020034,3,Communication,2026-07-16
FB009164,WO018242,5,Staff Behaviour,2026-06-12
FB001674,WO003309,2,Repeat Issue,2025-05-11
FB001883,WO003746,2,Turnaround Time,2025-05-26
FB001429,WO002825,4,Service Quality,2025-04-24
FB001969,WO003943,4,Service Quality,2025-06-02
FB003989,WO007843,4,Positive Experience,2025-09-16
FB005482,WO010866,4,Positive Experience,2025-12-09
FB011610,WO022886,5,Staff Behaviour,2026-09-08
FB003996,WO007859,5,Positive Experience,2025-09-15
FB011475,WO022620,5,Staff Behaviour,2026-09-02
FB005902,WO011743,5,Positive Experience,2026-01-03
FB006934,WO013778,4,Positive Experience,2026-02-25
FB004408,WO008625,4,Positive Experience,2025-10-09
FB009363,WO018627,5,Positive Experience,2026-06-17
FB010021,WO019875,2,Turnaround Time,2026-07-14
FB000522,WO001019,3,Turnaround Time,2025-02-17
FB005160,WO010199,5,Staff Behaviour,2025-11-21
FB002471,WO004931,4,Staff Behaviour,2025-07-01
FB006989,WO013898,3,Turnaround Time,2026-02-28
FB010482,WO020778,4,Positive Experience,2026-07-30
FB006209,WO012318,4,Service Quality,2026-01-18
FB005441,WO010782,2,Turnaround Time,2025-12-08
FB000585,WO001154,4,Staff Behaviour,2025-02-20
FB003837,WO007550,2,Repeat Issue,2025-09-08
FB005854,WO011643,5,Service Quality,2025-12-31
FB001079,WO002130,3,Turnaround Time,2025-03-31
FB001424,WO002813,5,Positive Experience,2025-04-26
FB006570,WO013063,4,Service Quality,2026-02-08
FB010199,WO020214,2,Parts Availability,2026-07-26
FB007066,WO014052,3,Parts Availability,2026-03-10
FB004296,WO008411,4,Positive Experience,2025-10-01
FB011135,WO022029,4,Positive Experience,2026-08-20
FB001083,WO002135,4,Positive Experience,2025-03-29
FB010598,WO020978,4,Service Quality,2026-08-02
FB010813,WO021418,5,Positive Experience,2026-08-08
FB009336,WO018583,3,Turnaround Time,2026-06-19
FB000531,WO001037,4,Positive Experience,2025-02-18
FB011986,WO023613,3,Turnaround Time,2026-09-24
FB002621,WO005223,3,Staff Behaviour,2025-07-08
FB009222,WO018371,5,Positive Experience,2026-06-15
FB009307,WO018527,3,Turnaround Time,2026-06-16
FB007986,WO015892,1,Turnaround Time,2026-04-17
FB003343,WO006585,3,Parts Availability,2025-08-19
FB009938,WO019731,3,Service Quality,2026-07-10
FB009605,WO019107,5,Staff Behaviour,2026-06-28
FB001649,WO003265,5,Staff Behaviour,2025-05-10
FB000341,WO000670,3,Parts Availability,2025-02-10
FB001031,WO002022,3,Communication,2025-03-27
FB001520,WO003004,3,Turnaround Time,2025-05-02
FB007342,WO014576,4,Staff Behaviour,2026-03-15
FB010924,WO021633,2,Repeat Issue,2026-08-15
FB003087,WO006118,4,Service Quality,2025-08-01
FB004049,WO007962,3,Service Quality,2025-09-19
FB004504,WO008841,4,Positive Experience,2025-10-16
FB005194,WO010258,5,Positive Experience,2025-11-22
FB006365,WO012639,3,Turnaround Time,2026-01-26
FB011709,WO023075,3,Repeat Issue,2026-09-11
FB003399,WO006702,4,Positive Experience,2025-08-16
FB007062,WO014045,4,Positive Experience,2026-03-09
FB003351,WO006600,3,Turnaround Time,2025-08-15
FB010443,WO020695,4,Service Quality,2026-07-25
FB002939,WO005852,4,Positive Experience,2025-07-25
FB009701,WO019272,4,Service Quality,2026-07-02
FB006178,WO012249,3,Parts Availability,2026-01-19
FB010113,WO020041,2,Repeat Issue,2026-07-17
FB002484,WO004954,5,Positive Experience,2025-07-01
FB002460,WO004908,5,Positive Experience,2025-06-29
FB011676,WO023024,5,Positive Experience,2026-09-12
FB001104,WO002177,4,Service Quality,2025-04-01
FB002712,WO005403,4,Positive Experience,2025-07-11
FB011896,WO023412,5,Service Quality,2026-09-18
FB008642,WO017193,3,Turnaround Time,2026-05-20
FB007922,WO015773,5,Positive Experience,2026-04-16
FB010382,WO020582,4,Service Quality,2026-07-27
FB004550,WO008927,5,Service Quality,2025-10-16
FB000276,WO000537,3,Pricing,2025-01-25
FB002672,WO005321,4,Staff Behaviour,2025-07-12
FB004442,WO008716,4,Staff Behaviour,2025-10-09
FB003358,WO006614,5,Positive Experience,2025-08-16
FB005428,WO010761,4,Positive Experience,2025-12-04
FB009153,WO018222,4,Positive Experience,2026-06-11
FB002230,WO004452,5,Staff Behaviour,2025-06-17
FB011487,WO022645,5,Service Quality,2026-09-04
FB001730,WO003442,5,Service Quality,2025-05-18
FB009244,WO018410,3,Turnaround Time,2026-06-15
FB006295,WO012488,5,Service Quality,2026-01-25
FB003584,WO007061,3,Turnaround Time,2025-08-25
FB005042,WO009931,5,Staff Behaviour,2025-11-11
FB002278,WO004549,4,Service Quality,2025-06-20
FB004656,WO009147,3,Turnaround Time,2025-10-23
FB000523,WO001020,4,Service Quality,2025-02-19
FB007107,WO014135,5,Positive Experience,2026-03-09
FB006421,WO012753,4,Positive Experience,2026-01-30
FB006198,WO012294,3,Turnaround Time,2026-01-18
FB001681,WO003325,3,Turnaround Time,2025-05-13
FB000650,WO001283,4,Positive Experience,2025-02-26
FB003542,WO006969,4,Positive Experience,2025-08-23
FB000709,WO001408,5,Service Quality,2025-03-03
FB004196,WO008235,4,Positive Experience,2025-09-26
FB003430,WO006766,4,Service Quality,2025-08-19
FB001295,WO002582,5,Positive Experience,2025-04-16
FB005873,WO011683,4,Positive Experience,2026-01-03
FB001738,WO003460,4,Service Quality,2025-05-18
FB011036,WO021822,3,Repeat Issue,2026-08-17
FB005828,WO011594,5,Positive Experience,2025-12-27
FB002634,WO005247,4,Positive Experience,2025-07-11
FB001390,WO002753,3,Turnaround Time,2025-04-24
FB010441,WO020693,3,Turnaround Time,2026-07-28
FB011899,WO023415,4,Service Quality,2026-09-18
FB006211,WO012324,3,Turnaround Time,2026-01-18
FB004606,WO009055,3,Repeat Issue,2025-10-18
FB000572,WO001130,5,Positive Experience,2025-02-22
FB008639,WO017190,2,Turnaround Time,2026-05-21
FB010900,WO021587,4,Staff Behaviour,2026-08-12
FB000314,WO000612,5,Service Quality,2025-02-01
FB002202,WO004404,5,Positive Experience,2025-06-14
FB005416,WO010744,5,Service Quality,2025-12-04
FB009813,WO019478,3,Repeat Issue,2026-07-04
FB011349,WO022413,5,Staff Behaviour,2026-08-30
FB003091,WO006124,5,Service Quality,2025-08-03
FB006986,WO013894,4,Positive Experience,2026-02-27
FB004895,WO009633,4,Positive Experience,2025-11-05
FB010786,WO021371,5,Positive Experience,2026-08-11
FB008490,WO016912,5,Positive Experience,2026-05-14
FB006069,WO012054,4,Service Quality,2026-01-13
FB003660,WO007203,1,Repeat Issue,2025-08-29
FB006892,WO013697,4,Positive Experience,2026-02-23
FB004909,WO009658,4,Service Quality,2025-11-03
FB009665,WO019211,4,Positive Experience,2026-06-29
FB005431,WO010765,4,Positive Experience,2025-12-05
FB005523,WO010939,5,Staff Behaviour,2025-12-11
FB001400,WO002773,4,Service Quality,2025-04-24
FB008681,WO017281,5,Staff Behaviour,2026-05-22
FB005907,WO011753,4,Positive Experience,2026-01-05
FB006419,WO012750,4,Service Quality,2026-02-01
FB005531,WO010957,3,Parts Availability,2025-12-15
FB000232,WO000467,4,Positive Experience,2025-01-25
FB002107,WO004217,5,Positive Experience,2025-06-08
FB004510,WO008852,4,Service Quality,2025-10-12
FB001824,WO003632,4,Service Quality,2025-05-21
FB000575,WO001134,5,Staff Behaviour,2025-02-19
FB010805,WO021405,4,Positive Experience,2026-08-09
FB001696,WO003359,5,Service Quality,2025-05-13
FB001885,WO003749,3,Turnaround Time,2025-05-27
FB001238,WO002460,2,Turnaround Time,2025-04-11
FB002758,WO005485,4,Staff Behaviour,2025-07-15
FB011502,WO022677,4,Staff Behaviour,2026-09-03
FB003827,WO007531,3,Turnaround Time,2025-09-08
FB003259,WO006420,5,Staff Behaviour,2025-08-11
FB009379,WO018651,5,Positive Experience,2026-06-19
FB004224,WO008282,5,Staff Behaviour,2025-09-27
FB010720,WO021229,4,Positive Experience,2026-08-07
FB002448,WO004885,5,Positive Experience,2025-06-28
FB010193,WO020201,2,Turnaround Time,2026-07-19
FB011889,WO023398,4,Positive Experience,2026-09-19
FB005033,WO009918,5,Positive Experience,2025-11-14
FB002964,WO005901,4,Positive Experience,2025-07-26
FB001476,WO002933,5,Positive Experience,2025-04-29
FB000306,WO000601,5,Positive Experience,2025-01-28
FB004923,WO009681,5,Staff Behaviour,2025-11-06
FB002284,WO004560,4,Positive Experience,2025-06-18
FB001950,WO003902,4,Positive Experience,2025-05-29
FB003526,WO006939,5,Staff Behaviour,2025-08-22
FB010228,WO020265,3,Turnaround Time,2026-07-20
FB004455,WO008755,4,Positive Experience,2025-10-11
FB011399,WO022490,3,Turnaround Time,2026-08-29
FB004874,WO009587,5,Positive Experience,2025-11-01
FB012109,WO023840,4,Positive Experience,2026-09-25
FB007469,WO014854,4,Positive Experience,2026-03-23
FB004374,WO008558,5,Positive Experience,2025-10-06
FB010190,WO020197,4,Positive Experience,2026-07-20
FB004931,WO009697,4,Positive Experience,2025-11-04
FB011566,WO022807,4,Positive Experience,2026-09-08
FB004821,WO009488,4,Positive Experience,2025-11-01
FB007784,WO015515,5,Service Quality,2026-04-11
FB004819,WO009484,4,Positive Experience,2025-11-02
FB005906,WO011752,5,Positive Experience,2026-01-03
FB006460,WO012841,4,Positive Experience,2026-01-31
FB009364,WO018630,5,Positive Experience,2026-06-19
FB007973,WO015864,3,Turnaround Time,2026-04-17
FB006130,WO012170,4,Positive Experience,2026-01-15
FB005628,WO011163,4,Positive Experience,2025-12-16
FB011815,WO023252,3,Turnaround Time,2026-09-15
FB009171,WO018254,5,Positive Experience,2026-06-10
FB011397,WO022486,4,Positive Experience,2026-08-29
FB003275,WO006452,5,Positive Experience,2025-08-08
FB007260,WO014429,5,Positive Experience,2026-03-12
FB003319,WO006535,5,Positive Experience,2025-08-12
FB004580,WO008998,4,Staff Behaviour,2025-10-19
FB010401,WO020614,4,Service Quality,2026-07-26
FB005815,WO011563,4,Positive Experience,2025-12-29
FB005454,WO010811,5,Positive Experience,2025-12-06
FB000078,WO000157,4,Staff Behaviour,2025-01-11
FB002686,WO005348,3,Parts Availability,2025-07-13
FB005108,WO010071,4,Service Quality,2025-11-18
FB002706,WO005384,3,Turnaround Time,2025-07-13
FB003298,WO006495,5,Service Quality,2025-08-09
FB002982,WO005934,2,Turnaround Time,2025-07-27
FB004929,WO009694,5,Positive Experience,2025-11-04
FB001249,WO002483,5,Positive Experience,2025-04-11
FB003292,WO006485,4,Staff Behaviour,2025-08-12
FB007608,WO015155,4,Positive Experience,2026-04-02
FB001706,WO003386,4,Service Quality,2025-05-14
FB005178,WO010224,5,Staff Behaviour,2025-11-20
FB006100,WO012102,4,Service Quality,2026-01-12
FB007175,WO014268,1,Repeat Issue,2026-03-09
FB003218,WO006345,4,Service Quality,2025-08-08
FB010976,WO021721,3,Turnaround Time,2026-08-17
FB009233,WO018389,5,Service Quality,2026-06-12
FB005701,WO011307,4,Positive Experience,2025-12-21
FB009697,WO019265,4,Service Quality,2026-07-01
FB008059,WO016030,3,Turnaround Time,2026-04-24
FB005586,WO011069,5,Service Quality,2025-12-14
FB010530,WO020869,2,Turnaround Time,2026-08-01
FB008183,WO016271,3,Turnaround Time,2026-04-28
FB001246,WO002480,5,Service Quality,2025-04-13
FB005353,WO010610,3,Pricing,2025-11-29
FB003541,WO006968,3,Turnaround Time,2025-08-26
FB001190,WO002342,4,Service Quality,2025-04-08
FB008867,WO017639,5,Staff Behaviour,2026-05-30
FB002492,WO004971,4,Positive Experience,2025-07-03
FB001955,WO003911,4,Positive Experience,2025-06-02
FB001540,WO003037,5,Positive Experience,2025-05-02
FB005862,WO011653,4,Positive Experience,2025-12-30
FB003459,WO006818,5,Positive Experience,2025-08-21
FB003466,WO006833,5,Positive Experience,2025-08-21
FB005968,WO011873,5,Positive Experience,2026-01-05
FB010578,WO020942,4,Service Quality,2026-08-02
FB006192,WO012275,4,Positive Experience,2026-01-19
FB006249,WO012398,4,Positive Experience,2026-01-22
FB007213,WO014339,4,Service Quality,2026-03-11
FB010661,WO021096,3,Turnaround Time,2026-08-03
FB001196,WO002359,4,Positive Experience,2025-04-07
FB005960,WO011859,4,Staff Behaviour,2026-01-08
FB005053,WO009952,4,Staff Behaviour,2025-11-14
FB008884,WO017667,5,Positive Experience,2026-05-29
FB010729,WO021250,4,Positive Experience,2026-08-05
FB010751,WO021294,4,Service Quality,2026-08-09
FB010138,WO020100,3,Turnaround Time,2026-07-15
FB007201,WO014316,5,Positive Experience,2026-03-11
FB006894,WO013701,5,Positive Experience,2026-02-24
FB009823,WO019507,3,Turnaround Time,2026-07-04
FB002851,WO005691,3,Turnaround Time,2025-07-21
FB001168,WO002309,5,Positive Experience,2025-04-07
FB002981,WO005933,4,Positive Experience,2025-07-27
FB011654,WO022975,2,Parts Availability,2026-09-11
FB001732,WO003445,4,Positive Experience,2025-05-17
FB003394,WO006689,4,Positive Experience,2025-08-16
FB006118,WO012143,4,Positive Experience,2026-01-14
FB007917,WO015765,4,Service Quality,2026-04-16
FB009445,WO018795,4,Staff Behaviour,2026-06-20
FB005438,WO010777,3,Parts Availability,2025-12-08
FB008185,WO016275,4,Service Quality,2026-04-30
FB006511,WO012945,5,Staff Behaviour,2026-02-03
FB002210,WO004414,4,Staff Behaviour,2025-06-16
FB005604,WO011106,3,Turnaround Time,2025-12-14
FB010035,WO019897,3,Turnaround Time,2026-07-16
FB000375,WO000730,5,Staff Behaviour,2025-02-05
FB002763,WO005491,3,Turnaround Time,2025-07-17
FB005720,WO011349,4,Positive Experience,2025-12-20
FB011385,WO022466,3,Turnaround Time,2026-08-29
FB008180,WO016268,4,Positive Experience,2026-04-27
FB010657,WO021090,4,Staff Behaviour,2026-08-03
FB005966,WO011870,3,Communication,2026-01-08
FB001821,WO003629,4,Positive Experience,2025-05-21
FB009806,WO019466,4,Positive Experience,2026-07-06
FB002873,WO005729,2,Repeat Issue,2025-08-01
FB003860,WO007596,4,Positive Experience,2025-09-09
FB006918,WO013748,4,Positive Experience,2026-02-25
FB007667,WO015291,5,Positive Experience,2026-04-03
FB010180,WO020174,5,Positive Experience,2026-07-19
FB003600,WO007089,3,Service Quality,2025-08-29
FB002063,WO004145,4,Staff Behaviour,2025-06-06
FB005107,WO010070,3,Turnaround Time,2025-11-16
FB001956,WO003912,4,Positive Experience,2025-06-02
FB012032,WO023687,4,Service Quality,2026-09-22
FB002551,WO005082,4,Service Quality,2025-07-05
FB000278,WO000539,5,Positive Experience,2025-01-26
FB006017,WO011957,4,Staff Behaviour,2026-01-08
FB006153,WO012212,3,Turnaround Time,2026-01-16
FB005161,WO010200,4,Positive Experience,2025-11-19
FB006429,WO012770,3,Turnaround Time,2026-01-31
FB003916,WO007707,4,Staff Behaviour,2025-09-12
FB003210,WO006333,5,Positive Experience,2025-08-08
FB004805,WO009447,5,Positive Experience,2025-10-29
FB005820,WO011578,5,Positive Experience,2025-12-29
FB011002,WO021762,3,Turnaround Time,2026-08-18
FB010012,WO019860,4,Service Quality,2026-07-13
FB006105,WO012109,3,Turnaround Time,2026-01-13
FB006480,WO012877,4,Service Quality,2026-02-02
FB003194,WO006309,5,Staff Behaviour,2025-08-06
FB004383,WO008574,4,Positive Experience,2025-10-04
FB004647,WO009134,4,Positive Experience,2025-10-20
FB011266,WO022265,3,Parts Availability,2026-09-02
FB007693,WO015345,3,Turnaround Time,2026-04-06
FB006913,WO013742,3,Communication,2026-02-25
FB003222,WO006352,4,Service Quality,2025-08-06
FB006133,WO012176,3,Service Quality,2026-01-14
FB001300,WO002589,3,Repeat Issue,2025-04-17
FB003760,WO007388,4,Positive Experience,2025-09-02
FB000786,WO001573,3,Parts Availability,2025-03-20
FB009087,WO018087,5,Positive Experience,2026-06-08
FB000081,WO000166,4,Service Quality,2025-01-11
FB012167,WO023945,3,Turnaround Time,2026-09-29
FB002325,WO004652,4,Service Quality,2025-06-23
FB002664,WO005306,5,Positive Experience,2025-07-11
FB000609,WO001201,5,Service Quality,2025-02-21
FB004543,WO008913,5,Service Quality,2025-10-16
FB003608,WO007101,3,Turnaround Time,2025-08-28
FB007007,WO013933,5,Positive Experience,2026-02-28
FB005215,WO010311,4,Positive Experience,2025-11-24
FB002417,WO004835,4,Positive Experience,2025-06-28
FB010331,WO020482,4,Positive Experience,2026-07-22
FB004593,WO009027,4,Staff Behaviour,2025-10-18
FB010933,WO021651,5,Positive Experience,2026-08-16
FB009584,WO019071,5,Service Quality,2026-06-27
FB005477,WO010858,3,Repeat Issue,2025-12-08
FB001336,WO002656,4,Positive Experience,2025-04-19
FB009323,WO018554,3,Turnaround Time,2026-06-19
FB009615,WO019130,3,Turnaround Time,2026-06-26
FB011763,WO023165,4,Service Quality,2026-09-12
FB005593,WO011088,5,Service Quality,2025-12-15
FB000401,WO000784,4,Positive Experience,2025-02-06
FB007345,WO014589,4,Positive Experience,2026-03-16
FB008947,WO017783,3,Turnaround Time,2026-05-31
FB008902,WO017698,3,Communication,2026-05-28
FB002588,WO005143,5,Positive Experience,2025-07-04
FB004916,WO009670,5,Positive Experience,2025-11-04
FB003894,WO007662,4,Positive Experience,2025-09-12
FB000617,WO001213,4,Staff Behaviour,2025-02-23
FB000871,WO001718,5,Positive Experience,2025-03-17
FB000025,WO000053,4,Positive Experience,2025-01-05
FB007337,WO014569,5,Positive Experience,2026-03-14
FB006207,WO012313,3,Pricing,2026-01-18
FB010097,WO020011,4,Positive Experience,2026-07-14
FB008872,WO017645,3,Service Quality,2026-05-28
FB003843,WO007563,5,Staff Behaviour,2025-09-09
FB011618,WO022900,4,Service Quality,2026-09-08
FB010823,WO021435,3,Turnaround Time,2026-08-09
FB011592,WO022855,3,Turnaround Time,2026-09-08
FB003405,WO006718,4,Service Quality,2025-08-17
FB001213,WO002400,4,Positive Experience,2025-04-08
FB003400,WO006703,4,Positive Experience,2025-08-17
FB004689,WO009222,5,Positive Experience,2025-10-25
FB008970,WO017827,4,Positive Experience,2026-06-07
FB000769,WO001528,4,Staff Behaviour,2025-03-07
FB000867,WO001709,5,Service Quality,2025-03-14
FB006147,WO012201,3,Turnaround Time,2026-01-14
FB011494,WO022657,5,Positive Experience,2026-09-07
FB009545,WO018993,4,Positive Experience,2026-06-26
FB012127,WO023874,2,Repeat Issue,2026-09-29
FB004932,WO009699,5,Positive Experience,2025-11-07
FB012057,WO023734,4,Positive Experience,2026-09-23
FB012228,WO024041,4,Service Quality,2026-10-01
FB011409,WO022504,4,Positive Experience,2026-09-02
FB010607,WO020993,4,Positive Experience,2026-08-03
FB002569,WO005112,3,Turnaround Time,2025-07-04
FB002705,WO005380,4,Positive Experience,2025-07-13
FB000489,WO000951,4,Positive Experience,2025-02-12
FB004457,WO008760,3,Parts Availability,2025-10-11
FB009972,WO019791,3,Turnaround Time,2026-07-11
FB005420,WO010748,3,Parts Availability,2025-12-08
FB010644,WO021064,3,Turnaround Time,2026-08-06
FB011013,WO021780,3,Parts Availability,2026-08-28
FB004663,WO009157,5,Positive Experience,2025-10-24
FB001665,WO003292,5,Positive Experience,2025-05-12
FB010633,WO021049,3,Turnaround Time,2026-08-05
FB008972,WO017831,4,Positive Experience,2026-05-30
FB005296,WO010486,4,Positive Experience,2025-11-26
FB003505,WO006903,5,Positive Experience,2025-08-24
FB008211,WO016331,4,Positive Experience,2026-04-29
FB007916,WO015763,4,Staff Behaviour,2026-04-16
FB007555,WO015021,5,Service Quality,2026-03-26
FB000618,WO001215,3,Turnaround Time,2025-02-24
FB011736,WO023120,5,Service Quality,2026-09-11
FB010806,WO021406,4,Positive Experience,2026-08-11
FB004475,WO008789,4,Positive Experience,2025-10-12
FB000718,WO001424,1,Repeat Issue,2025-03-06
FB006454,WO012826,4,Staff Behaviour,2026-02-03
FB011184,WO022124,5,Service Quality,2026-08-22
FB002057,WO004134,5,Positive Experience,2025-06-07
FB009934,WO019720,5,Positive Experience,2026-07-11
FB010892,WO021576,5,Positive Experience,2026-08-12
FB011656,WO022982,4,Service Quality,2026-09-10
FB007403,WO014708,4,Positive Experience,2026-03-25
FB004902,WO009645,3,Turnaround Time,2025-11-05
FB006461,WO012844,3,Turnaround Time,2026-02-02
FB009784,WO019417,3,Pricing,2026-07-04
FB012015,WO023658,4,Positive Experience,2026-09-23
FB006084,WO012079,4,Positive Experience,2026-01-11
FB003661,WO007205,4,Staff Behaviour,2025-08-30
FB006910,WO013729,4,Positive Experience,2026-02-25
FB004201,WO008244,5,Positive Experience,2025-09-28
FB003163,WO006249,3,Turnaround Time,2025-08-05
FB006258,WO012414,5,Positive Experience,2026-01-20
FB007224,WO014363,5,Service Quality,2026-03-14
FB010429,WO020670,3,Turnaround Time,2026-07-28
FB002596,WO005160,4,Positive Experience,2025-07-07
FB010539,WO020885,4,Staff Behaviour,2026-08-01
FB005175,WO010220,3,Repeat Issue,2025-11-19
FB001584,WO003119,5,Staff Behaviour,2025-05-04
FB001542,WO003043,5,Positive Experience,2025-05-02
FB011243,WO022223,5,Service Quality,2026-08-26
FB001787,WO003564,4,Positive Experience,2025-05-20
FB008807,WO017526,5,Positive Experience,2026-05-27
FB007010,WO013939,3,Staff Behaviour,2026-03-01
FB011179,WO022117,3,Turnaround Time,2026-08-22
FB008905,WO017702,5,Positive Experience,2026-05-28
FB005098,WO010049,3,Turnaround Time,2025-11-18
FB004729,WO009291,4,Positive Experience,2025-10-26
FB002768,WO005496,3,Turnaround Time,2025-07-15
FB005130,WO010127,4,Positive Experience,2025-11-18
FB010701,WO021192,4,Positive Experience,2026-08-05
FB009968,WO019785,4,Positive Experience,2026-07-12
FB009879,WO019595,4,Service Quality,2026-07-09
FB003579,WO007050,5,Positive Experience,2025-08-25
FB007023,WO013960,4,Positive Experience,2026-03-05
FB011222,WO022181,3,Turnaround Time,2026-08-26
FB009396,WO018691,4,Positive Experience,2026-06-19
FB008046,WO016009,5,Service Quality,2026-04-23
FB006166,WO012230,4,Positive Experience,2026-01-17
FB003893,WO007661,4,Service Quality,2025-09-09
FB003761,WO007389,5,Service Quality,2025-09-05
FB006188,WO012267,4,Service Quality,2026-01-16
FB002189,WO004373,5,Service Quality,2025-06-14
FB004400,WO008608,3,Parts Availability,2025-10-12
FB010615,WO021006,3,Turnaround Time,2026-08-04
FB004937,WO009711,4,Positive Experience,2025-11-07
FB006576,WO013071,4,Positive Experience,2026-02-09
FB002195,WO004389,5,Positive Experience,2025-06-14
FB005941,WO011815,4,Positive Experience,2026-01-05
FB000228,WO000459,4,Positive Experience,2025-01-24
FB008861,WO017628,5,Positive Experience,2026-05-27
FB003410,WO006731,5,Positive Experience,2025-08-17
FB001025,WO002006,3,Parts Availability,2025-03-30
FB008449,WO016817,1,Repeat Issue,2026-05-11
FB008195,WO016294,3,Pricing,2026-04-29
FB000453,WO000872,5,Service Quality,2025-02-11
FB000978,WO001925,5,Positive Experience,2025-03-21
FB004064,WO007980,4,Staff Behaviour,2025-09-21
FB010386,WO020587,4,Positive Experience,2026-07-26
FB011174,WO022108,2,Repeat Issue,2026-08-22
FB009469,WO018844,5,Positive Experience,2026-06-21
FB003117,WO006176,4,Service Quality,2025-08-01
FB007709,WO015368,3,Turnaround Time,2026-04-07
FB007196,WO014306,3,Service Quality,2026-03-12
FB006102,WO012106,3,Turnaround Time,2026-01-13
FB005444,WO010791,4,Service Quality,2025-12-05
FB011677,WO023026,4,Positive Experience,2026-09-10
FB000412,WO000806,4,Service Quality,2025-02-06
FB003870,WO007619,5,Positive Experience,2025-09-11
FB002739,WO005455,4,Positive Experience,2025-07-15
FB008686,WO017288,4,Positive Experience,2026-05-22
FB010185,WO020183,3,Turnaround Time,2026-07-19
FB000973,WO001913,4,Positive Experience,2025-03-21
FB011361,WO022429,5,Positive Experience,2026-08-28
FB009124,WO018159,5,Positive Experience,2026-06-11
FB003638,WO007159,4,Staff Behaviour,2025-08-28
FB005298,WO010488,4,Positive Experience,2025-11-27
FB000591,WO001169,2,Parts Availability,2025-02-25
FB009893,WO019637,5,Positive Experience,2026-07-07
FB009521,WO018950,3,Turnaround Time,2026-06-24
FB010825,WO021439,5,Positive Experience,2026-08-08
FB010099,WO020015,5,Positive Experience,2026-07-16
FB009843,WO019545,5,Staff Behaviour,2026-07-06
FB003326,WO006549,5,Positive Experience,2025-08-14
FB006414,WO012737,4,Positive Experience,2026-01-29
FB010804,WO021403,5,Positive Experience,2026-08-08
FB004989,WO009832,5,Positive Experience,2025-11-10
FB002698,WO005368,4,Positive Experience,2025-07-11
FB004775,WO009377,5,Positive Experience,2025-10-28
FB010807,WO021409,3,Turnaround Time,2026-08-09
FB010170,WO020151,3,Turnaround Time,2026-07-17
FB011070,WO021898,4,Positive Experience,2026-08-19
FB004997,WO009848,4,Positive Experience,2025-11-11
FB000134,WO000282,5,Positive Experience,2025-01-15
FB007603,WO015143,4,Positive Experience,2026-04-01
FB005341,WO010580,5,Positive Experience,2025-11-30
FB005269,WO010439,5,Positive Experience,2025-11-27
FB000302,WO000593,4,Service Quality,2025-01-28
FB008898,WO017694,4,Positive Experience,2026-05-29
FB005609,WO011119,3,Turnaround Time,2025-12-15
FB011879,WO023381,4,Positive Experience,2026-09-19
FB010129,WO020080,4,Positive Experience,2026-07-16
FB003385,WO006677,3,Pricing,2025-08-18
FB005153,WO010180,5,Positive Experience,2025-11-20
FB011249,WO022233,2,Turnaround Time,2026-08-27
FB008409,WO016740,4,Positive Experience,2026-05-10
FB010728,WO021248,5,Staff Behaviour,2026-08-06
FB003537,WO006961,5,Service Quality,2025-08-23
FB000165,WO000332,5,Positive Experience,2025-01-18
FB004649,WO009137,4,Service Quality,2025-10-21
FB011715,WO023085,3,Repeat Issue,2026-09-12
FB001401,WO002775,4,Service Quality,2025-04-21
FB010313,WO020436,5,Positive Experience,2026-07-22
FB001472,WO002921,4,Service Quality,2025-04-27
FB009432,WO018775,3,Turnaround Time,2026-06-20
FB006193,WO012276,4,Staff Behaviour,2026-01-16
FB005032,WO009917,4,Positive Experience,2025-11-13
FB005724,WO011357,5,Positive Experience,2025-12-21
FB000332,WO000651,4,Positive Experience,2025-02-02
FB003610,WO007104,5,Positive Experience,2025-08-26
FB012261,WO024107,4,Positive Experience,2026-10-06
FB000251,WO000492,4,Positive Experience,2025-01-26
FB003062,WO006077,5,Positive Experience,2025-08-02
FB010622,WO021020,3,Turnaround Time,2026-08-04
FB004749,WO009323,3,Turnaround Time,2025-10-30
FB007017,WO013951,4,Positive Experience,2026-03-02
FB005916,WO011770,5,Positive Experience,2026-01-02
FB002954,WO005878,5,Positive Experience,2025-07-28
FB007885,WO015713,4,Positive Experience,2026-04-13
FB009867,WO019580,3,Turnaround Time,2026-07-07
FB005625,WO011156,5,Staff Behaviour,2025-12-17
FB003570,WO007027,4,Service Quality,2025-08-25
FB010573,WO020935,5,Positive Experience,2026-08-01
FB007408,WO014727,5,Service Quality,2026-03-22
FB011514,WO022697,4,Service Quality,2026-09-03
FB003058,WO006069,4,Positive Experience,2025-07-31
FB006717,WO013353,4,Service Quality,2026-02-14
FB009362,WO018626,4,Positive Experience,2026-06-20
FB005576,WO011048,5,Positive Experience,2025-12-12
FB008982,WO017862,3,Communication,2026-06-04
FB007993,WO015904,4,Positive Experience,2026-04-17
FB010075,WO019963,5,Service Quality,2026-07-14
FB004945,WO009723,4,Positive Experience,2025-11-05
FB006594,WO013105,4,Positive Experience,2026-02-09
FB009350,WO018606,4,Positive Experience,2026-06-17
FB004706,WO009254,5,Service Quality,2025-10-26
FB000413,WO000807,4,Service Quality,2025-02-08
FB001643,WO003248,3,Repeat Issue,2025-05-11
FB005607,WO011115,2,Repeat Issue,2025-12-13
FB009983,WO019811,4,Service Quality,2026-07-10
FB011395,WO022482,3,Turnaround Time,2026-09-01
FB006868,WO013659,5,Service Quality,2026-02-23
FB009452,WO018807,4,Positive Experience,2026-06-21
FB000326,WO000635,4,Positive Experience,2025-02-01
FB011221,WO022180,3,Turnaround Time,2026-08-26
FB007635,WO015228,4,Service Quality,2026-04-03
FB009131,WO018173,5,Positive Experience,2026-06-10
FB009612,WO019124,4,Service Quality,2026-06-28
FB010522,WO020856,4,Positive Experience,2026-07-29
FB006826,WO013576,4,Positive Experience,2026-02-20
FB011568,WO022811,4,Service Quality,2026-09-06
FB005472,WO010845,3,Turnaround Time,2025-12-09
FB003507,WO006906,4,Positive Experience,2025-08-23
FB003257,WO006418,4,Service Quality,2025-08-09
FB007313,WO014524,3,Turnaround Time,2026-03-17
FB002626,WO005229,4,Service Quality,2025-07-07
FB007104,WO014131,4,Positive Experience,2026-03-09
FB009957,WO019764,4,Service Quality,2026-07-12
FB008655,WO017227,5,Service Quality,2026-05-18
FB003356,WO006612,3,Parts Availability,2025-08-20
FB002979,WO005931,4,Positive Experience,2025-07-26
FB011779,WO023196,2,Repeat Issue,2026-09-15
FB002117,WO004237,5,Positive Experience,2025-06-11
FB011672,WO023013,5,Positive Experience,2026-09-09
FB008374,WO016666,4,Staff Behaviour,2026-05-08
FB009249,WO018419,2,Turnaround Time,2026-06-16
FB003904,WO007687,4,Positive Experience,2025-09-10
FB011296,WO022317,3,Repeat Issue,2026-08-29
FB011005,WO021767,4,Positive Experience,2026-08-16
FB003236,WO006378,3,Communication,2025-08-10
FB004071,WO007989,5,Positive Experience,2025-09-18
FB004716,WO009269,5,Positive Experience,2025-10-27
FB006361,WO012629,5,Positive Experience,2026-01-25
FB004701,WO009243,3,Communication,2025-10-26
FB000318,WO000618,5,Positive Experience,2025-01-31
FB005165,WO010206,3,Turnaround Time,2025-11-20
FB007031,WO013973,4,Positive Experience,2026-03-02
FB001887,WO003752,3,Turnaround Time,2025-05-26
FB000784,WO001570,4,Positive Experience,2025-03-11
FB000939,WO001856,4,Service Quality,2025-03-19
FB003386,WO006678,4,Positive Experience,2025-08-16
FB002004,WO004023,5,Positive Experience,2025-06-05
FB005355,WO010616,4,Positive Experience,2025-11-30
FB009902,WO019649,4,Staff Behaviour,2026-07-09
FB005297,WO010487,4,Positive Experience,2025-11-26
FB001967,WO003939,5,Positive Experience,2025-06-01
FB010461,WO020728,4,Positive Experience,2026-07-28
FB006620,WO013154,3,Turnaround Time,2026-02-12
FB000313,WO000610,5,Service Quality,2025-01-31
FB002531,WO005046,4,Staff Behaviour,2025-07-03
FB001002,WO001969,4,Positive Experience,2025-03-23
FB011376,WO022449,4,Positive Experience,2026-08-31
FB008493,WO016915,4,Positive Experience,2026-05-14
FB007453,WO014830,4,Service Quality,2026-03-22
FB003763,WO007398,5,Positive Experience,2025-09-05
FB002342,WO004686,4,Positive Experience,2025-06-28
FB006453,WO012824,4,Positive Experience,2026-02-03
FB004488,WO008815,4,Positive Experience,2025-10-14
FB004428,WO008680,5,Staff Behaviour,2025-10-08
FB010762,WO021322,4,Positive Experience,2026-08-09
FB003200,WO006317,4,Staff Behaviour,2025-08-05
FB007348,WO014594,5,Positive Experience,2026-03-17
FB007477,WO014866,5,Positive Experience,2026-03-26
FB003713,WO007299,3,Turnaround Time,2025-09-01
FB008213,WO016336,3,Turnaround Time,2026-04-29
FB007978,WO015878,4,Positive Experience,2026-04-18
FB003169,WO006260,3,Parts Availability,2025-08-10
FB009160,WO018237,4,Positive Experience,2026-06-09
FB010312,WO020435,4,Service Quality,2026-07-24
FB005222,WO010328,2,Turnaround Time,2025-11-24
FB001591,WO003144,4,Service Quality,2025-05-05
FB006836,WO013595,3,Parts Availability,2026-02-25
FB008601,WO017118,1,Repeat Issue,2026-05-21
FB011831,WO023280,4,Staff Behaviour,2026-09-16
FB011602,WO022872,4,Positive Experience,2026-09-05
FB007604,WO015148,2,Turnaround Time,2026-03-31
FB009783,WO019416,4,Positive Experience,2026-07-02
FB003395,WO006692,4,Positive Experience,2025-08-17
FB000463,WO000888,2,Turnaround Time,2025-02-12
FB010772,WO021341,4,Positive Experience,2026-08-08
FB004459,WO008762,4,Service Quality,2025-10-10
FB002823,WO005623,4,Service Quality,2025-07-21
FB000521,WO001018,4,Positive Experience,2025-02-16
FB007155,WO014230,2,Turnaround Time,2026-03-11
FB008394,WO016710,4,Positive Experience,2026-05-08
FB011031,WO021815,5,Service Quality,2026-08-20
FB006901,WO013712,2,Turnaround Time,2026-02-27
FB001794,WO003576,5,Positive Experience,2025-05-22
FB004256,WO008340,3,Turnaround Time,2025-10-01
FB008101,WO016116,4,Positive Experience,2026-04-22
FB003367,WO006636,4,Positive Experience,2025-08-14
FB006876,WO013671,5,Staff Behaviour,2026-02-23
FB000244,WO000483,3,Turnaround Time,2025-01-26
FB011716,WO023086,4,Positive Experience,2026-09-10
FB005851,WO011639,4,Positive Experience,2025-12-30
FB004995,WO009845,5,Positive Experience,2025-11-11
FB004392,WO008589,4,Positive Experience,2025-10-07
FB011493,WO022656,3,Parts Availability,2026-09-09
FB005903,WO011745,4,Staff Behaviour,2026-01-04
FB006478,WO012873,3,Turnaround Time,2026-02-03
FB010149,WO020116,3,Parts Availability,2026-07-21
FB008346,WO016616,5,Positive Experience,2026-05-06
FB007692,WO015344,3,Turnaround Time,2026-04-05
FB001986,WO003983,5,Positive Experience,2025-05-31
FB001247,WO002481,4,Positive Experience,2025-04-14
FB008464,WO016846,3,Turnaround Time,2026-05-12
FB010702,WO021193,4,Staff Behaviour,2026-08-06
FB011538,WO022759,3,Repeat Issue,2026-09-06
FB000755,WO001505,3,Repeat Issue,2025-03-06
FB003736,WO007343,2,Turnaround Time,2025-09-04
FB004425,WO008675,5,Positive Experience,2025-10-11
FB005361,WO010627,3,Turnaround Time,2025-12-01
FB010087,WO019995,5,Service Quality,2026-07-13
FB009099,WO018108,2,Parts Availability,2026-06-12
FB008688,WO017292,5,Service Quality,2026-05-20
FB001165,WO002303,5,Service Quality,2025-04-04
FB005761,WO011450,2,Turnaround Time,2025-12-26
FB005958,WO011855,2,Turnaround Time,2026-01-05
FB004582,WO009004,2,Parts Availability,2025-10-30
FB010151,WO020121,4,Positive Experience,2026-07-17
FB002978,WO005930,3,Repeat Issue,2025-07-26
FB011517,WO022708,5,Staff Behaviour,2026-09-04
FB007332,WO014564,5,Positive Experience,2026-03-14
FB001995,WO004000,5,Positive Experience,2025-06-04
FB005034,WO009919,3,Parts Availability,2025-11-21
FB000254,WO000498,4,Positive Experience,2025-01-24
FB009973,WO019792,5,Positive Experience,2026-07-11
FB009524,WO018953,3,Service Quality,2026-06-26
FB001331,WO002648,5,Service Quality,2025-04-19
FB010861,WO021501,3,Turnaround Time,2026-08-13
FB006592,WO013103,3,Turnaround Time,2026-02-09
FB008012,WO015944,2,Parts Availability,2026-04-25
FB009040,WO017979,5,Staff Behaviour,2026-06-06
FB002128,WO004259,4,Service Quality,2025-06-09
FB010295,WO020394,5,Positive Experience,2026-07-22
FB000280,WO000546,4,Service Quality,2025-01-26
FB002920,WO005813,3,Pricing,2025-07-25
FB004465,WO008770,3,Repeat Issue,2025-10-10
FB000366,WO000717,3,Turnaround Time,2025-02-06
FB011699,WO023064,4,Positive Experience,2026-09-20
FB011802,WO023228,3,Turnaround Time,2026-09-17
FB001594,WO003147,5,Positive Experience,2025-05-03
FB001361,WO002699,3,Turnaround Time,2025-04-20
FB006802,WO013516,3,Pricing,2026-02-17
FB006716,WO013352,3,Service Quality,2026-02-15
FB004592,WO009025,5,Positive Experience,2025-10-18
FB006612,WO013137,5,Positive Experience,2026-02-09
FB001507,WO002983,4,Service Quality,2025-05-01
FB006390,WO012689,5,Positive Experience,2026-01-27
FB009607,WO019111,2,Repeat Issue,2026-06-30
FB006406,WO012727,5,Staff Behaviour,2026-01-29
FB008543,WO017013,4,Positive Experience,2026-05-16
FB001462,WO002899,3,Turnaround Time,2025-04-29
FB010053,WO019928,4,Staff Behaviour,2026-07-13
FB000595,WO001175,5,Service Quality,2025-02-22
FB002583,WO005134,4,Staff Behaviour,2025-07-04
FB007142,WO014206,4,Service Quality,2026-03-09
FB011383,WO022464,3,Turnaround Time,2026-08-29
FB009785,WO019419,5,Service Quality,2026-07-03
FB008161,WO016228,2,Turnaround Time,2026-04-28
FB007867,WO015674,4,Positive Experience,2026-04-13
FB007097,WO014116,4,Service Quality,2026-03-08
FB006857,WO013635,4,Positive Experience,2026-02-21
FB004478,WO008793,4,Positive Experience,2025-10-11
FB002752,WO005474,4,Staff Behaviour,2025-07-14
FB009763,WO019378,4,Positive Experience,2026-07-02
FB006452,WO012823,4,Positive Experience,2026-02-01
FB002282,WO004558,4,Staff Behaviour,2025-06-18
FB001610,WO003181,4,Positive Experience,2025-05-09
FB002227,WO004448,5,Service Quality,2025-06-16
FB008995,WO017889,5,Positive Experience,2026-06-03
FB008608,WO017130,3,Parts Availability,2026-05-22
FB011187,WO022127,2,Turnaround Time,2026-08-23
FB002882,WO005748,4,Positive Experience,2025-07-23
FB006675,WO013258,3,Communication,2026-02-13
FB009872,WO019587,5,Positive Experience,2026-07-06
FB003441,WO006786,4,Positive Experience,2025-08-21
FB008843,WO017599,5,Service Quality,2026-05-26
FB011236,WO022213,4,Positive Experience,2026-08-27
FB007830,WO015602,5,Service Quality,2026-04-12
FB008241,WO016404,4,Service Quality,2026-04-30
FB003649,WO007177,4,Positive Experience,2025-08-30
FB009928,WO019709,5,Service Quality,2026-07-11
FB006827,WO013580,5,Positive Experience,2026-02-22
FB007651,WO015260,5,Positive Experience,2026-04-05
FB011352,WO022416,4,Positive Experience,2026-08-29
FB002688,WO005350,4,Positive Experience,2025-07-13
FB004119,WO008085,4,Positive Experience,2025-09-22
FB004684,WO009209,5,Staff Behaviour,2025-10-23
FB004279,WO008384,3,Pricing,2025-09-30
FB000783,WO001569,5,Positive Experience,2025-03-10
FB005412,WO010736,4,Positive Experience,2025-12-06
FB003980,WO007824,4,Service Quality,2025-09-13
FB009384,WO018663,3,Turnaround Time,2026-06-18
FB001298,WO002587,5,Service Quality,2025-04-17
FB006896,WO013704,5,Positive Experience,2026-02-24
FB000193,WO000389,5,Service Quality,2025-01-20
FB011532,WO022744,3,Turnaround Time,2026-09-05
FB009994,WO019833,5,Positive Experience,2026-07-11
FB003773,WO007418,5,Service Quality,2025-09-06
FB001979,WO003968,4,Positive Experience,2025-06-01
FB001402,WO002776,4,Service Quality,2025-04-24
FB000371,WO000724,5,Positive Experience,2025-02-06
FB004517,WO008866,2,Parts Availability,2025-10-23
FB006313,WO012534,3,Repeat Issue,2026-01-26
FB008169,WO016247,5,Positive Experience,2026-04-26
FB002856,WO005700,4,Staff Behaviour,2025-07-20
FB008869,WO017642,4,Service Quality,2026-05-27
FB002193,WO004387,5,Staff Behaviour,2025-06-16
FB010758,WO021315,5,Positive Experience,2026-08-08
FB001202,WO002368,4,Positive Experience,2025-04-07
FB006692,WO013306,2,Parts Availability,2026-02-20
FB010465,WO020735,4,Positive Experience,2026-07-27
FB009565,WO019035,2,Turnaround Time,2026-06-26
FB002254,WO004496,3,Parts Availability,2025-06-20
FB001392,WO002755,5,Service Quality,2025-04-24
FB007301,WO014498,3,Turnaround Time,2026-03-14
FB006167,WO012232,5,Positive Experience,2026-01-15
FB008474,WO016873,3,Turnaround Time,2026-05-12
FB011551,WO022782,5,Positive Experience,2026-09-04
FB011872,WO023366,5,Positive Experience,2026-09-17
FB007914,WO015761,5,Staff Behaviour,2026-04-16
FB000558,WO001105,5,Service Quality,2025-02-18
FB000495,WO000965,5,Positive Experience,2025-02-13
FB001723,WO003427,3,Turnaround Time,2025-05-14
FB008551,WO017032,4,Positive Experience,2026-05-15
FB010983,WO021733,4,Positive Experience,2026-08-17
FB011486,WO022640,4,Staff Behaviour,2026-09-01
FB000621,WO001224,3,Turnaround Time,2025-02-22
FB010206,WO020227,3,Parts Availability,2026-07-28
FB006907,WO013724,3,Turnaround Time,2026-02-24
FB009509,WO018924,4,Staff Behaviour,2026-06-25
FB007654,WO015263,4,Staff Behaviour,2026-04-03
FB004147,WO008139,5,Service Quality,2025-09-23
FB005855,WO011644,5,Service Quality,2026-01-02
FB009305,WO018525,5,Staff Behaviour,2026-06-17
FB005279,WO010461,4,Service Quality,2025-11-28
FB005912,WO011764,5,Positive Experience,2026-01-05
FB000343,WO000673,5,Positive Experience,2025-02-03
FB006504,WO012935,3,Repeat Issue,2026-02-03
FB004774,WO009375,4,Positive Experience,2025-10-27
FB012120,WO023863,4,Positive Experience,2026-09-25
FB011453,WO022578,5,Positive Experience,2026-08-31
FB009086,WO018086,5,Positive Experience,2026-06-06
FB000102,WO000208,5,Positive Experience,2025-01-11
FB001180,WO002328,3,Turnaround Time,2025-04-08
FB007689,WO015334,4,Positive Experience,2026-04-06
FB007171,WO014262,4,Staff Behaviour,2026-03-10
FB000073,WO000143,3,Turnaround Time,2025-01-09
FB003238,WO006384,4,Positive Experience,2025-08-10
FB004357,WO008529,3,Turnaround Time,2025-10-06
FB000105,WO000214,4,Positive Experience,2025-01-11
FB007996,WO015910,3,Turnaround Time,2026-04-20
FB004242,WO008317,4,Positive Experience,2025-09-29
FB009354,WO018613,2,Turnaround Time,2026-06-18
FB003239,WO006385,5,Service Quality,2025-08-10
FB012025,WO023671,5,Staff Behaviour,2026-09-24
FB001853,WO003693,4,Positive Experience,2025-05-25
FB009315,WO018540,5,Positive Experience,2026-06-17
FB011319,WO022362,5,Positive Experience,2026-08-27
FB007675,WO015309,4,Positive Experience,2026-04-04
FB005537,WO010968,4,Positive Experience,2025-12-09
FB002793,WO005561,5,Positive Experience,2025-07-18
FB002233,WO004461,5,Positive Experience,2025-06-17
FB008868,WO017641,5,Positive Experience,2026-05-29
FB005254,WO010402,3,Parts Availability,2025-12-04
FB007502,WO014908,3,Pricing,2026-03-25
FB004615,WO009081,4,Service Quality,2025-10-23
FB003978,WO007821,4,Positive Experience,2025-09-13
FB006303,WO012510,4,Positive Experience,2026-01-22
FB011613,WO022894,4,Positive Experience,2026-09-08
FB003044,WO006053,3,Pricing,2025-07-31
FB001724,WO003429,4,Service Quality,2025-05-22
FB003850,WO007579,4,Positive Experience,2025-09-06
FB012037,WO023698,5,Positive Experience,2026-09-25
FB010642,WO021061,5,Service Quality,2026-08-02
FB009421,WO018756,4,Positive Experience,2026-06-20
FB011250,WO022234,3,Turnaround Time,2026-08-25
FB005069,WO009991,5,Positive Experience,2025-11-13
FB003683,WO007243,4,Staff Behaviour,2025-09-02
FB007507,WO014917,2,Parts Availability,2026-03-31
FB007511,WO014921,4,Service Quality,2026-03-27
FB011267,WO022266,4,Positive Experience,2026-08-27
FB010231,WO020269,3,Turnaround Time,2026-07-18
FB004267,WO008357,3,Turnaround Time,2025-09-30
FB007779,WO015506,3,Turnaround Time,2026-04-09
FB002547,WO005076,4,Staff Behaviour,2025-07-03
FB003379,WO006667,3,Parts Availability,2025-08-17
FB008810,WO017534,5,Service Quality,2026-05-28
FB005816,WO011566,4,Positive Experience,2025-12-29
FB002430,WO004856,4,Service Quality,2025-06-26
FB000817,WO001630,4,Positive Experience,2025-03-11
FB009731,WO019320,5,Service Quality,2026-07-03
FB003737,WO007344,4,Service Quality,2025-09-01
FB000423,WO000825,4,Positive Experience,2025-02-10
FB003731,WO007333,3,Communication,2025-09-03
FB009643,WO019170,3,Turnaround Time,2026-06-28
FB007750,WO015442,5,Positive Experience,2026-04-08
FB006664,WO013243,4,Service Quality,2026-02-11
FB003618,WO007122,2,Repeat Issue,2025-08-30
FB010564,WO020922,4,Service Quality,2026-08-01
FB004307,WO008432,5,Positive Experience,2025-10-01
FB004843,WO009520,5,Service Quality,2025-11-01
FB005372,WO010644,4,Positive Experience,2025-12-01
FB010711,WO021212,5,Service Quality,2026-08-07
FB011919,WO023467,5,Positive Experience,2026-09-20
FB009644,WO019171,4,Positive Experience,2026-06-28
FB008874,WO017647,4,Service Quality,2026-05-29
FB001176,WO002321,5,Positive Experience,2025-04-06
FB003703,WO007278,3,Turnaround Time,2025-09-02
FB005082,WO010016,5,Positive Experience,2025-11-16
FB007976,WO015874,4,Positive Experience,2026-04-17
FB003499,WO006893,4,Staff Behaviour,2025-08-22
FB009347,WO018601,3,Turnaround Time,2026-06-20
FB003069,WO006091,5,Positive Experience,2025-08-02
FB009404,WO018714,3,Turnaround Time,2026-06-20
FB011371,WO022443,3,Turnaround Time,2026-08-29
FB010731,WO021253,4,Staff Behaviour,2026-08-09
FB002409,WO004817,4,Positive Experience,2025-06-26
FB003898,WO007672,5,Positive Experience,2025-09-12
FB002605,WO005180,4,Positive Experience,2025-07-05
FB002368,WO004743,4,Positive Experience,2025-06-23
FB001482,WO002942,3,Turnaround Time,2025-04-27
FB010048,WO019917,2,Turnaround Time,2026-07-16
FB005485,WO010872,5,Positive Experience,2025-12-06
FB009130,WO018171,4,Positive Experience,2026-06-08
FB005111,WO010077,4,Staff Behaviour,2025-11-18
FB003250,WO006406,5,Positive Experience,2025-08-10
FB009321,WO018550,2,Turnaround Time,2026-06-18
FB011503,WO022678,5,Staff Behaviour,2026-09-05
FB005886,WO011706,5,Staff Behaviour,2026-01-02
FB006579,WO013084,5,Positive Experience,2026-02-08
FB004066,WO007983,3,Turnaround Time,2025-09-19
FB009561,WO019026,2,Parts Availability,2026-07-05
FB003529,WO006945,5,Positive Experience,2025-08-22
FB008538,WO017005,5,Positive Experience,2026-05-15
FB002190,WO004376,4,Positive Experience,2025-06-13
FB007589,WO015109,5,Service Quality,2026-03-28
FB011765,WO023167,4,Staff Behaviour,2026-09-14
FB008454,WO016828,5,Positive Experience,2026-05-13
FB006033,WO011989,4,Positive Experience,2026-01-11
FB006755,WO013419,4,Staff Behaviour,2026-02-15
FB010521,WO020854,5,Positive Experience,2026-07-30
FB011228,WO022197,5,Staff Behaviour,2026-08-25
FB002280,WO004554,5,Staff Behaviour,2025-06-20
FB007816,WO015575,5,Positive Experience,2026-04-10
FB008450,WO016823,4,Service Quality,2026-05-09
FB007633,WO015226,4,Positive Experience,2026-04-02
FB012188,WO023976,5,Positive Experience,2026-10-01
FB006982,WO013880,4,Staff Behaviour,2026-03-01
FB008176,WO016262,5,Service Quality,2026-04-28
FB012033,WO023690,5,Positive Experience,2026-09-25
FB010173,WO020162,5,Positive Experience,2026-07-17
FB004883,WO009610,4,Positive Experience,2025-11-03
FB009158,WO018229,3,Turnaround Time,2026-06-12
FB007398,WO014693,4,Service Quality,2026-03-19
FB010795,WO021386,4,Positive Experience,2026-08-11
FB004933,WO009701,5,Staff Behaviour,2025-11-05
FB009178,WO018276,4,Positive Experience,2026-06-13
FB006960,WO013836,3,Staff Behaviour,2026-02-27
FB006966,WO013848,3,Turnaround Time,2026-03-02
FB001924,WO003842,3,Parts Availability,2025-06-01
FB009824,WO019509,3,Turnaround Time,2026-07-06
FB003718,WO007309,2,Turnaround Time,2025-09-04
FB002223,WO004438,5,Positive Experience,2025-06-17
FB010121,WO020065,5,Positive Experience,2026-07-16
FB003852,WO007584,4,Positive Experience,2025-09-07
FB000291,WO000570,5,Positive Experience,2025-01-30
FB000467,WO000892,3,Turnaround Time,2025-02-13
FB000869,WO001715,5,Positive Experience,2025-03-17
FB007775,WO015500,4,Staff Behaviour,2026-04-10
FB001282,WO002559,3,Turnaround Time,2025-04-17
FB010474,WO020767,3,Turnaround Time,2026-07-30
FB005659,WO011230,4,Staff Behaviour,2025-12-16
FB001077,WO002125,4,Positive Experience,2025-03-28
FB003344,WO006586,3,Pricing,2025-08-15
FB004323,WO008472,4,Positive Experience,2025-10-05
FB011511,WO022694,4,Service Quality,2026-09-03
FB011084,WO021931,5,Service Quality,2026-08-21
FB007577,WO015065,5,Staff Behaviour,2026-03-27
FB005264,WO010428,5,Positive Experience,2025-11-25
FB008325,WO016573,3,Turnaround Time,2026-05-04
FB008125,WO016162,4,Positive Experience,2026-04-24
FB004240,WO008313,2,Turnaround Time,2025-09-30
FB008532,WO016995,3,Repeat Issue,2026-05-15
FB001227,WO002437,5,Positive Experience,2025-04-11
FB006783,WO013481,4,Service Quality,2026-02-19
FB011857,WO023339,3,Parts Availability,2026-09-22
FB001685,WO003337,5,Staff Behaviour,2025-05-13
FB008257,WO016437,4,Positive Experience,2026-05-02
FB002328,WO004660,3,Turnaround Time,2025-06-23
FB001117,WO002207,5,Positive Experience,2025-04-02
FB005384,WO010666,4,Positive Experience,2025-12-02
FB007058,WO014036,4,Positive Experience,2026-03-04
FB001855,WO003696,4,Staff Behaviour,2025-05-26
FB001234,WO002450,5,Service Quality,2025-04-11
FB011850,WO023325,4,Positive Experience,2026-09-16
FB011064,WO021882,4,Positive Experience,2026-08-18
FB006873,WO013667,5,Staff Behaviour,2026-02-23
FB010325,WO020468,4,Positive Experience,2026-07-25
FB006900,WO013710,5,Positive Experience,2026-02-26
FB007542,WO014999,5,Service Quality,2026-03-29
FB006804,WO013524,3,Turnaround Time,2026-02-19
FB003772,WO007416,5,Staff Behaviour,2025-09-03
FB009479,WO018862,3,Turnaround Time,2026-06-22
FB005172,WO010215,5,Positive Experience,2025-11-21
FB003620,WO007127,5,Staff Behaviour,2025-08-29
FB011832,WO023283,3,Pricing,2026-09-14
FB006509,WO012943,4,Positive Experience,2026-02-05
FB009516,WO018938,5,Positive Experience,2026-06-23
FB006597,WO013112,4,Staff Behaviour,2026-02-10
FB001847,WO003683,5,Positive Experience,2025-05-25
FB000561,WO001114,5,Positive Experience,2025-02-19
FB005031,WO009916,5,Positive Experience,2025-11-14
FB010380,WO020580,5,Positive Experience,2026-07-27
FB001411,WO002786,4,Staff Behaviour,2025-04-22
FB012227,WO024040,5,Service Quality,2026-10-02
FB010324,WO020467,4,Service Quality,2026-07-22
FB010512,WO020843,3,Turnaround Time,2026-07-28
FB003861,WO007598,4,Service Quality,2025-09-09
FB005610,WO011125,4,Positive Experience,2025-12-15
FB006922,WO013755,3,Turnaround Time,2026-02-27
FB002246,WO004479,3,Turnaround Time,2025-06-17
FB004787,WO009403,3,Parts Availability,2025-11-12
FB000016,WO000028,3,Parts Availability,2025-01-04
FB012075,WO023775,5,Positive Experience,2026-09-27
FB006400,WO012718,4,Staff Behaviour,2026-01-29
FB000114,WO000235,3,Turnaround Time,2025-01-16
FB000599,WO001182,3,Repeat Issue,2025-02-24
FB010005,WO019850,4,Service Quality,2026-07-12
FB007519,WO014942,3,Turnaround Time,2026-03-26
FB003093,WO006126,5,Positive Experience,2025-08-03
FB008343,WO016612,5,Positive Experience,2026-05-05
FB006940,WO013794,5,Positive Experience,2026-03-01
FB004974,WO009791,5,Positive Experience,2025-11-10
FB003622,WO007129,3,Parts Availability,2025-09-14
FB010926,WO021636,4,Positive Experience,2026-08-14
FB002938,WO005851,5,Positive Experience,2025-07-25
FB008703,WO017316,3,Staff Behaviour,2026-05-20
FB009414,WO018744,3,Repeat Issue,2026-06-19
FB009035,WO017969,3,Repeat Issue,2026-06-04
FB011374,WO022447,3,Turnaround Time,2026-08-31
FB000692,WO001376,4,Positive Experience,2025-03-03
FB001245,WO002479,4,Positive Experience,2025-04-13
FB003733,WO007336,3,Turnaround Time,2025-09-02
FB001958,WO003915,5,Positive Experience,2025-06-01
FB005769,WO011465,4,Positive Experience,2025-12-25
FB005685,WO011276,5,Positive Experience,2025-12-18
FB002040,WO004097,5,Service Quality,2025-06-04
FB000819,WO001635,5,Positive Experience,2025-03-14
FB011014,WO021785,4,Positive Experience,2026-08-18
FB006606,WO013125,5,Positive Experience,2026-02-07
FB000773,WO001535,4,Positive Experience,2025-03-09
FB000365,WO000712,4,Staff Behaviour,2025-02-03
FB010725,WO021238,5,Positive Experience,2026-08-05
FB001884,WO003748,5,Service Quality,2025-05-27
FB010286,WO020380,4,Staff Behaviour,2026-07-22
FB001747,WO003479,4,Positive Experience,2025-05-19
FB007329,WO014558,4,Positive Experience,2026-03-14
FB000346,WO000676,4,Staff Behaviour,2025-01-31
FB010963,WO021703,4,Positive Experience,2026-08-16
FB005288,WO010475,3,Pricing,2025-11-26
FB002700,WO005371,4,Positive Experience,2025-07-12
FB007200,WO014312,5,Positive Experience,2026-03-12
FB010264,WO020339,3,Turnaround Time,2026-07-22
FB003119,WO006179,5,Positive Experience,2025-08-03
FB007928,WO015782,5,Positive Experience,2026-04-15
FB005086,WO010028,4,Positive Experience,2025-11-15
FB010774,WO021346,4,Positive Experience,2026-08-07
FB000670,WO001331,4,Positive Experience,2025-02-28
FB007846,WO015635,4,Positive Experience,2026-04-10
FB007037,WO013987,3,Parts Availability,2026-03-08
FB004887,WO009616,4,Positive Experience,2025-11-05
FB002203,WO004406,4,Positive Experience,2025-06-15
FB010767,WO021334,5,Positive Experience,2026-08-07
FB011670,WO023008,4,Staff Behaviour,2026-09-11
FB008917,WO017725,2,Communication,2026-05-29
FB009678,WO019228,5,Service Quality,2026-06-28
FB005918,WO011776,3,Turnaround Time,2026-01-05
FB008387,WO016698,4,Service Quality,2026-05-08
FB008006,WO015933,5,Service Quality,2026-04-21
FB004351,WO008517,4,Positive Experience,2025-10-04
FB005141,WO010146,5,Service Quality,2025-11-18
FB008718,WO017352,4,Positive Experience,2026-05-21
FB008366,WO016652,4,Positive Experience,2026-05-06
FB006433,WO012776,4,Positive Experience,2026-01-31
FB007169,WO014260,5,Positive Experience,2026-03-09
FB011728,WO023109,3,Turnaround Time,2026-09-12
FB004146,WO008138,4,Positive Experience,2025-09-23
FB010559,WO020916,3,Parts Availability,2026-08-07
FB011255,WO022242,4,Service Quality,2026-08-25
FB010835,WO021452,5,Service Quality,2026-08-13
FB007372,WO014646,5,Positive Experience,2026-03-17
FB005839,WO011620,5,Positive Experience,2025-12-30
FB009120,WO018148,4,Positive Experience,2026-06-11
FB000715,WO001420,4,Service Quality,2025-03-04
FB009742,WO019338,3,Turnaround Time,2026-07-03
FB000432,WO000840,4,Positive Experience,2025-02-09
FB002909,WO005796,4,Positive Experience,2025-07-22
FB006624,WO013162,4,Staff Behaviour,2026-02-18
FB008929,WO017755,5,Service Quality,2026-05-30
FB003831,WO007537,4,Positive Experience,2025-09-09
FB007458,WO014838,2,Turnaround Time,2026-03-21
FB004985,WO009823,5,Service Quality,2025-11-10
FB001579,WO003108,5,Positive Experience,2025-05-05
FB002636,WO005249,5,Service Quality,2025-07-08
FB011973,WO023589,3,Turnaround Time,2026-09-20
FB007634,WO015227,5,Positive Experience,2026-04-02
FB006098,WO012099,4,Positive Experience,2026-01-12
FB004245,WO008324,3,Turnaround Time,2025-09-29
FB011273,WO022279,4,Positive Experience,2026-08-28
FB007745,WO015428,4,Positive Experience,2026-04-09
FB003329,WO006553,3,Turnaround Time,2025-08-13
FB005988,WO011909,4,Service Quality,2026-01-06
FB009443,WO018792,3,Turnaround Time,2026-06-23
FB007144,WO014213,3,Turnaround Time,2026-03-08
FB004653,WO009144,3,Turnaround Time,2025-10-22
FB003202,WO006319,5,Service Quality,2025-08-06
FB003873,WO007626,4,Service Quality,2025-09-11
FB002993,WO005947,5,Positive Experience,2025-07-26
FB011365,WO022434,4,Service Quality,2026-08-31
FB011795,WO023219,4,Positive Experience,2026-09-15
FB011387,WO022468,3,Turnaround Time,2026-08-30
FB003968,WO007804,5,Service Quality,2025-09-13
FB005868,WO011674,5,Positive Experience,2026-01-01
FB005971,WO011882,4,Positive Experience,2026-01-05
FB007158,WO014235,3,Turnaround Time,2026-03-10
FB000137,WO000289,5,Positive Experience,2025-01-14
FB000577,WO001138,5,Positive Experience,2025-02-21
FB002514,WO005005,4,Positive Experience,2025-07-04
FB000367,WO000718,5,Positive Experience,2025-02-05
FB004778,WO009382,4,Service Quality,2025-10-27
FB005935,WO011799,3,Turnaround Time,2026-01-04
FB009767,WO019387,4,Positive Experience,2026-07-05
FB010488,WO020789,3,Turnaround Time,2026-07-29
FB011392,WO022477,5,Positive Experience,2026-08-30
FB008795,WO017502,4,Service Quality,2026-05-24
FB003826,WO007530,4,Positive Experience,2025-09-06
FB007587,WO015100,2,Turnaround Time,2026-03-28
FB012202,WO023999,3,Turnaround Time,2026-09-28
FB004826,WO009495,4,Positive Experience,2025-11-02
FB006335,WO012581,4,Service Quality,2026-01-24
FB006761,WO013434,4,Positive Experience,2026-02-17
FB009572,WO019052,4,Service Quality,2026-06-26
FB005358,WO010620,2,Parts Availability,2025-12-06
FB010499,WO020816,4,Service Quality,2026-07-29
FB008247,WO016416,4,Service Quality,2026-04-29
FB009412,WO018736,5,Positive Experience,2026-06-19
FB006250,WO012399,5,Positive Experience,2026-01-22
FB002174,WO004344,4,Positive Experience,2025-06-12
FB003425,WO006758,5,Positive Experience,2025-08-19
FB006729,WO013371,3,Communication,2026-02-15
FB006670,WO013252,4,Staff Behaviour,2026-02-11
FB001337,WO002657,5,Service Quality,2025-04-20
FB010435,WO020679,4,Positive Experience,2026-07-25
FB006029,WO011982,4,Service Quality,2026-01-08
FB010341,WO020504,3,Turnaround Time,2026-07-24
FB006988,WO013896,5,Service Quality,2026-03-02
FB000436,WO000846,4,Positive Experience,2025-02-09
FB012030,WO023684,4,Positive Experience,2026-09-22
FB001932,WO003865,3,Parts Availability,2025-06-07
FB008706,WO017328,4,Positive Experience,2026-05-20
FB007557,WO015026,4,Positive Experience,2026-03-27
FB011151,WO022060,4,Staff Behaviour,2026-08-23
FB011354,WO022421,2,Turnaround Time,2026-08-30
FB007102,WO014124,3,Turnaround Time,2026-03-07
FB009718,WO019299,3,Turnaround Time,2026-07-03
FB009507,WO018918,3,Turnaround Time,2026-06-25
FB000768,WO001527,5,Positive Experience,2025-03-07
FB012129,WO023876,2,Repeat Issue,2026-09-28
FB007396,WO014691,5,Positive Experience,2026-03-20
FB012147,WO023903,3,Repeat Issue,2026-09-28
FB006196,WO012288,5,Service Quality,2026-01-16
FB010243,WO020289,3,Turnaround Time,2026-07-18
FB006445,WO012808,5,Positive Experience,2026-02-01
FB007672,WO015304,5,Positive Experience,2026-04-04
FB011707,WO023073,5,Service Quality,2026-09-13
FB007946,WO015817,5,Staff Behaviour,2026-04-18
FB011216,WO022174,4,Positive Experience,2026-08-27
FB004076,WO007997,4,Positive Experience,2025-09-19
FB011338,WO022396,4,Positive Experience,2026-08-27
FB008476,WO016880,5,Positive Experience,2026-05-09
FB006816,WO013545,4,Service Quality,2026-02-19
FB009553,WO019009,4,Positive Experience,2026-06-25
FB010000,WO019842,5,Service Quality,2026-07-11
FB004009,WO007894,4,Staff Behaviour,2025-09-16
FB000549,WO001081,5,Service Quality,2025-02-20
FB010520,WO020853,3,Pricing,2026-07-30
FB010310,WO020429,5,Positive Experience,2026-07-24
FB003295,WO006488,3,Turnaround Time,2025-08-11
FB001164,WO002302,3,Repeat Issue,2025-04-05
FB011557,WO022790,4,Positive Experience,2026-09-06
FB004804,WO009446,5,Positive Experience,2025-10-29
FB005453,WO010810,5,Service Quality,2025-12-05
FB009062,WO018025,4,Positive Experience,2026-06-07
FB002832,WO005644,3,Turnaround Time,2025-07-20
FB009549,WO018999,5,Staff Behaviour,2026-06-24
FB006231,WO012369,4,Positive Experience,2026-01-22
FB010589,WO020961,4,Positive Experience,2026-07-31
FB010500,WO020817,4,Positive Experience,2026-07-30
FB006773,WO013459,4,Staff Behaviour,2026-02-17
FB003667,WO007216,4,Positive Experience,2025-09-01
FB012010,WO023652,3,Turnaround Time,2026-09-21
FB009959,WO019766,4,Positive Experience,2026-07-12
FB005517,WO010931,4,Positive Experience,2025-12-08
FB005675,WO011255,5,Positive Experience,2025-12-18
FB008747,WO017414,2,Turnaround Time,2026-05-25
FB011923,WO023477,4,Positive Experience,2026-09-18
FB008100,WO016114,5,Service Quality,2026-04-25
FB004136,WO008117,3,Turnaround Time,2025-09-22
FB002585,WO005140,3,Turnaround Time,2025-07-05
FB002727,WO005432,5,Positive Experience,2025-07-12
FB007282,WO014470,4,Staff Behaviour,2026-03-15
FB008987,WO017874,4,Service Quality,2026-06-03
FB004604,WO009053,3,Turnaround Time,2025-10-18
FB011866,WO023355,2,Turnaround Time,2026-09-16
FB002389,WO004780,4,Positive Experience,2025-06-25
FB002881,WO005742,3,Repeat Issue,2025-07-24
FB010366,WO020552,4,Service Quality,2026-07-26
FB003710,WO007290,4,Positive Experience,2025-09-01
FB010843,WO021471,4,Service Quality,2026-08-10
FB003032,WO006025,3,Turnaround Time,2025-07-30
FB009204,WO018324,4,Positive Experience,2026-06-13
FB004601,WO009045,3,Pricing,2025-10-18
FB009538,WO018985,3,Parts Availability,2026-06-29
FB007176,WO014273,4,Positive Experience,2026-03-10
FB001020,WO001997,5,Service Quality,2025-03-25
FB009013,WO017926,3,Turnaround Time,2026-06-03
FB005709,WO011327,5,Positive Experience,2025-12-19
FB004646,WO009133,4,Positive Experience,2025-10-21
FB002535,WO005059,4,Service Quality,2025-07-04
FB002088,WO004186,3,Staff Behaviour,2025-06-09
FB005835,WO011608,3,Parts Availability,2026-01-06
FB009302,WO018521,2,Turnaround Time,2026-06-17
FB010415,WO020648,4,Positive Experience,2026-07-27
FB010632,WO021048,4,Positive Experience,2026-08-04
FB009593,WO019089,3,Parts Availability,2026-06-30
FB000199,WO000399,4,Positive Experience,2025-01-18
FB007665,WO015287,4,Positive Experience,2026-04-04
FB009906,WO019656,4,Positive Experience,2026-07-08
FB001408,WO002783,5,Staff Behaviour,2025-04-25
FB006041,WO012003,5,Positive Experience,2026-01-08
FB001814,WO003616,5,Positive Experience,2025-05-22
FB003719,WO007310,5,Positive Experience,2025-08-30
FB005826,WO011590,4,Positive Experience,2025-12-28
FB011513,WO022696,3,Turnaround Time,2026-09-06
FB002733,WO005444,4,Positive Experience,2025-07-14
FB011272,WO022278,4,Service Quality,2026-08-28
FB010956,WO021695,3,Turnaround Time,2026-08-14
FB009482,WO018870,4,Staff Behaviour,2026-06-25
FB008398,WO016721,4,Staff Behaviour,2026-05-08
FB011484,WO022637,5,Positive Experience,2026-09-03
FB012263,WO024109,4,Positive Experience,2026-10-03
FB011520,WO022713,4,Service Quality,2026-09-05
FB001154,WO002286,4,Positive Experience,2025-04-05
FB003073,WO006096,2,Parts Availability,2025-08-13
FB004014,WO007901,4,Service Quality,2025-09-18
FB006788,WO013492,3,Pricing,2026-02-19
FB004770,WO009366,4,Positive Experience,2025-10-27
FB004055,WO007970,2,Turnaround Time,2025-09-18
FB000256,WO000501,4,Service Quality,2025-01-27
FB004561,WO008951,5,Positive Experience,2025-10-17
FB006032,WO011987,4,Positive Experience,2026-01-09
FB009531,WO018968,4,Service Quality,2026-06-24
FB004297,WO008412,3,Pricing,2025-10-01
FB002704,WO005378,2,Parts Availability,2025-07-24
FB010276,WO020361,3,Repeat Issue,2026-07-20
FB010587,WO020959,5,Service Quality,2026-08-03
FB001150,WO002276,5,Positive Experience,2025-04-04
FB000581,WO001143,5,Staff Behaviour,2025-02-19
FB003390,WO006683,5,Positive Experience,2025-08-16
FB009636,WO019163,4,Positive Experience,2026-06-30
FB009470,WO018845,2,Parts Availability,2026-06-30
FB011147,WO022055,3,Parts Availability,2026-08-25
FB003097,WO006131,5,Positive Experience,2025-08-03
FB000003,WO000004,3,Communication,2025-01-04
FB004600,WO009043,5,Service Quality,2025-10-19
FB005433,WO010768,4,Positive Experience,2025-12-07
FB003815,WO007505,4,Positive Experience,2025-09-07
FB006714,WO013349,5,Service Quality,2026-02-14
FB010704,WO021196,4,Service Quality,2026-08-06
FB007237,WO014386,4,Positive Experience,2026-03-14
FB005856,WO011645,4,Positive Experience,2025-12-31
FB006961,WO013839,3,Parts Availability,2026-02-28
FB011799,WO023223,4,Positive Experience,2026-09-15
FB008510,WO016954,2,Repeat Issue,2026-05-12
FB000355,WO000692,5,Staff Behaviour,2025-02-04
FB003433,WO006774,4,Service Quality,2025-08-21
FB009496,WO018898,5,Positive Experience,2026-06-22
FB004433,WO008691,4,Positive Experience,2025-10-08
FB007666,WO015290,4,Service Quality,2026-04-04
FB002312,WO004624,5,Positive Experience,2025-06-20
FB011860,WO023344,4,Positive Experience,2026-09-15
FB008658,WO017234,3,Turnaround Time,2026-05-19
FB008070,WO016058,3,Turnaround Time,2026-04-24
FB002619,WO005220,3,Turnaround Time,2025-07-07
FB009181,WO018281,5,Service Quality,2026-06-10
FB001351,WO002682,5,Service Quality,2025-04-21
FB012082,WO023789,5,Positive Experience,2026-09-24
FB001916,WO003829,5,Staff Behaviour,2025-05-29
FB000322,WO000628,4,Positive Experience,2025-01-29
FB000505,WO000988,5,Service Quality,2025-02-16
FB003665,WO007212,5,Positive Experience,2025-08-29
FB010333,WO020492,2,Turnaround Time,2026-07-25
FB010496,WO020807,4,Staff Behaviour,2026-07-30
FB004792,WO009414,3,Communication,2025-10-29
FB011526,WO022731,4,Service Quality,2026-09-08
FB002567,WO005109,4,Positive Experience,2025-07-05
FB002974,WO005924,4,Service Quality,2025-07-27
FB011966,WO023577,1,Repeat Issue,2026-09-20
FB001775,WO003543,4,Service Quality,2025-05-17
FB005863,WO011655,2,Parts Availability,2026-01-05
FB003220,WO006350,5,Service Quality,2025-08-07
FB007194,WO014303,4,Positive Experience,2026-03-13
FB007943,WO015813,4,Service Quality,2026-04-18
FB011040,WO021829,3,Parts Availability,2026-08-28
FB002726,WO005431,4,Positive Experience,2025-07-12
FB000172,WO000349,5,Positive Experience,2025-01-18
FB002787,WO005539,3,Parts Availability,2025-07-23
FB008630,WO017171,5,Service Quality,2026-05-18
FB005730,WO011365,3,Pricing,2025-12-21
FB002348,WO004703,4,Service Quality,2025-06-22
FB011133,WO022020,3,Turnaround Time,2026-08-20
FB005498,WO010901,4,Service Quality,2025-12-11
FB005963,WO011865,4,Positive Experience,2026-01-05
FB002309,WO004620,4,Service Quality,2025-06-20
FB007164,WO014246,4,Service Quality,2026-03-10
FB004354,WO008521,4,Positive Experience,2025-10-05
FB006762,WO013436,5,Positive Experience,2026-02-17
FB003436,WO006779,4,Positive Experience,2025-08-20
FB012236,WO024066,4,Service Quality,2026-10-01
FB000488,WO000950,4,Positive Experience,2025-02-14
FB000296,WO000578,4,Positive Experience,2025-01-29
FB001372,WO002721,4,Positive Experience,2025-04-21
FB000570,WO001127,5,Positive Experience,2025-02-21
FB010062,WO019946,4,Service Quality,2026-07-15
FB009295,WO018512,5,Positive Experience,2026-06-18
FB010046,WO019914,4,Positive Experience,2026-07-11
FB007746,WO015430,5,Staff Behaviour,2026-04-09
FB009757,WO019368,5,Positive Experience,2026-07-01
FB006132,WO012175,5,Positive Experience,2026-01-13
FB004352,WO008518,5,Positive Experience,2025-10-04
FB011695,WO023059,4,Staff Behaviour,2026-09-09
FB005480,WO010864,3,Turnaround Time,2025-12-07
FB000500,WO000979,4,Positive Experience,2025-02-14
FB008927,WO017752,5,Positive Experience,2026-05-31
FB008705,WO017320,3,Communication,2026-05-22
FB002803,WO005580,5,Positive Experience,2025-07-18
FB006792,WO013499,4,Positive Experience,2026-02-19
FB001808,WO003601,4,Positive Experience,2025-05-20
FB009821,WO019503,4,Service Quality,2026-07-03
FB008317,WO016563,4,Service Quality,2026-05-03
FB011786,WO023206,4,Staff Behaviour,2026-09-16
FB003991,WO007848,2,Turnaround Time,2025-09-17
FB005210,WO010297,5,Staff Behaviour,2025-11-24
FB002192,WO004382,4,Positive Experience,2025-06-12
FB004542,WO008912,4,Staff Behaviour,2025-10-14
FB008673,WO017269,5,Staff Behaviour,2026-05-19
FB007766,WO015478,4,Positive Experience,2026-04-07
FB007217,WO014347,5,Positive Experience,2026-03-11
FB001081,WO002133,5,Staff Behaviour,2025-03-28
FB005819,WO011575,4,Positive Experience,2025-12-30
FB012080,WO023784,4,Positive Experience,2026-09-25
FB001496,WO002965,3,Pricing,2025-04-28
FB007862,WO015663,4,Positive Experience,2026-04-14
FB000967,WO001901,5,Service Quality,2025-03-22
FB010997,WO021756,4,Staff Behaviour,2026-08-18
FB005251,WO010397,2,Turnaround Time,2025-11-25
FB009878,WO019593,2,Repeat Issue,2026-07-08
FB007039,WO013993,3,Turnaround Time,2026-03-03
FB004586,WO009011,5,Positive Experience,2025-10-19
FB004506,WO008844,3,Turnaround Time,2025-10-16
FB000972,WO001912,4,Positive Experience,2025-03-23
FB005575,WO011046,5,Service Quality,2025-12-13
FB002205,WO004409,4,Positive Experience,2025-06-14
FB003184,WO006286,4,Positive Experience,2025-08-07
FB004031,WO007929,3,Communication,2025-09-20
FB008354,WO016629,3,Turnaround Time,2026-05-07
FB005289,WO010477,4,Staff Behaviour,2025-11-28
FB005095,WO010045,5,Positive Experience,2025-11-17
FB007365,WO014631,3,Turnaround Time,2026-03-17
FB011571,WO022815,4,Positive Experience,2026-09-05
FB004977,WO009796,5,Service Quality,2025-11-09
FB009358,WO018619,4,Positive Experience,2026-06-20
FB002679,WO005335,3,Staff Behaviour,2025-07-13
FB005365,WO010636,3,Turnaround Time,2025-12-03
FB001741,WO003465,4,Positive Experience,2025-05-17
FB004176,WO008193,5,Positive Experience,2025-09-24
FB008017,WO015956,5,Positive Experience,2026-04-21
FB001065,WO002096,4,Positive Experience,2025-03-28
FB010177,WO020168,5,Positive Experience,2026-07-18
FB000555,WO001097,5,Positive Experience,2025-02-19
FB009121,WO018151,5,Positive Experience,2026-06-11
FB002522,WO005026,5,Positive Experience,2025-07-03
FB011843,WO023307,5,Service Quality,2026-09-17
FB001565,WO003080,4,Positive Experience,2025-05-04
FB009191,WO018297,4,Service Quality,2026-06-14
FB010319,WO020457,4,Service Quality,2026-07-22
FB003330,WO006559,3,Repeat Issue,2025-08-15
FB012072,WO023766,4,Positive Experience,2026-09-24
FB007655,WO015266,4,Service Quality,2026-04-02
FB011771,WO023176,3,Turnaround Time,2026-09-15
FB005017,WO009888,3,Parts Availability,2025-11-21
FB012161,WO023936,3,Turnaround Time,2026-09-28
FB008871,WO017644,3,Turnaround Time,2026-05-27
FB009250,WO018420,3,Turnaround Time,2026-06-13
FB004918,WO009676,5,Staff Behaviour,2025-11-07
FB009132,WO018174,2,Turnaround Time,2026-06-08
FB000449,WO000866,5,Staff Behaviour,2025-02-08
FB009642,WO019169,2,Repeat Issue,2026-06-29
FB003892,WO007660,4,Service Quality,2025-09-11
FB010279,WO020366,5,Positive Experience,2026-07-22
FB003776,WO007425,4,Positive Experience,2025-09-06
FB008358,WO016635,5,Positive Experience,2026-05-04
FB003321,WO006538,4,Positive Experience,2025-08-12
FB003828,WO007532,4,Positive Experience,2025-09-09
FB004994,WO009844,4,Positive Experience,2025-11-09
FB003274,WO006451,5,Positive Experience,2025-08-11
FB007371,WO014645,4,Service Quality,2026-03-20
FB003775,WO007424,3,Pricing,2025-09-04
FB007177,WO014275,5,Positive Experience,2026-03-10
FB012162,WO023937,3,Turnaround Time,2026-09-29
FB003822,WO007518,3,Turnaround Time,2025-09-06
FB010329,WO020477,4,Service Quality,2026-07-22
FB003880,WO007640,4,Positive Experience,2025-09-09
FB007214,WO014341,5,Positive Experience,2026-03-11
FB001671,WO003304,5,Positive Experience,2025-05-12
FB003276,WO006453,5,Positive Experience,2025-08-12
FB002761,WO005489,5,Service Quality,2025-07-14
FB003080,WO006109,5,Positive Experience,2025-07-31
FB000329,WO000643,2,Turnaround Time,2025-02-01
FB002452,WO004894,3,Turnaround Time,2025-06-29
FB002764,WO005492,4,Positive Experience,2025-07-14
FB003940,WO007763,3,Turnaround Time,2025-09-12
FB002201,WO004401,3,Pricing,2025-06-13
FB000015,WO000025,4,Positive Experience,2025-01-04
FB009409,WO018726,4,Positive Experience,2026-06-20
FB004104,WO008061,3,Turnaround Time,2025-09-23
FB002374,WO004749,5,Staff Behaviour,2025-06-26
FB007488,WO014885,4,Positive Experience,2026-03-24
FB000600,WO001183,3,Pricing,2025-02-21
FB010544,WO020891,4,Service Quality,2026-08-01
FB010934,WO021652,4,Positive Experience,2026-08-15
FB008821,WO017560,4,Positive Experience,2026-05-27
FB010453,WO020713,2,Repeat Issue,2026-07-30
FB007942,WO015812,4,Positive Experience,2026-04-15
FB007430,WO014786,5,Positive Experience,2026-03-23
FB008428,WO016783,3,Turnaround Time,2026-05-09
FB008258,WO016439,4,Positive Experience,2026-05-01
FB008460,WO016837,3,Turnaround Time,2026-05-11
FB008339,WO016598,4,Staff Behaviour,2026-05-04
FB006144,WO012195,4,Positive Experience,2026-01-15
FB009286,WO018492,4,Positive Experience,2026-06-25
FB010123,WO020069,4,Positive Experience,2026-07-17
FB000666,WO001314,4,Positive Experience,2025-03-01
FB003409,WO006729,4,Positive Experience,2025-08-16
FB006267,WO012433,5,Staff Behaviour,2026-01-21
FB010507,WO020835,3,Staff Behaviour,2026-07-29
FB011193,WO022134,3,Turnaround Time,2026-08-22
FB005646,WO011201,5,Positive Experience,2025-12-16
FB008900,WO017696,4,Service Quality,2026-05-31
FB004010,WO007897,5,Service Quality,2025-09-19
FB002384,WO004769,5,Positive Experience,2025-06-25
FB003804,WO007489,3,Parts Availability,2025-09-23
FB006879,WO013678,4,Positive Experience,2026-02-23
FB010753,WO021303,4,Service Quality,2026-08-10
FB000511,WO001002,5,Staff Behaviour,2025-02-14
FB003696,WO007261,3,Turnaround Time,2025-08-30
FB004378,WO008563,4,Staff Behaviour,2025-10-04
FB011722,WO023099,4,Service Quality,2026-09-13
FB009234,WO018390,5,Service Quality,2026-06-13
FB000350,WO000685,2,Repeat Issue,2025-02-01
FB008281,WO016490,3,Parts Availability,2026-05-06
FB011372,WO022444,4,Service Quality,2026-08-28
FB005532,WO010958,5,Positive Experience,2025-12-12
FB011933,WO023499,4,Service Quality,2026-09-19
FB000339,WO000666,3,Staff Behaviour,2025-01-31
FB002791,WO005554,4,Positive Experience,2025-07-18
FB009544,WO018992,4,Positive Experience,2026-06-24
FB003576,WO007038,4,Positive Experience,2025-08-28
FB010490,WO020794,4,Service Quality,2026-07-28
FB005351,WO010601,5,Positive Experience,2025-11-30
FB011835,WO023291,2,Turnaround Time,2026-09-15
FB002555,WO005089,4,Positive Experience,2025-07-04
FB010955,WO021691,3,Turnaround Time,2026-08-14
FB002191,WO004381,4,Positive Experience,2025-06-14
FB000917,WO001805,4,Staff Behaviour,2025-03-19
FB009921,WO019689,5,Staff Behaviour,2026-07-09
FB009575,WO019058,4,Positive Experience,2026-06-27
FB006529,WO012978,5,Positive Experience,2026-02-04
FB000386,WO000751,3,Turnaround Time,2025-02-07
FB009119,WO018145,4,Service Quality,2026-06-10
FB000816,WO001628,5,Service Quality,2025-03-11
FB005093,WO010042,4,Service Quality,2025-11-14
FB005669,WO011244,4,Positive Experience,2025-12-19
FB001106,WO002182,1,Parts Availability,2025-04-09
FB001927,WO003858,4,Positive Experience,2025-05-29
FB000128,WO000266,5,Service Quality,2025-01-14
FB001616,WO003193,4,Staff Behaviour,2025-05-06
FB004904,WO009649,4,Positive Experience,2025-11-03
FB005910,WO011758,5,Positive Experience,2026-01-04
FB008001,WO015918,5,Positive Experience,2026-04-19
FB008230,WO016372,4,Staff Behaviour,2026-04-30
FB007887,WO015718,5,Service Quality,2026-04-16
FB003624,WO007133,3,Repeat Issue,2025-08-27
FB012178,WO023964,3,Turnaround Time,2026-09-28
FB006271,WO012443,3,Repeat Issue,2026-01-24
FB002998,WO005956,3,Turnaround Time,2025-07-28
FB000072,WO000142,4,Positive Experience,2025-01-08
FB006081,WO012072,4,Positive Experience,2026-01-10
FB006491,WO012904,5,Positive Experience,2026-02-05
FB010402,WO020615,5,Positive Experience,2026-07-25
FB006963,WO013843,4,Positive Experience,2026-02-28
FB006537,WO012995,4,Service Quality,2026-02-06
FB002129,WO004260,4,Positive Experience,2025-06-12
FB008792,WO017494,3,Turnaround Time,2026-05-25
FB000926,WO001823,5,Positive Experience,2025-03-21
FB001935,WO003868,5,Positive Experience,2025-05-31
FB001145,WO002262,5,Positive Experience,2025-04-04
FB003315,WO006526,4,Positive Experience,2025-08-13
FB007947,WO015820,4,Service Quality,2026-04-16
FB002162,WO004324,5,Service Quality,2025-06-12
FB001613,WO003188,4,Positive Experience,2025-05-06
FB008412,WO016756,4,Positive Experience,2026-05-10
FB009579,WO019063,2,Turnaround Time,2026-06-25
FB000218,WO000434,5,Staff Behaviour,2025-01-23
FB001285,WO002563,4,Positive Experience,2025-04-16
FB010148,WO020113,3,Turnaround Time,2026-07-17
FB009949,WO019748,4,Positive Experience,2026-07-12
FB011467,WO022607,3,Turnaround Time,2026-09-04
FB007761,WO015470,4,Positive Experience,2026-04-10
FB005124,WO010108,4,Positive Experience,2025-11-17
FB008121,WO016152,4,Positive Experience,2026-04-23
FB005097,WO010048,4,Staff Behaviour,2025-11-18
FB008128,WO016171,4,Positive Experience,2026-04-26
FB011287,WO022304,4,Positive Experience,2026-08-27
FB006824,WO013572,3,Staff Behaviour,2026-02-21
FB011981,WO023608,5,Positive Experience,2026-09-21
FB002001,WO004019,4,Service Quality,2025-06-02
FB010506,WO020833,3,Turnaround Time,2026-07-30
FB002810,WO005591,5,Positive Experience,2025-07-19
FB007721,WO015387,5,Service Quality,2026-04-07
FB010906,WO021603,4,Positive Experience,2026-08-15
FB007549,WO015011,4,Positive Experience,2026-03-26
FB008773,WO017465,4,Staff Behaviour,2026-05-26
FB006838,WO013601,4,Positive Experience,2026-02-22
FB003805,WO007490,4,Positive Experience,2025-09-07
FB000426,WO000830,2,Parts Availability,2025-02-12
FB004756,WO009340,4,Positive Experience,2025-10-27
FB011192,WO022133,3,Turnaround Time,2026-08-24
FB006953,WO013826,3,Turnaround Time,2026-03-01
FB009184,WO018288,5,Positive Experience,2026-06-10
FB005802,WO011539,4,Positive Experience,2025-12-29
FB006697,WO013320,4,Service Quality,2026-02-14
FB004111,WO008073,5,Positive Experience,2025-09-22
FB008525,WO016981,5,Staff Behaviour,2026-05-14
FB009558,WO019020,4,Positive Experience,2026-06-27
FB005184,WO010237,4,Service Quality,2025-11-20
FB005303,WO010496,3,Turnaround Time,2025-11-29
FB004060,WO007976,5,Positive Experience,2025-09-18
FB001241,WO002468,4,Service Quality,2025-04-12
FB007299,WO014495,4,Staff Behaviour,2026-03-15
FB005714,WO011341,4,Staff Behaviour,2025-12-23
FB010547,WO020896,5,Service Quality,2026-07-30
FB006544,WO013010,4,Staff Behaviour,2026-02-08
FB007211,WO014333,4,Positive Experience,2026-03-13
FB000143,WO000296,3,Parts Availability,2025-01-16
FB010347,WO020518,5,Positive Experience,2026-07-25
FB000075,WO000148,4,Positive Experience,2025-01-07
FB011020,WO021791,5,Service Quality,2026-08-15
FB012117,WO023857,4,Positive Experience,2026-09-26
FB000903,WO001779,3,Staff Behaviour,2025-03-18
FB010903,WO021596,4,Service Quality,2026-08-12
FB003544,WO006975,3,Turnaround Time,2025-08-25
FB007467,WO014852,4,Positive Experience,2026-03-26
FB000794,WO001590,5,Positive Experience,2025-03-08
FB010322,WO020460,4,Staff Behaviour,2026-07-24
FB002251,WO004489,5,Service Quality,2025-06-17
FB009262,WO018443,3,Turnaround Time,2026-06-15
FB001394,WO002758,5,Staff Behaviour,2025-04-23
FB003346,WO006590,4,Service Quality,2025-08-15
FB007537,WO014987,5,Staff Behaviour,2026-03-25
FB006760,WO013433,4,Staff Behaviour,2026-02-17
FB009874,WO019589,5,Service Quality,2026-07-07
FB011176,WO022113,4,Positive Experience,2026-08-22
FB006672,WO013254,4,Positive Experience,2026-02-11
FB012049,WO023724,4,Positive Experience,2026-09-25
FB003265,WO006435,4,Staff Behaviour,2025-08-09
FB003588,WO007069,5,Positive Experience,2025-08-25
FB005978,WO011893,4,Service Quality,2026-01-08
FB011351,WO022415,4,Positive Experience,2026-08-29
FB001784,WO003561,4,Positive Experience,2025-05-23
FB010526,WO020863,5,Positive Experience,2026-07-31
FB011023,WO021801,3,Parts Availability,2026-08-26
FB004178,WO008196,5,Service Quality,2025-09-27
FB004029,WO007927,5,Positive Experience,2025-09-17
FB004946,WO009725,5,Positive Experience,2025-11-06
FB008074,WO016066,4,Staff Behaviour,2026-04-24
FB002017,WO004047,5,Positive Experience,2025-06-03
FB005413,WO010738,4,Positive Experience,2025-12-03
FB008661,WO017243,3,Turnaround Time,2026-05-19
FB011448,WO022573,4,Positive Experience,2026-09-03
FB003327,WO006551,4,Staff Behaviour,2025-08-13
FB006473,WO012866,3,Turnaround Time,2026-01-31
FB002849,WO005688,3,Turnaround Time,2025-07-20
FB006673,WO013256,5,Positive Experience,2026-02-11
FB002568,WO005110,3,Repeat Issue,2025-07-05
FB007281,WO014469,3,Repeat Issue,2026-03-15
FB000369,WO000722,3,Pricing,2025-02-06
FB007930,WO015784,4,Positive Experience,2026-04-14
FB006731,WO013377,4,Service Quality,2026-02-17
FB004180,WO008200,3,Turnaround Time,2025-09-26
FB009713,WO019294,5,Staff Behaviour,2026-07-03
FB010301,WO020405,5,Service Quality,2026-07-21
FB011062,WO021879,5,Positive Experience,2026-08-20
FB012003,WO023638,4,Service Quality,2026-09-23
FB009942,WO019735,5,Positive Experience,2026-07-10
FB010034,WO019896,3,Turnaround Time,2026-07-13
FB001276,WO002544,3,Turnaround Time,2025-04-15
FB006983,WO013884,3,Staff Behaviour,2026-03-01
FB003043,WO006052,5,Positive Experience,2025-07-29
FB000076,WO000151,5,Positive Experience,2025-01-09
FB001375,WO002724,3,Turnaround Time,2025-04-20
FB004912,WO009663,5,Positive Experience,2025-11-04
FB004934,WO009703,4,Positive Experience,2025-11-07
FB004667,WO009165,5,Service Quality,2025-10-21
FB001205,WO002375,5,Positive Experience,2025-04-10
FB008140,WO016191,3,Turnaround Time,2026-04-26
FB005637,WO011187,5,Positive Experience,2025-12-16
FB008860,WO017627,4,Positive Experience,2026-05-27
FB005170,WO010212,5,Positive Experience,2025-11-19
FB009180,WO018280,4,Positive Experience,2026-06-11
FB000234,WO000470,4,Service Quality,2025-01-26
FB006183,WO012256,5,Service Quality,2026-01-19
FB008675,WO017271,4,Positive Experience,2026-05-20
FB008094,WO016101,5,Positive Experience,2026-04-23
FB010337,WO020496,4,Positive Experience,2026-07-24
FB003882,WO007645,3,Parts Availability,2025-09-19
FB009995,WO019836,3,Parts Availability,2026-07-23
FB007153,WO014225,4,Positive Experience,2026-03-09
FB005290,WO010478,4,Positive Experience,2025-11-26
FB006268,WO012435,5,Positive Experience,2026-01-20
FB011578,WO022826,4,Positive Experience,2026-09-06
FB004572,WO008972,4,Positive Experience,2025-10-17
FB001641,WO003245,3,Parts Availability,2025-05-20
FB000934,WO001845,4,Positive Experience,2025-03-21
FB011508,WO022688,5,Staff Behaviour,2026-09-04
FB006277,WO012456,5,Positive Experience,2026-01-24
FB000333,WO000653,4,Positive Experience,2025-01-31
FB002822,WO005622,3,Turnaround Time,2025-07-20
FB006807,WO013531,4,Service Quality,2026-02-19
FB012071,WO023765,4,Staff Behaviour,2026-09-24
FB007326,WO014552,4,Positive Experience,2026-03-16
FB007386,WO014674,4,Service Quality,2026-03-21
FB007206,WO014324,4,Positive Experience,2026-03-12
FB000676,WO001338,4,Positive Experience,2025-03-01
FB005565,WO011026,5,Staff Behaviour,2025-12-13
FB000738,WO001464,5,Service Quality,2025-03-05
FB000548,WO001077,5,Service Quality,2025-02-18
FB009599,WO019099,3,Turnaround Time,2026-06-26
FB006808,WO013532,4,Service Quality,2026-02-19
FB003110,WO006158,4,Positive Experience,2025-08-03
FB007090,WO014101,5,Service Quality,2026-03-05
FB008556,WO017042,4,Positive Experience,2026-05-16
FB001890,WO003758,4,Positive Experience,2025-05-26
FB009410,WO018728,3,Turnaround Time,2026-06-19
FB000890,WO001753,2,Parts Availability,2025-03-19
FB003190,WO006303,5,Positive Experience,2025-08-08
FB002941,WO005855,3,Repeat Issue,2025-07-26
FB002516,WO005011,3,Repeat Issue,2025-07-04
FB002729,WO005437,4,Service Quality,2025-07-13
FB007839,WO015621,5,Positive Experience,2026-04-11
FB002784,WO005529,4,Positive Experience,2025-07-16
FB005212,WO010299,4,Positive Experience,2025-11-22
FB009060,WO018016,5,Positive Experience,2026-06-04
FB004669,WO009171,5,Positive Experience,2025-10-21
FB007379,WO014660,4,Positive Experience,2026-03-18
FB004650,WO009140,4,Positive Experience,2025-10-23
FB010316,WO020449,4,Positive Experience,2026-07-23
FB003678,WO007236,4,Staff Behaviour,2025-08-29
FB009199,WO018316,4,Positive Experience,2026-06-14
FB000935,WO001846,4,Positive Experience,2025-03-21
FB007103,WO014126,5,Service Quality,2026-03-06
FB001943,WO003888,5,Service Quality,2025-06-01
FB006159,WO012220,4,Positive Experience,2026-01-14
FB009827,WO019514,4,Service Quality,2026-07-05
FB007931,WO015788,4,Service Quality,2026-04-16
FB003070,WO006093,4,Staff Behaviour,2025-08-01
FB011825,WO023272,3,Repeat Issue,2026-09-15
FB011402,WO022493,4,Service Quality,2026-09-01
FB007074,WO014063,3,Turnaround Time,2026-03-05
FB003628,WO007144,5,Positive Experience,2025-08-27
FB007806,WO015558,5,Positive Experience,2026-04-10
FB007416,WO014754,3,Parts Availability,2026-03-26
FB002753,WO005475,3,Turnaround Time,2025-07-17
FB008783,WO017480,5,Positive Experience,2026-05-26
FB001726,WO003432,4,Positive Experience,2025-05-14
FB004436,WO008697,3,Parts Availability,2025-10-18
FB001055,WO002073,5,Service Quality,2025-03-30
FB002473,WO004935,3,Pricing,2025-06-30
FB009026,WO017946,2,Turnaround Time,2026-06-06
FB009110,WO018133,3,Parts Availability,2026-06-12
FB006085,WO012080,5,Positive Experience,2026-01-11
FB004836,WO009509,4,Service Quality,2025-11-05
FB004290,WO008403,5,Positive Experience,2025-10-02
FB009493,WO018894,3,Repeat Issue,2026-06-23
FB000701,WO001394,4,Service Quality,2025-03-03
FB000140,WO000293,4,Positive Experience,2025-01-14
FB004409,WO008627,5,Staff Behaviour,2025-10-09
FB002789,WO005543,4,Service Quality,2025-07-16
FB011039,WO021828,3,Turnaround Time,2026-08-17
FB006596,WO013109,3,Turnaround Time,2026-02-09
FB005515,WO010928,3,Turnaround Time,2025-12-12
FB008623,WO017161,4,Service Quality,2026-05-18
FB008280,WO016483,4,Service Quality,2026-05-02
FB002382,WO004765,5,Positive Experience,2025-06-24
FB006749,WO013410,3,Turnaround Time,2026-02-19
FB008137,WO016187,4,Service Quality,2026-04-27
FB008431,WO016787,4,Positive Experience,2026-05-10
FB011128,WO022005,4,Service Quality,2026-08-21
FB001882,WO003745,4,Positive Experience,2025-05-27
FB005043,WO009932,5,Positive Experience,2025-11-13
FB005621,WO011146,5,Staff Behaviour,2025-12-18
FB007105,WO014133,3,Turnaround Time,2026-03-09
FB009967,WO019784,3,Turnaround Time,2026-07-11
FB009916,WO019680,5,Staff Behaviour,2026-07-08
FB006883,WO013682,3,Turnaround Time,2026-02-25
FB012044,WO023714,4,Staff Behaviour,2026-09-22
FB002692,WO005356,5,Service Quality,2025-07-13
FB001809,WO003604,4,Positive Experience,2025-05-21
FB011382,WO022462,3,Turnaround Time,2026-09-01
FB008226,WO016366,5,Positive Experience,2026-04-28
FB009792,WO019438,4,Service Quality,2026-07-05
FB000547,WO001070,5,Positive Experience,2025-02-19
FB010975,WO021719,5,Positive Experience,2026-08-15
FB001027,WO002010,5,Positive Experience,2025-03-25
FB007524,WO014963,4,Positive Experience,2026-03-24
FB008126,WO016164,5,Service Quality,2026-04-26
FB003803,WO007488,5,Positive Experience,2025-09-06
FB010851,WO021484,3,Parts Availability,2026-08-18
FB000853,WO001689,4,Positive Experience,2025-03-16
FB000136,WO000285,5,Positive Experience,2025-01-17
FB005716,WO011344,4,Service Quality,2025-12-23
FB001214,WO002403,4,Staff Behaviour,2025-04-10
FB002710,WO005399,4,Positive Experience,2025-07-14
FB006685,WO013278,5,Positive Experience,2026-02-14
FB002690,WO005353,3,Staff Behaviour,2025-07-14
FB000013,WO000020,5,Service Quality,2025-01-04
FB010782,WO021363,4,Positive Experience,2026-08-10
FB005913,WO011765,5,Positive Experience,2026-01-05
FB009073,WO018049,4,Positive Experience,2026-06-08
FB008308,WO016543,2,Parts Availability,2026-05-08
FB009499,WO018903,3,Repeat Issue,2026-06-22
FB005398,WO010699,5,Positive Experience,2025-12-02
FB007441,WO014813,4,Positive Experience,2026-03-24
FB004730,WO009292,4,Staff Behaviour,2025-10-25
FB003646,WO007172,4,Positive Experience,2025-08-29
FB006079,WO012070,5,Staff Behaviour,2026-01-13
FB010819,WO021431,5,Positive Experience,2026-08-13
FB002762,WO005490,4,Service Quality,2025-07-14
FB001600,WO003158,5,Positive Experience,2025-05-08
FB005647,WO011207,3,Turnaround Time,2025-12-18
FB006862,WO013643,2,Repeat Issue,2026-02-21
FB003903,WO007682,5,Service Quality,2025-09-12
FB007420,WO014766,5,Positive Experience,2026-03-22
FB002780,WO005520,4,Positive Experience,2025-07-17
FB002011,WO004035,4,Positive Experience,2025-06-05
FB007932,WO015790,5,Positive Experience,2026-04-14
FB009543,WO018990,5,Staff Behaviour,2026-06-26
FB006462,WO012845,5,Positive Experience,2026-01-31
FB011489,WO022650,5,Positive Experience,2026-09-04
FB008252,WO016425,2,Turnaround Time,2026-05-03
FB010326,WO020473,5,Positive Experience,2026-07-22
FB003675,WO007228,4,Service Quality,2025-09-01
FB008075,WO016067,5,Positive Experience,2026-04-21
FB001951,WO003903,5,Positive Experience,2025-05-30
FB009346,WO018600,4,Service Quality,2026-06-17
FB005374,WO010651,3,Parts Availability,2025-12-06
FB004107,WO008066,5,Positive Experience,2025-09-22
FB011982,WO023609,4,Positive Experience,2026-09-19
FB005064,WO009982,5,Positive Experience,2025-11-14
FB011615,WO022897,4,Staff Behaviour,2026-09-08
FB002898,WO005773,4,Positive Experience,2025-07-24
FB003790,WO007453,4,Positive Experience,2025-09-07
FB007958,WO015843,4,Staff Behaviour,2026-04-17
FB001807,WO003600,4,Positive Experience,2025-05-22
FB007570,WO015049,5,Positive Experience,2026-03-27
FB012104,WO023834,5,Service Quality,2026-09-27
FB005864,WO011657,5,Service Quality,2025-12-30
FB011032,WO021816,4,Positive Experience,2026-08-15
FB002671,WO005318,5,Positive Experience,2025-07-10
FB003477,WO006850,3,Repeat Issue,2025-08-21
FB005080,WO010014,5,Positive Experience,2025-11-14
FB008026,WO015972,3,Turnaround Time,2026-04-20
FB011518,WO022710,4,Positive Experience,2026-09-03
FB004494,WO008824,2,Turnaround Time,2025-10-13
FB008572,WO017072,4,Positive Experience,2026-05-15
FB004395,WO008594,3,Repeat Issue,2025-10-06
FB004577,WO008991,5,Service Quality,2025-10-18
FB008236,WO016389,4,Positive Experience,2026-05-01
FB011829,WO023278,2,Repeat Issue,2026-09-14
FB006281,WO012461,5,Service Quality,2026-01-23
FB007277,WO014464,4,Positive Experience,2026-03-15
FB012002,WO023637,4,Positive Experience,2026-09-22
FB011782,WO023201,3,Parts Availability,2026-09-16
FB001564,WO003078,2,Turnaround Time,2025-05-05
FB006479,WO012874,5,Service Quality,2026-02-05
FB010296,WO020395,4,Positive Experience,2026-07-22
FB008746,WO017413,5,Staff Behaviour,2026-05-23
FB004074,WO007995,4,Positive Experience,2025-09-19
FB010912,WO021615,3,Turnaround Time,2026-08-14
FB011971,WO023586,3,Turnaround Time,2026-09-21
FB004484,WO008810,5,Positive Experience,2025-10-14
FB008505,WO016944,5,Staff Behaviour,2026-05-12
FB010908,WO021605,4,Service Quality,2026-08-13
FB004588,WO009014,4,Service Quality,2025-10-18
FB000415,WO000809,4,Service Quality,2025-02-09
FB003557,WO006999,1,Repeat Issue,2025-09-01
FB001960,WO003921,4,Positive Experience,2025-05-31
FB008598,WO017109,4,Service Quality,2026-05-16
FB002744,WO005461,4,Positive Experience,2025-07-15
FB007016,WO013950,5,Positive Experience,2026-03-05
FB005233,WO010352,5,Positive Experience,2025-11-23
FB003033,WO006026,4,Positive Experience,2025-07-31
FB001595,WO003148,5,Positive Experience,2025-05-06
FB010984,WO021734,5,Positive Experience,2026-08-14
FB008725,WO017361,5,Staff Behaviour,2026-05-21
FB000631,WO001246,5,Positive Experience,2025-02-24
FB003966,WO007801,4,Service Quality,2025-09-16
FB000874,WO001724,4,Positive Experience,2025-03-29
FB002935,WO005844,3,Parts Availability,2025-07-28
FB000304,WO000597,5,Positive Experience,2025-01-29
FB003650,WO007180,4,Staff Behaviour,2025-08-28
FB011161,WO022084,5,Service Quality,2026-08-24
FB000418,WO000816,5,Positive Experience,2025-02-10
FB007245,WO014397,4,Positive Experience,2026-03-12
FB008767,WO017455,4,Service Quality,2026-05-26
FB007890,WO015721,3,Parts Availability,2026-04-17
FB008652,WO017218,5,Positive Experience,2026-05-19
FB002792,WO005555,5,Service Quality,2025-07-17
FB007464,WO014846,3,Turnaround Time,2026-03-25
FB002866,WO005718,2,Turnaround Time,2025-07-24
FB000583,WO001147,4,Staff Behaviour,2025-02-22
FB011685,WO023041,4,Positive Experience,2026-09-09
FB005348,WO010595,3,Turnaround Time,2025-12-02
FB012110,WO023842,4,Service Quality,2026-09-27
FB003868,WO007616,3,Parts Availability,2025-09-15
FB005831,WO011601,3,Turnaround Time,2025-12-30
FB005939,WO011810,4,Positive Experience,2026-01-05
FB012237,WO024067,3,Service Quality,2026-10-02
FB004853,WO009537,4,Positive Experience,2025-10-31
FB001425,WO002818,5,Staff Behaviour,2025-04-24
FB010106,WO020031,4,Positive Experience,2026-07-15
FB001902,WO003800,5,Positive Experience,2025-05-27
FB000999,WO001961,4,Positive Experience,2025-03-22
FB005953,WO011843,4,Service Quality,2026-01-04
FB010991,WO021746,3,Turnaround Time,2026-08-16
FB001182,WO002330,4,Staff Behaviour,2025-04-07
FB011053,WO021859,3,Service Quality,2026-08-20
FB008039,WO015995,5,Staff Behaviour,2026-04-21
FB008932,WO017759,4,Service Quality,2026-05-29
FB005546,WO010982,2,Turnaround Time,2025-12-12
FB011030,WO021813,5,Positive Experience,2026-08-19
FB002480,WO004950,5,Positive Experience,2025-07-02
FB008471,WO016868,4,Positive Experience,2026-05-12
FB003448,WO006800,4,Positive Experience,2025-08-20
FB011177,WO022115,3,Turnaround Time,2026-08-24
FB002943,WO005857,5,Positive Experience,2025-07-27
FB006578,WO013082,4,Positive Experience,2026-02-08
FB007435,WO014796,5,Positive Experience,2026-03-20
FB007749,WO015441,5,Positive Experience,2026-04-07
FB001651,WO003268,4,Service Quality,2025-05-09
FB005908,WO011754,3,Staff Behaviour,2026-01-01
FB001444,WO002858,5,Positive Experience,2025-04-25
FB009727,WO019314,4,Positive Experience,2026-07-03
FB011377,WO022450,2,Parts Availability,2026-09-01
FB006586,WO013095,3,Turnaround Time,2026-02-08
FB003166,WO006256,4,Positive Experience,2025-08-06
FB008480,WO016892,5,Staff Behaviour,2026-05-14
FB004758,WO009344,4,Positive Experience,2025-10-29
FB006256,WO012412,3,Turnaround Time,2026-01-22
FB007966,WO015855,5,Positive Experience,2026-04-17
FB002091,WO004192,3,Repeat Issue,2025-06-09
FB004223,WO008281,5,Service Quality,2025-09-29
FB002481,WO004951,4,Positive Experience,2025-07-01
FB006573,WO013067,4,Positive Experience,2026-02-06
FB000538,WO001050,5,Staff Behaviour,2025-02-18
FB003906,WO007689,2,Repeat Issue,2025-09-12
FB000202,WO000403,4,Staff Behaviour,2025-01-19
FB001917,WO003834,4,Positive Experience,2025-05-29
FB011819,WO023263,3,Turnaround Time,2026-09-17
FB007631,WO015214,5,Positive Experience,2026-04-01
FB007614,WO015169,5,Service Quality,2026-04-01
FB008285,WO016498,5,Positive Experience,2026-05-03
FB006498,WO012922,3,Turnaround Time,2026-02-04
FB003254,WO006413,4,Staff Behaviour,2025-08-10
FB008589,WO017096,5,Positive Experience,2026-05-17
FB004786,WO009402,5,Positive Experience,2025-10-28
FB007960,WO015847,5,Positive Experience,2026-04-18
FB002957,WO005885,5,Service Quality,2025-07-25
FB011635,WO022939,5,Staff Behaviour,2026-09-09
FB002245,WO004478,4,Positive Experience,2025-06-17
FB004549,WO008926,4,Positive Experience,2025-10-16
FB011291,WO022310,3,Turnaround Time,2026-08-27
FB006245,WO012390,4,Positive Experience,2026-01-21
FB009529,WO018964,5,Staff Behaviour,2026-06-26
FB010446,WO020701,3,Turnaround Time,2026-07-30
FB009908,WO019660,4,Positive Experience,2026-07-08
FB003607,WO007099,5,Positive Experience,2025-08-26
FB003853,WO007585,4,Positive Experience,2025-09-08
FB008271,WO016464,3,Turnaround Time,2026-04-30
FB011890,WO023399,5,Positive Experience,2026-09-18
FB006252,WO012401,4,Staff Behaviour,2026-01-20
FB006179,WO012251,4,Positive Experience,2026-01-18
FB002311,WO004623,4,Positive Experience,2025-06-20
FB003874,WO007627,5,Positive Experience,2025-09-09
FB003306,WO006506,4,Positive Experience,2025-08-12
FB002904,WO005784,4,Service Quality,2025-07-25
FB001839,WO003665,5,Staff Behaviour,2025-05-23
FB001230,WO002446,3,Service Quality,2025-04-12
FB000953,WO001876,5,Positive Experience,2025-03-21
FB004039,WO007945,4,Positive Experience,2025-09-19
FB009276,WO018468,5,Positive Experience,2026-06-14
FB004801,WO009441,4,Positive Experience,2025-10-31
FB006609,WO013133,4,Positive Experience,2026-02-11
FB007563,WO015038,4,Service Quality,2026-03-27
FB001034,WO002036,4,Service Quality,2025-03-28
FB001833,WO003651,5,Staff Behaviour,2025-05-24
FB000508,WO000993,4,Positive Experience,2025-02-13
FB005499,WO010902,4,Positive Experience,2025-12-08
FB003368,WO006640,4,Positive Experience,2025-08-14
FB008568,WO017060,4,Positive Experience,2026-05-15
FB008757,WO017432,5,Staff Behaviour,2026-05-23
FB004680,WO009204,5,Staff Behaviour,2025-10-22
FB003299,WO006496,4,Positive Experience,2025-08-14
FB009176,WO018265,3,Repeat Issue,2026-06-11
FB009242,WO018407,3,Service Quality,2026-06-14
FB002467,WO004924,4,Service Quality,2025-07-08
FB008743,WO017406,5,Positive Experience,2026-05-25
FB009617,WO019133,3,Turnaround Time,2026-06-27
FB010809,WO021414,5,Positive Experience,2026-08-09
FB005072,WO009995,4,Service Quality,2025-11-15
FB004551,WO008929,4,Staff Behaviour,2025-10-15
FB006005,WO011937,3,Parts Availability,2026-01-19
FB008537,WO017004,4,Positive Experience,2026-05-13
FB004930,WO009696,5,Positive Experience,2025-11-07
FB004760,WO009348,4,Staff Behaviour,2025-10-27
FB002170,WO004339,4,Positive Experience,2025-06-13
FB007814,WO015569,5,Staff Behaviour,2026-04-11
FB009691,WO019251,5,Service Quality,2026-07-01
FB011029,WO021811,3,Turnaround Time,2026-08-20
FB007234,WO014379,4,Positive Experience,2026-03-14
FB001185,WO002333,4,Positive Experience,2025-04-05
FB007312,WO014523,3,Turnaround Time,2026-03-16
FB007797,WO015538,3,Turnaround Time,2026-04-08
FB011131,WO022012,5,Positive Experience,2026-08-22
FB001727,WO003433,4,Service Quality,2025-05-16
FB004612,WO009076,3,Turnaround Time,2025-10-18
FB003993,WO007851,3,Turnaround Time,2025-09-15
FB003164,WO006251,5,Positive Experience,2025-08-07
FB005159,WO010198,4,Service Quality,2025-11-22
FB004232,WO008303,4,Positive Experience,2025-09-30
FB008066,WO016050,4,Service Quality,2026-04-24
FB001301,WO002590,3,Parts Availability,2025-04-21
FB000619,WO001217,4,Service Quality,2025-02-24
FB001877,WO003737,4,Staff Behaviour,2025-05-25
FB006116,WO012137,4,Service Quality,2026-01-13
FB012113,WO023847,4,Staff Behaviour,2026-09-28
FB012004,WO023640,5,Positive Experience,2026-09-22
FB006964,WO013845,5,Staff Behaviour,2026-03-02
FB004520,WO008871,5,Positive Experience,2025-10-16
FB012128,WO023875,4,Positive Experience,2026-09-28
FB003555,WO006993,5,Staff Behaviour,2025-08-24
FB005244,WO010383,3,Turnaround Time,2025-11-24
FB010383,WO020583,4,Service Quality,2026-07-27
FB005892,WO011722,4,Positive Experience,2026-01-02
FB001186,WO002336,5,Staff Behaviour,2025-04-05
FB001153,WO002285,5,Positive Experience,2025-04-04
FB004683,WO009207,4,Service Quality,2025-10-25
FB003897,WO007671,5,Positive Experience,2025-09-10
FB008331,WO016584,4,Positive Experience,2026-05-05
FB010534,WO020877,5,Positive Experience,2026-07-29
FB005028,WO009911,4,Service Quality,2025-11-11
FB008687,WO017291,5,Positive Experience,2026-05-22
FB003484,WO006861,5,Staff Behaviour,2025-08-23
FB002003,WO004022,4,Staff Behaviour,2025-06-05
FB005128,WO010117,5,Staff Behaviour,2025-11-16
FB008613,WO017142,3,Turnaround Time,2026-05-17
FB007811,WO015565,3,Turnaround Time,2026-04-09
FB000856,WO001693,5,Service Quality,2025-03-15
FB005484,WO010871,3,Parts Availability,2025-12-23
FB011962,WO023571,4,Service Quality,2026-09-20
FB009989,WO019822,3,Repeat Issue,2026-07-10
FB005113,WO010080,5,Positive Experience,2025-11-15
FB000661,WO001306,4,Positive Experience,2025-02-26
FB010959,WO021699,3,Turnaround Time,2026-08-15
FB005726,WO011359,5,Positive Experience,2025-12-23
FB002387,WO004778,3,Turnaround Time,2025-06-24
FB008817,WO017552,5,Positive Experience,2026-05-28
FB008727,WO017369,3,Pricing,2026-05-21
FB003941,WO007766,4,Positive Experience,2025-09-12
FB000898,WO001770,4,Positive Experience,2025-03-17
FB001614,WO003189,5,Service Quality,2025-05-07
FB002220,WO004431,2,Turnaround Time,2025-06-16
FB003041,WO006047,5,Positive Experience,2025-07-29
FB009416,WO018747,3,Parts Availability,2026-07-04
FB007720,WO015386,3,Turnaround Time,2026-04-07
FB005638,WO011188,4,Service Quality,2025-12-18
FB006320,WO012550,5,Service Quality,2026-01-23
FB008764,WO017449,3,Communication,2026-05-24
FB005938,WO011805,4,Positive Experience,2026-01-05
FB003359,WO006616,5,Staff Behaviour,2025-08-13
FB011808,WO023240,5,Positive Experience,2026-09-15
FB005814,WO011562,5,Staff Behaviour,2025-12-30
FB003524,WO006935,5,Staff Behaviour,2025-08-22
FB011521,WO022715,5,Staff Behaviour,2026-09-04
FB006450,WO012819,3,Turnaround Time,2026-02-02
FB012249,WO024084,4,Staff Behaviour,2026-10-01
FB005736,WO011381,5,Positive Experience,2025-12-22
FB010162,WO020136,3,Turnaround Time,2026-07-18
FB008569,WO017064,4,Positive Experience,2026-05-18
FB008849,WO017611,2,Repeat Issue,2026-05-26
FB002339,WO004680,4,Positive Experience,2025-06-24
FB010147,WO020112,3,Pricing,2026-07-16
FB007683,WO015325,5,Service Quality,2026-04-06
FB000098,WO000200,4,Staff Behaviour,2025-01-10
FB010717,WO021223,4,Staff Behaviour,2026-08-06
FB009556,WO019014,4,Positive Experience,2026-06-24
FB005163,WO010202,3,Turnaround Time,2025-11-22
FB005359,WO010622,4,Positive Experience,2025-11-30
FB007474,WO014862,3,Turnaround Time,2026-03-26
FB005704,WO011314,5,Positive Experience,2025-12-20
FB006657,WO013218,5,Staff Behaviour,2026-02-12
FB005354,WO010612,5,Positive Experience,2025-11-29
FB008035,WO015989,4,Positive Experience,2026-04-23
FB003497,WO006890,3,Communication,2025-08-23
FB000501,WO000983,4,Staff Behaviour,2025-02-16
FB011390,WO022474,3,Turnaround Time,2026-09-01
FB002181,WO004357,2,Repeat Issue,2025-06-15
FB002985,WO005937,5,Service Quality,2025-07-26
FB002008,WO004028,5,Staff Behaviour,2025-06-02
FB012048,WO023722,3,Communication,2026-09-25
FB011847,WO023320,4,Service Quality,2026-09-14
FB007595,WO015120,2,Turnaround Time,2026-03-30
FB010413,WO020645,4,Staff Behaviour,2026-07-25
FB002314,WO004626,4,Positive Experience,2025-06-23
FB008497,WO016925,5,Service Quality,2026-05-14
FB009574,WO019056,4,Positive Experience,2026-06-26
FB009324,WO018561,4,Positive Experience,2026-06-18
FB001133,WO002242,5,Service Quality,2025-04-01
FB005614,WO011134,4,Positive Experience,2025-12-16
FB006146,WO012198,3,Parts Availability,2026-01-24
FB011416,WO022515,4,Positive Experience,2026-09-01
FB011329,WO022377,5,Staff Behaviour,2026-08-29
FB008337,WO016595,4,Positive Experience,2026-05-05
FB011157,WO022074,4,Staff Behaviour,2026-08-21
FB011148,WO022057,5,Positive Experience,2026-08-24
FB000894,WO001763,3,Turnaround Time,2025-03-18
FB011461,WO022595,4,Positive Experience,2026-09-01
FB009058,WO018009,4,Service Quality,2026-06-04
FB009106,WO018127,4,Positive Experience,2026-06-06
FB006568,WO013060,3,Pricing,2026-02-06
FB011818,WO023259,4,Positive Experience,2026-09-14
FB000937,WO001851,4,Staff Behaviour,2025-03-20
FB004608,WO009063,3,Turnaround Time,2025-10-21
FB000452,WO000871,4,Positive Experience,2025-02-11
FB008477,WO016881,3,Turnaround Time,2026-05-11
FB006160,WO012221,3,Parts Availability,2026-01-20
FB011590,WO022853,5,Positive Experience,2026-09-07
FB010092,WO020004,3,Turnaround Time,2026-07-16
FB003211,WO006334,5,Positive Experience,2025-08-06
FB001264,WO002510,3,Parts Availability,2025-04-17
FB011403,WO022495,4,Positive Experience,2026-08-30
FB002847,WO005681,5,Service Quality,2025-07-22
FB011932,WO023493,4,Positive Experience,2026-09-20
FB006019,WO011961,2,Turnaround Time,2026-01-09
FB005747,WO011412,5,Positive Experience,2025-12-22
FB000378,WO000735,4,Positive Experience,2025-02-06
FB008008,WO015938,4,Staff Behaviour,2026-04-20
FB012046,WO023719,4,Staff Behaviour,2026-09-22
FB000724,WO001436,5,Positive Experience,2025-03-06
FB010039,WO019903,3,Turnaround Time,2026-07-16
FB003617,WO007121,3,Repeat Issue,2025-08-28
FB007558,WO015027,3,Turnaround Time,2026-03-29
FB009564,WO019032,3,Turnaround Time,2026-06-26
FB000066,WO000132,5,Positive Experience,2025-01-09
FB012195,WO023988,5,Staff Behaviour,2026-10-01
FB007424,WO014777,4,Positive Experience,2026-03-23
FB008406,WO016736,5,Positive Experience,2026-05-08
FB004401,WO008609,5,Positive Experience,2025-10-06
FB003042,WO006051,4,Positive Experience,2025-07-30
FB005345,WO010591,4,Staff Behaviour,2025-11-30
FB001326,WO002639,4,Staff Behaviour,2025-04-19
FB008425,WO016776,4,Service Quality,2026-05-10
FB009248,WO018416,5,Positive Experience,2026-06-14
FB000120,WO000248,4,Service Quality,2025-01-16
FB011928,WO023488,5,Service Quality,2026-09-18
FB007998,WO015913,3,Turnaround Time,2026-04-20
FB011477,WO022626,4,Service Quality,2026-09-03
FB008858,WO017624,3,Turnaround Time,2026-05-29
FB003404,WO006714,3,Turnaround Time,2025-08-19
FB010599,WO020982,3,Turnaround Time,2026-08-02
FB000125,WO000261,5,Positive Experience,2025-01-15
FB002509,WO004997,3,Turnaround Time,2025-07-02
FB008000,WO015916,3,Turnaround Time,2026-04-21
FB001755,WO003495,4,Service Quality,2025-05-18
FB002627,WO005230,5,Staff Behaviour,2025-07-07
FB009367,WO018635,5,Positive Experience,2026-06-18
FB011549,WO022778,4,Positive Experience,2026-09-05
FB010463,WO020732,3,Turnaround Time,2026-07-29
FB004898,WO009641,5,Positive Experience,2025-11-05
FB008897,WO017692,4,Service Quality,2026-05-29
FB004046,WO007957,4,Positive Experience,2025-09-18
FB005852,WO011640,4,Service Quality,2025-12-30
FB006878,WO013676,3,Turnaround Time,2026-02-22
FB005068,WO009990,4,Staff Behaviour,2025-11-15
FB006124,WO012155,4,Positive Experience,2026-01-15
FB002765,WO005493,4,Positive Experience,2025-07-17
FB007702,WO015357,5,Staff Behaviour,2026-04-05
FB007473,WO014861,3,Turnaround Time,2026-03-24
FB007359,WO014617,5,Positive Experience,2026-03-18
FB003325,WO006547,4,Staff Behaviour,2025-08-14
FB008278,WO016477,5,Positive Experience,2026-05-01
FB010887,WO021553,4,Positive Experience,2026-08-14
FB003467,WO006834,4,Positive Experience,2025-08-19
FB005037,WO009922,4,Positive Experience,2025-11-14
FB007038,WO013990,5,Positive Experience,2026-03-04
FB002950,WO005872,3,Turnaround Time,2025-07-25
FB003740,WO007350,5,Service Quality,2025-09-01
FB002934,WO005842,5,Staff Behaviour,2025-07-23
FB006251,WO012400,5,Positive Experience,2026-01-21
FB009703,WO019276,4,Staff Behaviour,2026-07-01
FB006385,WO012677,3,Turnaround Time,2026-01-29
FB000512,WO001003,5,Staff Behaviour,2025-02-14
FB002303,WO004609,5,Positive Experience,2025-06-20
FB000197,WO000395,5,Positive Experience,2025-01-19
FB005012,WO009875,5,Positive Experience,2025-11-11
FB000399,WO000777,5,Service Quality,2025-02-06
FB006831,WO013587,4,Positive Experience,2026-02-20
FB010828,WO021443,4,Positive Experience,2026-08-10
FB001519,WO003003,5,Positive Experience,2025-05-01
FB007611,WO015162,4,Positive Experience,2026-03-31
FB006090,WO012087,2,Turnaround Time,2026-01-13
FB009724,WO019308,5,Positive Experience,2026-07-02
FB007569,WO015048,3,Parts Availability,2026-03-31
FB010320,WO020458,5,Positive Experience,2026-07-22
FB000740,WO001469,5,Staff Behaviour,2025-03-06
FB007933,WO015791,4,Positive Experience,2026-04-15
FB010538,WO020883,4,Service Quality,2026-07-29
FB003092,WO006125,4,Service Quality,2025-08-03
FB003378,WO006664,4,Service Quality,2025-08-16
FB012259,WO024104,4,Positive Experience,2026-10-02
FB003793,WO007462,5,Positive Experience,2025-09-05
FB005699,WO011305,5,Positive Experience,2025-12-20
FB005411,WO010734,4,Positive Experience,2025-12-06
FB004422,WO008667,5,Positive Experience,2025-10-10
FB006340,WO012589,4,Staff Behaviour,2026-01-26
FB003172,WO006264,5,Positive Experience,2025-08-06
FB011523,WO022720,5,Positive Experience,2026-09-04
FB005860,WO011651,4,Positive Experience,2025-12-30
FB010421,WO020660,4,Service Quality,2026-08-12
FB006834,WO013593,5,Positive Experience,2026-02-20
FB009700,WO019270,5,Service Quality,2026-07-02
FB009986,WO019818,5,Positive Experience,2026-07-12
FB011596,WO022859,2,Parts Availability,2026-09-10
FB007349,WO014595,3,Turnaround Time,2026-03-16
FB008853,WO017616,4,Staff Behaviour,2026-05-29
FB001946,WO003894,5,Positive Experience,2025-05-29
FB008260,WO016441,3,Parts Availability,2026-05-08
FB002886,WO005752,4,Service Quality,2025-07-22
FB003581,WO007057,4,Service Quality,2025-08-27
FB005406,WO010723,4,Positive Experience,2025-12-06
FB003214,WO006339,5,Positive Experience,2025-08-07
FB011170,WO022101,2,Repeat Issue,2026-08-24
FB008942,WO017777,5,Staff Behaviour,2026-06-01
FB010472,WO020760,4,Staff Behaviour,2026-07-30
FB007732,WO015402,2,Turnaround Time,2026-04-09
FB010837,WO021458,5,Service Quality,2026-08-11
FB007253,WO014412,4,Positive Experience,2026-03-12
FB006273,WO012446,4,Positive Experience,2026-01-23
FB003878,WO007634,4,Positive Experience,2025-09-08
FB007465,WO014847,3,Turnaround Time,2026-03-25
FB004970,WO009786,4,Positive Experience,2025-11-09
FB007240,WO014391,3,Pricing,2026-03-14
FB002080,WO004172,4,Positive Experience,2025-06-10
FB003800,WO007482,5,Positive Experience,2025-09-06
FB007030,WO013970,3,Turnaround Time,2026-03-03
FB003103,WO006145,4,Staff Behaviour,2025-08-01
FB009754,WO019365,4,Positive Experience,2026-07-01
FB000767,WO001526,4,Service Quality,2025-03-10
FB001737,WO003459,2,Parts Availability,2025-05-17
FB009940,WO019733,5,Staff Behaviour,2026-07-10
FB007315,WO014529,3,Turnaround Time,2026-03-15
FB002580,WO005130,5,Positive Experience,2025-07-04
FB008527,WO016985,4,Positive Experience,2026-05-16
FB002086,WO004179,3,Turnaround Time,2025-06-07
FB007790,WO015524,5,Positive Experience,2026-04-08
FB002302,WO004605,3,Turnaround Time,2025-06-21
FB010292,WO020391,5,Service Quality,2026-07-22
FB011776,WO023187,4,Positive Experience,2026-09-14
FB000942,WO001861,5,Positive Experience,2025-03-20
FB001120,WO002210,3,Turnaround Time,2025-03-31
FB009800,WO019453,4,Service Quality,2026-07-05
FB001313,WO002615,5,Service Quality,2025-04-18
FB007454,WO014831,4,Positive Experience,2026-03-23
FB010824,WO021437,5,Positive Experience,2026-08-11
FB009571,WO019051,5,Positive Experience,2026-06-25
FB001541,WO003041,4,Positive Experience,2025-05-02
FB002734,WO005445,5,Positive Experience,2025-07-13
FB001179,WO002326,5,Positive Experience,2025-04-05
FB008466,WO016848,3,Turnaround Time,2026-05-12
FB011724,WO023103,5,Service Quality,2026-09-10
FB005120,WO010092,5,Positive Experience,2025-11-15
FB009116,WO018140,2,Turnaround Time,2026-06-11
FB006363,WO012633,4,Positive Experience,2026-01-27
FB000981,WO001931,5,Positive Experience,2025-03-22
FB005173,WO010216,3,Repeat Issue,2025-11-22
FB000312,WO000609,4,Positive Experience,2025-01-30
FB010737,WO021264,5,Positive Experience,2026-08-07
FB007227,WO014368,5,Positive Experience,2026-03-11
FB003745,WO007367,5,Service Quality,2025-09-04
FB007965,WO015854,4,Staff Behaviour,2026-04-17
FB009466,WO018836,5,Staff Behaviour,2026-06-20
FB006142,WO012193,4,Service Quality,2026-01-16
FB000921,WO001817,4,Staff Behaviour,2025-03-21
FB007290,WO014482,3,Turnaround Time,2026-03-14
FB002206,WO004410,4,Positive Experience,2025-06-15
FB004780,WO009390,4,Positive Experience,2025-10-27
FB004771,WO009368,4,Positive Experience,2025-10-25
FB007118,WO014160,4,Service Quality,2026-03-09
FB005112,WO010079,5,Service Quality,2025-11-16
FB005679,WO011266,4,Staff Behaviour,2025-12-19
FB012060,WO023741,4,Positive Experience,2026-09-26
FB008880,WO017659,5,Positive Experience,2026-05-29
FB006644,WO013199,4,Staff Behaviour,2026-02-09
FB007351,WO014599,3,Turnaround Time,2026-03-18
FB005015,WO009886,3,Turnaround Time,2025-11-13
FB012088,WO023803,4,Service Quality,2026-09-24
FB001076,WO002120,4,Service Quality,2025-03-30
FB007777,WO015502,4,Service Quality,2026-04-10
FB004664,WO009160,5,Positive Experience,2025-10-23
FB008564,WO017056,5,Positive Experience,2026-05-14
FB006581,WO013088,4,Positive Experience,2026-02-08
FB002503,WO004990,4,Positive Experience,2025-07-02
FB006699,WO013327,3,Parts Availability,2026-02-14
FB000070,WO000138,5,Positive Experience,2025-01-07
FB011015,WO021786,4,Service Quality,2026-08-18
FB001479,WO002936,4,Staff Behaviour,2025-04-29
FB012208,WO024007,3,Parts Availability,2026-10-02
FB007266,WO014442,5,Staff Behaviour,2026-03-12
FB007826,WO015594,5,Staff Behaviour,2026-04-12
FB003067,WO006085,3,Parts Availability,2025-08-06
FB009669,WO019216,2,Turnaround Time,2026-06-28
FB002933,WO005841,4,Positive Experience,2025-07-24
FB005127,WO010116,3,Communication,2025-11-17
FB010721,WO021231,5,Positive Experience,2026-08-06
FB006874,WO013668,5,Positive Experience,2026-02-24
FB007500,WO014903,4,Positive Experience,2026-03-24
FB004942,WO009720,4,Staff Behaviour,2025-11-05
FB005020,WO009891,5,Positive Experience,2025-11-12
FB009864,WO019574,4,Positive Experience,2026-07-07
FB009335,WO018581,4,Positive Experience,2026-06-18
FB003859,WO007595,5,Positive Experience,2025-09-11
FB006647,WO013204,3,Repeat Issue,2026-02-13
FB002770,WO005500,5,Service Quality,2025-07-16
FB004456,WO008759,3,Staff Behaviour,2025-10-12
FB007120,WO014162,5,Positive Experience,2026-03-09
FB007484,WO014875,5,Positive Experience,2026-03-23
FB008506,WO016945,3,Turnaround Time,2026-05-12
FB011708,WO023074,4,Staff Behaviour,2026-09-13
FB006661,WO013230,5,Service Quality,2026-02-11
FB000640,WO001266,4,Positive Experience,2025-02-26
FB006089,WO012084,3,Turnaround Time,2026-01-12
FB003111,WO006159,3,Parts Availability,2025-08-08
FB001332,WO002649,4,Staff Behaviour,2025-04-17
FB000213,WO000423,5,Staff Behaviour,2025-01-20
FB004776,WO009378,3,Turnaround Time,2025-10-30
FB003930,WO007740,3,Pricing,2025-09-11
FB000397,WO000771,5,Positive Experience,2025-02-07
FB010164,WO020139,5,Positive Experience,2026-07-18
FB009134,WO018181,4,Service Quality,2026-06-11
FB010214,WO020242,4,Positive Experience,2026-07-20
FB005418,WO010746,5,Service Quality,2025-12-07
FB012154,WO023916,5,Service Quality,2026-09-27
FB000807,WO001618,5,Positive Experience,2025-03-11
FB004714,WO009267,5,Positive Experience,2025-10-26
FB001778,WO003551,4,Positive Experience,2025-05-18
FB005708,WO011325,5,Positive Experience,2025-12-19
FB004831,WO009503,5,Positive Experience,2025-11-02
FB002550,WO005080,4,Service Quality,2025-07-06
FB003728,WO007329,4,Positive Experience,2025-09-02
FB007955,WO015838,4,Service Quality,2026-04-18
FB001348,WO002678,5,Positive Experience,2025-04-20
FB011747,WO023141,4,Positive Experience,2026-09-13
FB004262,WO008352,3,Parts Availability,2025-10-04
FB008776,WO017470,4,Positive Experience,2026-05-26
FB011456,WO022583,4,Service Quality,2026-09-02
FB007652,WO015261,5,Service Quality,2026-04-05
FB005256,WO010408,3,Service Quality,2025-11-24
FB004411,WO008634,5,Positive Experience,2025-10-07
FB002684,WO005344,5,Service Quality,2025-07-13
FB008949,WO017785,3,Turnaround Time,2026-06-01
FB009795,WO019443,3,Turnaround Time,2026-07-03
FB003237,WO006382,5,Positive Experience,2025-08-09
FB007328,WO014556,4,Positive Experience,2026-03-15
FB005829,WO011597,5,Positive Experience,2025-12-27
FB006536,WO012991,4,Staff Behaviour,2026-02-05
FB000757,WO001507,2,Parts Availability,2025-03-16
FB007525,WO014966,3,Turnaround Time,2026-03-25
FB000801,WO001607,5,Staff Behaviour,2025-03-13
FB003937,WO007759,3,Turnaround Time,2025-09-12
FB011265,WO022262,4,Service Quality,2026-08-28
FB007271,WO014452,3,Pricing,2026-03-12
FB000051,WO000106,5,Positive Experience,2025-01-05
FB007390,WO014681,4,Positive Experience,2026-03-21
FB004785,WO009401,3,Turnaround Time,2025-10-27
FB006353,WO012617,3,Turnaround Time,2026-01-26
FB010655,WO021088,3,Parts Availability,2026-08-12
FB002738,WO005454,4,Staff Behaviour,2025-07-15
FB006923,WO013757,5,Service Quality,2026-02-25
FB012007,WO023645,4,Service Quality,2026-09-22
FB007856,WO015651,3,Turnaround Time,2026-04-11
FB008064,WO016047,4,Staff Behaviour,2026-04-24
FB011217,WO022176,4,Positive Experience,2026-08-23
FB004943,WO009721,5,Service Quality,2025-11-08
FB000001,WO000001,4,Positive Experience,2025-01-01
FB002505,WO004992,5,Positive Experience,2025-07-02
FB001278,WO002550,4,Positive Experience,2025-04-13
FB012183,WO023970,4,Positive Experience,2026-10-01
FB008373,WO016665,4,Service Quality,2026-05-06
FB006323,WO012558,4,Positive Experience,2026-01-23
FB002336,WO004674,3,Turnaround Time,2025-06-21
FB006815,WO013544,2,Turnaround Time,2026-02-21
FB005314,WO010526,3,Parts Availability,2025-12-02
FB003976,WO007818,4,Positive Experience,2025-09-15
FB005969,WO011876,4,Positive Experience,2026-01-08
FB006671,WO013253,5,Positive Experience,2026-02-14
FB002095,WO004199,5,Positive Experience,2025-06-09
FB001835,WO003655,5,Positive Experience,2025-05-25
FB005378,WO010656,3,Repeat Issue,2025-12-04
FB006148,WO012202,4,Service Quality,2026-01-14
FB004524,WO008875,4,Service Quality,2025-10-14
FB010059,WO019942,4,Staff Behaviour,2026-07-12
FB006588,WO013097,5,Service Quality,2026-02-09
FB009231,WO018387,3,Turnaround Time,2026-06-12
FB009907,WO019657,4,Service Quality,2026-07-08
FB006050,WO012019,5,Service Quality,2026-01-10
FB002855,WO005695,5,Positive Experience,2025-07-20
FB006555,WO013029,4,Staff Behaviour,2026-02-08
FB004546,WO008920,5,Positive Experience,2025-10-16
FB007616,WO015175,4,Positive Experience,2026-03-31
FB006830,WO013585,4,Positive Experience,2026-02-20
FB006139,WO012189,5,Staff Behaviour,2026-01-14
FB008452,WO016826,3,Turnaround Time,2026-05-12
FB011758,WO023160,3,Turnaround Time,2026-09-13
FB007247,WO014400,4,Service Quality,2026-03-13
FB006956,WO013831,2,Turnaround Time,2026-02-27
FB012041,WO023708,3,Communication,2026-09-25
FB009962,WO019772,5,Service Quality,2026-07-11
FB001060,WO002087,4,Positive Experience,2025-04-02
FB000421,WO000821,4,Positive Experience,2025-02-08
FB001404,WO002778,4,Staff Behaviour,2025-04-23
FB009418,WO018753,3,Turnaround Time,2026-06-22
FB009326,WO018564,5,Service Quality,2026-06-19
FB008994,WO017886,2,Turnaround Time,2026-06-05
FB002654,WO005285,5,Service Quality,2025-07-11
FB011464,WO022603,4,Positive Experience,2026-08-31
FB007179,WO014279,5,Positive Experience,2026-03-10
FB005369,WO010640,4,Positive Experience,2025-12-01
FB008809,WO017528,5,Positive Experience,2026-05-25
FB011623,WO022908,5,Service Quality,2026-09-07
FB011537,WO022758,4,Staff Behaviour,2026-09-04
FB003747,WO007370,4,Positive Experience,2025-09-02
FB012266,WO024116,4,Staff Behaviour,2026-09-30
FB009374,WO018643,5,Positive Experience,2026-06-20
FB003245,WO006398,5,Positive Experience,2025-08-08
FB004899,WO009642,5,Staff Behaviour,2025-11-05
FB008539,WO017006,5,Service Quality,2026-05-13
FB002876,WO005733,3,Parts Availability,2025-07-26
FB009958,WO019765,4,Positive Experience,2026-07-12
FB003227,WO006361,5,Positive Experience,2025-08-07
FB003291,WO006482,3,Turnaround Time,2025-08-11
FB011471,WO022614,3,Pricing,2026-09-02
FB011223,WO022183,3,Turnaround Time,2026-08-24
FB001713,WO003410,5,Positive Experience,2025-05-16
FB000559,WO001109,5,Positive Experience,2025-02-21
FB006401,WO012719,4,Positive Experience,2026-01-30
FB004944,WO009722,4,Positive Experience,2025-11-06
FB004423,WO008671,3,Repeat Issue,2025-10-09
FB000959,WO001888,2,Turnaround Time,2025-03-22
FB002130,WO004262,5,Positive Experience,2025-06-10
FB010272,WO020352,3,Turnaround Time,2026-07-23
FB011321,WO022365,4,Staff Behaviour,2026-08-27
FB007935,WO015796,3,Parts Availability,2026-04-22
FB010442,WO020694,3,Turnaround Time,2026-07-30
FB010681,WO021153,5,Positive Experience,2026-08-03
FB002044,WO004109,4,Positive Experience,2025-06-07
FB011641,WO022949,4,Positive Experience,2026-09-08
FB009971,WO019790,4,Positive Experience,2026-07-09
FB011429,WO022535,4,Positive Experience,2026-09-01
FB010221,WO020257,4,Positive Experience,2026-07-20
FB002633,WO005245,5,Positive Experience,2025-07-10
FB008890,WO017679,4,Staff Behaviour,2026-05-29
FB011345,WO022408,4,Positive Experience,2026-08-30
FB001970,WO003946,5,Positive Experience,2025-05-31
FB002365,WO004736,5,Positive Experience,2025-06-24
FB001089,WO002152,3,Pricing,2025-03-29
FB004516,WO008865,3,Repeat Issue,2025-10-13
FB009076,WO018055,5,Positive Experience,2026-06-07
FB011144,WO022051,3,Repeat Issue,2026-08-24
FB000458,WO000880,4,Positive Experience,2025-02-08
FB011313,WO022352,4,Positive Experience,2026-08-29
FB010840,WO021464,5,Staff Behaviour,2026-08-13
FB006325,WO012562,4,Positive Experience,2026-01-25
FB009471,WO018846,3,Turnaround Time,2026-06-25
FB008204,WO016313,4,Service Quality,2026-04-28
FB001772,WO003539,5,Positive Experience,2025-05-17
FB012141,WO023891,5,Positive Experience,2026-09-26
FB004007,WO007887,5,Staff Behaviour,2025-09-15
FB006653,WO013211,5,Positive Experience,2026-02-13
FB006763,WO013437,4,Staff Behaviour,2026-02-19
FB002416,WO004834,3,Repeat Issue,2025-06-28
FB002721,WO005421,4,Positive Experience,2025-07-12
FB009654,WO019192,2,Repeat Issue,2026-06-28
FB009424,WO018761,4,Service Quality,2026-06-22
FB012224,WO024033,2,Repeat Issue,2026-10-02
FB005670,WO011245,5,Positive Experience,2025-12-19
FB007364,WO014629,3,Turnaround Time,2026-03-19
FB002594,WO005158,4,Positive Experience,2025-07-07
FB003626,WO007139,5,Positive Experience,2025-08-30
FB003046,WO006055,4,Service Quality,2025-08-01
FB005733,WO011377,5,Positive Experience,2025-12-20
FB005197,WO010268,5,Positive Experience,2025-11-23
FB007792,WO015526,4,Positive Experience,2026-04-10
FB002490,WO004968,4,Positive Experience,2025-07-03
FB004412,WO008637,4,Positive Experience,2025-10-07
FB008728,WO017370,3,Turnaround Time,2026-05-22
FB004515,WO008863,4,Service Quality,2025-10-12
FB000998,WO001960,5,Positive Experience,2025-03-25
FB008130,WO016173,4,Positive Experience,2026-04-24
FB007327,WO014553,5,Positive Experience,2026-03-16
FB006512,WO012946,2,Repeat Issue,2026-02-04
FB002150,WO004295,5,Positive Experience,2025-06-11
FB002968,WO005911,5,Positive Experience,2025-07-25
FB010667,WO021112,4,Positive Experience,2026-08-06
FB008515,WO016960,5,Positive Experience,2026-05-15
FB006115,WO012135,5,Service Quality,2026-01-15
FB009895,WO019640,5,Positive Experience,2026-07-10
FB000822,WO001638,5,Positive Experience,2025-03-11
FB001621,WO003199,3,Repeat Issue,2025-05-08
FB004505,WO008842,4,Staff Behaviour,2025-10-13
FB012073,WO023767,4,Positive Experience,2026-09-23
FB006395,WO012705,2,Turnaround Time,2026-01-28
FB000050,WO000100,4,Staff Behaviour,2025-01-04
FB003954,WO007783,5,Positive Experience,2025-09-14
FB007070,WO014059,4,Positive Experience,2026-03-06
FB010770,WO021338,4,Positive Experience,2026-08-09
FB003471,WO006839,5,Staff Behaviour,2025-08-19
FB011226,WO022194,5,Service Quality,2026-08-27
FB010267,WO020345,3,Turnaround Time,2026-07-23
FB002858,WO005702,5,Positive Experience,2025-07-19
FB004595,WO009029,4,Positive Experience,2025-10-18
FB002925,WO005825,5,Positive Experience,2025-07-26
FB003616,WO007119,4,Positive Experience,2025-08-27
FB011118,WO021984,4,Positive Experience,2026-08-22
FB003142,WO006218,5,Positive Experience,2025-08-04
FB001987,WO003984,3,Turnaround Time,2025-06-03
FB002385,WO004774,4,Positive Experience,2025-06-26
FB002406,WO004812,4,Positive Experience,2025-06-25
FB003156,WO006239,5,Positive Experience,2025-08-03
FB005139,WO010142,5,Positive Experience,2025-11-20
FB005475,WO010856,4,Positive Experience,2025-12-07
FB006728,WO013370,5,Positive Experience,2026-02-15
FB011414,WO022513,3,Turnaround Time,2026-09-01
FB000606,WO001197,3,Service Quality,2025-02-22
FB005084,WO010023,5,Positive Experience,2025-11-16
FB002326,WO004656,4,Positive Experience,2025-06-21
FB009436,WO018782,4,Service Quality,2026-06-22
FB006844,WO013608,4,Positive Experience,2026-02-23
FB001017,WO001994,5,Service Quality,2025-03-27
FB003021,WO006001,5,Positive Experience,2025-07-30
FB009282,WO018479,5,Positive Experience,2026-06-16
FB010961,WO021701,5,Staff Behaviour,2026-08-15
FB010791,WO021378,5,Service Quality,2026-08-09
FB002600,WO005165,2,Parts Availability,2025-07-10
FB003836,WO007549,3,Pricing,2025-09-07
FB008756,WO017428,4,Service Quality,2026-05-22
FB005198,WO010270,5,Positive Experience,2025-11-21
FB010943,WO021663,4,Positive Experience,2026-08-15
FB006877,WO013674,4,Staff Behaviour,2026-02-23
FB003460,WO006820,3,Pricing,2025-08-22
FB011893,WO023405,4,Positive Experience,2026-09-19
FB011902,WO023427,4,Positive Experience,2026-09-19
FB005252,WO010399,5,Positive Experience,2025-11-27
FB004311,WO008439,5,Positive Experience,2025-10-04
FB004120,WO008088,3,Turnaround Time,2025-09-23
FB006558,WO013034,5,Positive Experience,2026-02-08
FB005957,WO011853,3,Turnaround Time,2026-01-08
FB003877,WO007631,4,Positive Experience,2025-09-09
FB000643,WO001272,5,Positive Experience,2025-02-25
FB001124,WO002223,5,Positive Experience,2025-04-04
FB006180,WO012252,4,Service Quality,2026-01-15
FB003085,WO006116,5,Service Quality,2025-07-31
FB007613,WO015168,5,Positive Experience,2026-04-02
FB007687,WO015330,4,Staff Behaviour,2026-04-03
FB008576,WO017076,3,Turnaround Time,2026-05-18
FB010841,WO021468,3,Turnaround Time,2026-08-13
FB006754,WO013418,5,Service Quality,2026-02-14
FB011439,WO022556,4,Service Quality,2026-09-02
FB011465,WO022604,4,Positive Experience,2026-09-02
FB011845,WO023315,4,Positive Experience,2026-09-17
FB003435,WO006778,4,Service Quality,2025-08-21
FB009707,WO019283,5,Positive Experience,2026-06-30
FB002218,WO004428,4,Service Quality,2025-06-15
FB009596,WO019095,5,Positive Experience,2026-06-25
FB008997,WO017892,5,Service Quality,2026-06-03
FB003780,WO007437,4,Positive Experience,2025-09-05
FB007199,WO014310,4,Positive Experience,2026-03-13
FB008052,WO016017,5,Positive Experience,2026-04-22
FB009933,WO019719,5,Positive Experience,2026-07-10
FB007619,WO015180,3,Repeat Issue,2026-04-03
FB009563,WO019030,3,Turnaround Time,2026-06-24
FB006184,WO012259,4,Positive Experience,2026-01-17
FB005667,WO011240,5,Positive Experience,2025-12-18
FB000849,WO001685,4,Staff Behaviour,2025-03-15
FB010996,WO021755,5,Staff Behaviour,2026-08-18
FB008975,WO017840,4,Service Quality,2026-06-01
FB003324,WO006546,5,Staff Behaviour,2025-08-13
FB001751,WO003488,3,Repeat Issue,2025-05-16
FB009067,WO018035,5,Positive Experience,2026-06-04
FB008936,WO017765,5,Positive Experience,2026-05-30
FB000294,WO000576,4,Positive Experience,2025-01-30
FB000106,WO000217,3,Turnaround Time,2025-01-11
FB006308,WO012519,3,Turnaround Time,2026-01-22
FB000564,WO001120,5,Positive Experience,2025-02-21
FB011332,WO022384,4,Positive Experience,2026-08-27
FB003180,WO006282,5,Positive Experience,2025-08-04
FB010920,WO021628,3,Repeat Issue,2026-08-16
FB005435,WO010773,4,Staff Behaviour,2025-12-04
FB007863,WO015667,2,Parts Availability,2026-04-23
FB008040,WO015996,4,Positive Experience,2026-04-21
FB010647,WO021073,3,Turnaround Time,2026-08-04
FB010669,WO021120,4,Positive Experience,2026-08-04
FB006577,WO013075,2,Turnaround Time,2026-02-09
FB004293,WO008407,5,Service Quality,2025-09-30
FB000877,WO001727,5,Positive Experience,2025-03-16
FB003681,WO007241,3,Turnaround Time,2025-08-29
FB011994,WO023623,4,Positive Experience,2026-09-23
FB008181,WO016269,5,Staff Behaviour,2026-04-26
FB002305,WO004614,4,Staff Behaviour,2025-06-21
FB001004,WO001974,5,Service Quality,2025-03-23
FB007836,WO015618,4,Positive Experience,2026-04-12
FB008160,WO016226,5,Positive Experience,2026-04-27
FB002025,WO004061,4,Service Quality,2025-06-06
FB002632,WO005237,3,Parts Availability,2025-07-08
FB003514,WO006917,5,Staff Behaviour,2025-08-22
FB011309,WO022346,3,Turnaround Time,2026-08-27
FB003323,WO006545,4,Positive Experience,2025-08-13
FB001529,WO003016,4,Positive Experience,2025-05-01
FB002494,WO004974,2,Parts Availability,2025-07-12
FB002361,WO004730,5,Service Quality,2025-06-24
FB001228,WO002442,4,Positive Experience,2025-04-11
FB011088,WO021938,3,Turnaround Time,2026-08-19
FB011565,WO022805,5,Service Quality,2026-09-05
FB007305,WO014504,4,Positive Experience,2026-03-15
FB007438,WO014803,4,Positive Experience,2026-03-21
FB003168,WO006259,2,Parts Availability,2025-08-11
FB004157,WO008152,5,Service Quality,2025-09-24
FB004130,WO008108,5,Service Quality,2025-09-25
FB006375,WO012653,5,Positive Experience,2026-01-27
FB004554,WO008936,3,Pricing,2025-10-17
FB004244,WO008321,5,Service Quality,2025-09-28
FB007743,WO015424,4,Positive Experience,2026-04-06
FB011934,WO023502,3,Turnaround Time,2026-09-18
FB003461,WO006823,5,Positive Experience,2025-08-20
FB010966,WO021706,5,Positive Experience,2026-08-16
FB004726,WO009287,4,Positive Experience,2025-10-26
FB001549,WO003055,3,Parts Availability,2025-05-10
FB000145,WO000299,4,Positive Experience,2025-01-15
FB005259,WO010414,5,Positive Experience,2025-11-26
FB005867,WO011669,4,Positive Experience,2025-12-30
FB010088,WO020000,3,Parts Availability,2026-07-15
FB008368,WO016656,4,Positive Experience,2026-05-08
FB005930,WO011793,4,Positive Experience,2026-01-02
FB009979,WO019801,5,Positive Experience,2026-07-13
FB000987,WO001941,5,Positive Experience,2025-03-22
FB007712,WO015372,5,Staff Behaviour,2026-04-05
FB007554,WO015020,4,Positive Experience,2026-03-28
FB004187,WO008216,4,Positive Experience,2025-09-27
FB003642,WO007168,4,Positive Experience,2025-08-29
FB002595,WO005159,3,Turnaround Time,2025-07-07
FB002237,WO004466,3,Turnaround Time,2025-06-17
FB000384,WO000748,4,Positive Experience,2025-02-06
FB007781,WO015512,4,Positive Experience,2026-04-16
FB006882,WO013681,2,Parts Availability,2026-02-28
FB010621,WO021019,1,Repeat Issue,2026-08-01
FB009245,WO018411,5,Staff Behaviour,2026-06-13
FB011712,WO023081,4,Positive Experience,2026-09-10
FB003985,WO007833,3,Turnaround Time,2025-09-15
FB007468,WO014853,5,Service Quality,2026-03-22
FB010003,WO019847,3,Communication,2026-07-13
FB010944,WO021667,5,Positive Experience,2026-08-15
FB006626,WO013166,4,Positive Experience,2026-02-11
FB012139,WO023889,3,Turnaround Time,2026-09-28
FB001239,WO002462,5,Staff Behaviour,2025-04-11
FB000131,WO000275,4,Staff Behaviour,2025-01-14
FB004922,WO009680,5,Positive Experience,2025-11-06
FB010814,WO021422,3,Turnaround Time,2026-08-10
FB009381,WO018656,3,Staff Behaviour,2026-06-19
FB011600,WO022865,3,Parts Availability,2026-09-11
FB002783,WO005528,3,Service Quality,2025-07-17
FB000091,WO000188,4,Service Quality,2025-01-09
FB011427,WO022533,3,Turnaround Time,2026-09-03
FB002513,WO005003,3,Parts Availability,2025-07-08
FB006398,WO012713,5,Positive Experience,2026-01-31
FB001235,WO002455,3,Turnaround Time,2025-04-12
FB001583,WO003116,3,Staff Behaviour,2025-05-04
FB003743,WO007363,4,Staff Behaviour,2025-09-04
FB009065,WO018029,4,Positive Experience,2026-06-04
FB001783,WO003559,5,Positive Experience,2025-05-17
FB011946,WO023544,3,Parts Availability,2026-09-22
FB005402,WO010712,5,Positive Experience,2025-12-04
FB003657,WO007196,5,Positive Experience,2025-08-28
FB002951,WO005875,5,Service Quality,2025-07-27
FB002579,WO005129,4,Positive Experience,2025-07-05
FB011614,WO022895,4,Positive Experience,2026-09-09
FB008407,WO016738,5,Staff Behaviour,2026-05-09
FB010024,WO019881,5,Positive Experience,2026-07-12
FB010339,WO020502,4,Positive Experience,2026-07-24
FB001149,WO002275,5,Positive Experience,2025-04-06
FB003231,WO006370,5,Staff Behaviour,2025-08-09
FB010590,WO020962,3,Pricing,2026-08-03
FB009451,WO018804,3,Turnaround Time,2026-06-21
FB010742,WO021276,4,Positive Experience,2026-08-09
FB005096,WO010046,4,Service Quality,2025-11-15
FB010040,WO019904,3,Staff Behaviour,2026-07-14
FB003787,WO007445,5,Positive Experience,2025-09-07
FB008311,WO016549,4,Positive Experience,2026-05-04
FB007656,WO015270,4,Positive Experience,2026-04-03
FB002094,WO004198,5,Positive Experience,2025-06-10
FB004501,WO008837,5,Positive Experience,2025-10-14
FB009094,WO018097,3,Turnaround Time,2026-06-06
FB006199,WO012295,5,Positive Experience,2026-01-17
FB003644,WO007170,5,Staff Behaviour,2025-08-31
FB001460,WO002897,4,Positive Experience,2025-04-25
FB009662,WO019205,4,Positive Experience,2026-06-28
FB005267,WO010435,3,Service Quality,2025-11-26
FB006411,WO012733,5,Positive Experience,2026-01-28
FB003364,WO006630,4,Service Quality,2025-08-15
FB008644,WO017201,4,Positive Experience,2026-05-19
FB010362,WO020545,5,Positive Experience,2026-07-23
FB002675,WO005325,4,Positive Experience,2025-07-13
FB009897,WO019643,4,Positive Experience,2026-07-09
FB006627,WO013167,3,Turnaround Time,2026-02-11
FB001057,WO002079,5,Staff Behaviour,2025-03-27
FB006432,WO012774,5,Positive Experience,2026-01-31
FB009828,WO019519,4,Staff Behaviour,2026-07-05
FB002450,WO004888,5,Staff Behaviour,2025-06-30
FB008024,WO015968,4,Positive Experience,2026-04-18
FB011218,WO022177,2,Turnaround Time,2026-08-27
FB011582,WO022833,4,Positive Experience,2026-09-06
FB002794,WO005565,4,Positive Experience,2025-07-18
FB006600,WO013115,5,Positive Experience,2026-02-10
FB011640,WO022948,4,Positive Experience,2026-09-10
FB009150,WO018218,3,Turnaround Time,2026-06-11
FB011544,WO022768,5,Staff Behaviour,2026-09-06
FB010001,WO019843,5,Service Quality,2026-07-10
FB009125,WO018160,3,Repeat Issue,2026-06-10
FB011548,WO022777,3,Turnaround Time,2026-09-06
FB005705,WO011316,4,Positive Experience,2025-12-20
FB006974,WO013866,4,Positive Experience,2026-03-02
FB000433,WO000842,3,Turnaround Time,2025-02-09
FB009023,WO017942,4,Staff Behaviour,2026-06-05
FB011737,WO023121,5,Service Quality,2026-09-11
FB006206,WO012309,4,Service Quality,2026-01-17
FB007160,WO014239,4,Positive Experience,2026-03-12
FB000838,WO001668,4,Positive Experience,2025-03-13
FB011671,WO023011,3,Communication,2026-09-10
FB006243,WO012388,5,Positive Experience,2026-01-21
FB012179,WO023965,4,Service Quality,2026-09-29
FB011092,WO021946,5,Positive Experience,2026-08-20
FB004284,WO008390,4,Service Quality,2025-10-03
FB000799,WO001604,4,Positive Experience,2025-03-10
FB004113,WO008076,3,Turnaround Time,2025-09-23
FB007047,WO014007,4,Service Quality,2026-03-05
FB003209,WO006332,4,Positive Experience,2025-08-05
FB005075,WO010002,5,Positive Experience,2025-11-15
FB000739,WO001466,5,Positive Experience,2025-03-04
FB005425,WO010758,5,Service Quality,2025-12-07
FB010971,WO021714,4,Service Quality,2026-08-15
FB003303,WO006500,4,Staff Behaviour,2025-08-13
FB011009,WO021773,3,Parts Availability,2026-08-24
FB012133,WO023882,1,Repeat Issue,2026-09-27
FB007522,WO014959,4,Positive Experience,2026-03-25
FB008877,WO017655,4,Service Quality,2026-05-29
FB001292,WO002578,5,Positive Experience,2025-04-15
FB007639,WO015237,4,Staff Behaviour,2026-04-03
FB007598,WO015128,4,Positive Experience,2026-03-31
FB004030,WO007928,4,Positive Experience,2025-09-17
FB000923,WO001819,4,Service Quality,2025-03-19
FB001035,WO002037,4,Positive Experience,2025-03-27
FB009817,WO019493,2,Turnaround Time,2026-07-06
FB006585,WO013093,4,Service Quality,2026-02-08
FB001938,WO003873,4,Positive Experience,2025-06-01
FB009595,WO019093,5,Service Quality,2026-06-25
FB002039,WO004096,3,Parts Availability,2025-06-14
FB001606,WO003175,4,Staff Behaviour,2025-05-07
FB005306,WO010501,3,Turnaround Time,2025-11-30
FB006394,WO012703,4,Positive Experience,2026-01-31
FB010475,WO020768,3,Turnaround Time,2026-07-28
FB000184,WO000375,3,Turnaround Time,2025-01-19
FB000431,WO000839,4,Staff Behaviour,2025-02-13
FB005508,WO010919,5,Positive Experience,2025-12-11
FB001535,WO003023,4,Staff Behaviour,2025-05-03
FB008889,WO017675,5,Positive Experience,2026-05-27
FB005555,WO010999,5,Service Quality,2025-12-12
FB007959,WO015844,5,Positive Experience,2026-04-16
FB000821,WO001637,5,Positive Experience,2025-03-14
FB010314,WO020445,3,Service Quality,2026-07-24
FB011855,WO023333,5,Positive Experience,2026-09-17
FB001286,WO002564,4,Service Quality,2025-04-15
FB001533,WO003021,5,Positive Experience,2025-05-03
FB010037,WO019900,4,Service Quality,2026-07-11
FB006078,WO012067,3,Turnaround Time,2026-01-12
FB009019,WO017936,5,Positive Experience,2026-06-02
FB005229,WO010346,5,Positive Experience,2025-11-25
FB001464,WO002904,4,Service Quality,2025-04-28
FB005157,WO010193,5,Service Quality,2025-11-18
FB003173,WO006265,5,Positive Experience,2025-08-06
FB005800,WO011536,5,Staff Behaviour,2025-12-26
FB009698,WO019268,5,Positive Experience,2026-07-01
FB004769,WO009364,3,Service Quality,2025-10-26
FB011386,WO022467,3,Turnaround Time,2026-09-01
FB009070,WO018039,5,Positive Experience,2026-06-05
FB003748,WO007371,5,Positive Experience,2025-09-03
FB009494,WO018895,4,Service Quality,2026-06-24
FB000846,WO001682,4,Staff Behaviour,2025-03-12
FB006037,WO011995,4,Positive Experience,2026-01-09
FB001827,WO003638,4,Staff Behaviour,2025-05-22
FB005401,WO010709,5,Positive Experience,2025-12-03
FB007609,WO015159,5,Positive Experience,2026-03-31
FB002238,WO004469,3,Turnaround Time,2025-06-16
FB001617,WO003194,5,Service Quality,2025-05-09
FB008152,WO016216,4,Positive Experience,2026-04-27
FB010592,WO020966,2,Turnaround Time,2026-08-02
FB003262,WO006427,3,Repeat Issue,2025-08-08
FB009845,WO019549,3,Turnaround Time,2026-07-07
FB000247,WO000487,5,Positive Experience,2025-01-26
FB004268,WO008358,4,Positive Experience,2025-10-01
FB004313,WO008444,5,Positive Experience,2025-10-02
FB010464,WO020733,5,Positive Experience,2026-07-27
FB001244,WO002476,3,Parts Availability,2025-04-30
FB003307,WO006509,4,Positive Experience,2025-08-11
FB011116,WO021982,4,Service Quality,2026-08-20
FB002966,WO005906,5,Positive Experience,2025-07-27
FB001528,WO003015,3,Repeat Issue,2025-04-30
FB002884,WO005750,4,Service Quality,2025-07-23
FB004585,WO009010,5,Positive Experience,2025-10-19
FB010931,WO021648,5,Service Quality,2026-08-14
FB007741,WO015421,5,Positive Experience,2026-04-09
FB001795,WO003577,5,Service Quality,2025-05-21
FB005324,WO010546,5,Service Quality,2025-11-27
FB000594,WO001173,5,Positive Experience,2025-02-20
FB009269,WO018456,3,Turnaround Time,2026-06-16
FB010351,WO020526,5,Service Quality,2026-07-23
FB004513,WO008859,4,Positive Experience,2025-10-15
FB011820,WO023264,5,Service Quality,2026-09-17
FB002693,WO005358,4,Positive Experience,2025-07-12
FB010656,WO021089,5,Positive Experience,2026-08-02
FB007384,WO014672,5,Staff Behaviour,2026-03-20
FB002194,WO004388,5,Staff Behaviour,2025-06-13
FB008168,WO016244,3,Turnaround Time,2026-04-28
FB006891,WO013696,5,Positive Experience,2026-02-25
FB002081,WO004173,4,Positive Experience,2025-06-06
FB002476,WO004941,4,Positive Experience,2025-07-01
FB006122,WO012153,4,Positive Experience,2026-01-16
FB010282,WO020375,4,Service Quality,2026-07-22
FB010893,WO021579,5,Positive Experience,2026-08-13
FB000349,WO000681,4,Positive Experience,2025-02-03
FB004610,WO009072,5,Positive Experience,2025-10-20
FB007987,WO015893,3,Parts Availability,2026-04-28
FB005827,WO011591,4,Positive Experience,2025-12-28
FB001580,WO003111,5,Positive Experience,2025-05-05
FB000498,WO000977,5,Service Quality,2025-02-14
FB011348,WO022411,4,Service Quality,2026-08-27
FB000044,WO000088,4,Positive Experience,2025-01-06
FB006112,WO012125,4,Staff Behaviour,2026-01-12
FB005167,WO010208,4,Positive Experience,2025-11-20
FB006495,WO012915,5,Positive Experience,2026-02-05
FB008726,WO017363,5,Service Quality,2026-05-22
FB009278,WO018472,3,Turnaround Time,2026-06-17
FB008937,WO017766,4,Positive Experience,2026-05-31
FB011232,WO022206,5,Staff Behaviour,2026-08-24
FB012074,WO023771,4,Positive Experience,2026-09-23
FB004687,WO009220,4,Positive Experience,2025-10-23
FB000133,WO000280,5,Service Quality,2025-01-16
FB008155,WO016219,4,Positive Experience,2026-04-27
FB008716,WO017349,4,Positive Experience,2026-05-23
FB009034,WO017967,4,Positive Experience,2026-06-06
FB004842,WO009519,5,Positive Experience,2025-11-01
FB005202,WO010283,3,Pricing,2025-11-21
FB010407,WO020634,1,Repeat Issue,2026-07-25
FB005060,WO009975,5,Staff Behaviour,2025-11-12
FB001922,WO003840,4,Staff Behaviour,2025-05-30
FB009015,WO017931,5,Positive Experience,2026-06-02
FB008129,WO016172,4,Positive Experience,2026-04-26
FB001494,WO002962,4,Positive Experience,2025-04-29
FB010517,WO020849,4,Positive Experience,2026-07-31
FB008577,WO017077,5,Staff Behaviour,2026-05-16
FB008731,WO017376,4,Service Quality,2026-05-21
FB011752,WO023150,4,Service Quality,2026-09-12
FB001335,WO002654,4,Positive Experience,2025-04-19
FB008201,WO016310,5,Positive Experience,2026-04-29
FB008837,WO017589,4,Positive Experience,2026-05-27
FB005366,WO010637,5,Positive Experience,2025-11-30
FB007081,WO014078,5,Positive Experience,2026-03-07
FB010128,WO020079,4,Service Quality,2026-07-15
FB012242,WO024075,4,Positive Experience,2026-10-03
FB010445,WO020699,2,Turnaround Time,2026-07-30
FB003416,WO006741,5,Positive Experience,2025-08-18
FB004463,WO008768,5,Staff Behaviour,2025-10-12
FB011892,WO023404,4,Positive Experience,2026-09-18
FB003744,WO007366,5,Positive Experience,2025-09-05
FB008030,WO015977,4,Positive Experience,2026-04-18
FB010757,WO021311,4,Positive Experience,2026-08-08
FB001892,WO003770,4,Positive Experience,2025-05-27
FB008068,WO016056,3,Turnaround Time,2026-04-22
FB007602,WO015141,5,Service Quality,2026-03-31
FB009427,WO018767,3,Turnaround Time,2026-06-22
FB004164,WO008169,5,Positive Experience,2025-09-24
FB005745,WO011408,5,Positive Experience,2025-12-23
FB003789,WO007450,4,Service Quality,2025-09-07
FB004450,WO008736,3,Communication,2025-10-12
FB011028,WO021809,3,Turnaround Time,2026-08-17
FB011507,WO022686,2,Turnaround Time,2026-09-02
FB010057,WO019939,3,Turnaround Time,2026-07-16
FB002153,WO004305,4,Positive Experience,2025-06-10
FB009624,WO019144,4,Positive Experience,2026-06-29
FB009453,WO018808,4,Service Quality,2026-06-25
FB007793,WO015527,5,Positive Experience,2026-04-11
FB005224,WO010338,3,Turnaround Time,2025-11-23
FB008657,WO017232,4,Positive Experience,2026-05-19
FB004335,WO008492,4,Positive Experience,2025-10-05
FB004315,WO008449,5,Staff Behaviour,2025-10-04
FB003538,WO006963,3,Turnaround Time,2025-08-24
FB008805,WO017521,2,Turnaround Time,2026-05-28
FB010584,WO020955,5,Service Quality,2026-07-31
FB009876,WO019591,4,Staff Behaviour,2026-07-06
FB003821,WO007517,4,Positive Experience,2025-09-07
FB002591,WO005151,4,Staff Behaviour,2025-07-05
FB004868,WO009572,4,Positive Experience,2025-11-01
FB000735,WO001450,4,Positive Experience,2025-03-06
FB011789,WO023209,3,Turnaround Time,2026-09-13
FB006380,WO012661,2,Parts Availability,2026-02-01
FB000879,WO001729,4,Service Quality,2025-03-17
FB005889,WO011711,4,Positive Experience,2026-01-01
FB001734,WO003450,3,Turnaround Time,2025-05-17
FB011275,WO022281,4,Positive Experience,2026-08-26
FB007529,WO014976,5,Service Quality,2026-03-26
FB007581,WO015076,2,Turnaround Time,2026-03-28
FB010023,WO019880,4,Service Quality,2026-07-11
FB005695,WO011297,4,Positive Experience,2025-12-21
FB012256,WO024100,4,Service Quality,2026-10-01
FB005071,WO009994,5,Positive Experience,2025-11-14
FB006004,WO011935,5,Positive Experience,2026-01-06
FB006519,WO012961,5,Positive Experience,2026-02-05
FB002462,WO004919,5,Positive Experience,2025-06-29
FB000792,WO001584,4,Positive Experience,2025-03-08
FB011883,WO023387,4,Service Quality,2026-09-16
FB000504,WO000987,5,Positive Experience,2025-02-13
FB000417,WO000814,4,Positive Experience,2025-02-08
FB010846,WO021474,3,Turnaround Time,2026-08-10
FB008445,WO016810,3,Turnaround Time,2026-05-10
FB001604,WO003169,4,Positive Experience,2025-05-05
FB007146,WO014216,4,Positive Experience,2026-03-09
FB008559,WO017048,4,Positive Experience,2026-05-17
FB011621,WO022903,3,Repeat Issue,2026-09-07
FB001570,WO003089,4,Service Quality,2025-05-02
FB005371,WO010643,4,Positive Experience,2025-11-29
FB010469,WO020753,3,Turnaround Time,2026-07-29
FB009310,WO018532,4,Positive Experience,2026-06-16
FB012070,WO023761,3,Parts Availability,2026-09-27
FB004677,WO009197,4,Staff Behaviour,2025-10-25
FB008911,WO017717,5,Positive Experience,2026-05-28
FB006014,WO011951,5,Staff Behaviour,2026-01-09
FB004764,WO009355,3,Turnaround Time,2025-10-28
FB011746,WO023140,5,Positive Experience,2026-09-11
FB007727,WO015393,4,Positive Experience,2026-04-07
FB006780,WO013471,5,Positive Experience,2026-02-16
FB002587,WO005142,4,Positive Experience,2025-07-06
FB011136,WO022030,5,Positive Experience,2026-08-22
FB010434,WO020676,2,Turnaround Time,2026-07-30
FB011665,WO022998,4,Positive Experience,2026-09-09
FB005771,WO011468,4,Positive Experience,2025-12-27
FB010876,WO021530,2,Turnaround Time,2026-08-11
FB009089,WO018089,4,Positive Experience,2026-06-06
FB002422,WO004846,4,Service Quality,2025-06-29
FB002562,WO005101,4,Positive Experience,2025-07-04
FB005363,WO010630,4,Positive Experience,2025-11-30
FB005293,WO010482,5,Staff Behaviour,2025-11-29
FB008957,WO017798,4,Positive Experience,2026-06-02
FB007110,WO014141,5,Positive Experience,2026-03-09
FB002500,WO004986,5,Service Quality,2025-07-03
FB009657,WO019197,4,Positive Experience,2026-07-03
FB001708,WO003400,5,Staff Behaviour,2025-05-14
FB006977,WO013874,3,Parts Availability,2026-03-12
FB004088,WO008028,4,Positive Experience,2025-09-19
FB000151,WO000310,4,Positive Experience,2025-01-15
FB011242,WO022222,3,Parts Availability,2026-08-28
FB003551,WO006984,3,Turnaround Time,2025-08-23
FB011195,WO022136,2,Turnaround Time,2026-08-23
FB010257,WO020327,3,Parts Availability,2026-07-27
FB002324,WO004649,5,Positive Experience,2025-06-21
FB009447,WO018798,4,Positive Experience,2026-06-22
FB006493,WO012909,3,Turnaround Time,2026-02-05
FB004907,WO009655,4,Service Quality,2025-11-06
FB000052,WO000108,5,Positive Experience,2025-01-05
FB008555,WO017040,5,Service Quality,2026-05-17
FB004333,WO008490,5,Service Quality,2025-10-04
FB002045,WO004111,2,Parts Availability,2025-06-18
FB002879,WO005738,3,Communication,2025-07-21
FB010493,WO020801,4,Positive Experience,2026-07-31
FB004097,WO008047,4,Positive Experience,2025-09-23
FB003287,WO006478,4,Service Quality,2025-08-09
FB001975,WO003955,3,Turnaround Time,2025-06-01
FB008467,WO016850,5,Positive Experience,2026-05-10
FB009195,WO018305,5,Positive Experience,2026-06-14
FB003048,WO006057,4,Positive Experience,2025-07-29
FB004471,WO008779,4,Positive Experience,2025-10-11
FB010952,WO021684,3,Parts Availability,2026-08-27
FB000359,WO000699,4,Service Quality,2025-02-01
FB007513,WO014929,5,Positive Experience,2026-03-27
FB005323,WO010545,5,Positive Experience,2025-11-29
FB009211,WO018345,5,Service Quality,2026-06-14
FB005488,WO010879,2,Turnaround Time,2025-12-09
FB007027,WO013966,4,Service Quality,2026-03-03
FB010026,WO019884,3,Turnaround Time,2026-07-13
FB005260,WO010416,3,Parts Availability,2025-12-06
FB010396,WO020604,3,Pricing,2026-07-27
FB009397,WO018692,4,Positive Experience,2026-06-21
FB010438,WO020684,2,Turnaround Time,2026-07-25
FB007334,WO014566,4,Positive Experience,2026-03-16
FB012124,WO023870,3,Communication,2026-09-26
FB005727,WO011360,5,Service Quality,2025-12-22
FB006292,WO012484,4,Positive Experience,2026-01-23
FB005193,WO010256,5,Positive Experience,2025-11-21
FB002888,WO005754,5,Positive Experience,2025-07-24
FB000736,WO001452,5,Positive Experience,2025-03-04
FB010709,WO021209,3,Turnaround Time,2026-08-07
FB006561,WO013043,4,Positive Experience,2026-02-07
FB011259,WO022250,3,Turnaround Time,2026-08-26
FB005040,WO009928,5,Staff Behaviour,2025-11-14
FB001345,WO002672,4,Service Quality,2025-04-19
FB010159,WO020133,5,Staff Behaviour,2026-07-18
FB010575,WO020937,5,Positive Experience,2026-07-30
FB011455,WO022581,4,Positive Experience,2026-09-01
FB004397,WO008598,5,Staff Behaviour,2025-10-08
FB004170,WO008181,4,Positive Experience,2025-09-25
FB008077,WO016069,4,Positive Experience,2026-04-25
FB000837,WO001666,4,Positive Experience,2025-03-15
FB009351,WO018607,5,Staff Behaviour,2026-06-19
FB010922,WO021630,3,Pricing,2026-08-16
FB002224,WO004440,5,Service Quality,2025-06-17
FB003598,WO007084,5,Service Quality,2025-08-28
FB009649,WO019179,2,Parts Availability,2026-07-08
FB011248,WO022232,4,Positive Experience,2026-08-25
FB009873,WO019588,3,Turnaround Time,2026-07-08
FB002054,WO004130,5,Positive Experience,2025-06-05
FB004165,WO008170,3,Turnaround Time,2025-09-27
FB000292,WO000571,5,Positive Experience,2025-01-28
FB001774,WO003542,5,Service Quality,2025-05-19
FB003130,WO006198,4,Positive Experience,2025-08-02
FB012248,WO024083,2,Repeat Issue,2026-10-02
FB002746,WO005463,4,Service Quality,2025-07-15
FB006976,WO013871,5,Positive Experience,2026-03-01
FB003360,WO006617,5,Service Quality,2025-08-14
FB008621,WO017152,4,Service Quality,2026-05-17
FB002075,WO004164,4,Positive Experience,2025-06-09
FB001454,WO002887,4,Positive Experience,2025-04-26
FB004377,WO008562,5,Positive Experience,2025-10-04
FB002837,WO005653,4,Service Quality,2025-07-19
FB003972,WO007809,5,Positive Experience,2025-09-14
FB010181,WO020176,5,Service Quality,2026-07-19
FB001865,WO003713,4,Staff Behaviour,2025-05-25
FB006915,WO013744,5,Service Quality,2026-02-25
FB003530,WO006946,5,Positive Experience,2025-08-22
FB003010,WO005976,2,Parts Availability,2025-08-02
FB005246,WO010385,5,Positive Experience,2025-11-24
FB005574,WO011042,2,Parts Availability,2025-12-25
FB002352,WO004710,4,Positive Experience,2025-06-22
FB008417,WO016761,5,Positive Experience,2026-05-10
FB006903,WO013716,5,Positive Experience,2026-02-24
FB000633,WO001250,3,Repeat Issue,2025-02-26
FB003120,WO006181,5,Staff Behaviour,2025-08-04
FB011214,WO022171,5,Staff Behaviour,2026-08-25
FB002259,WO004506,4,Service Quality,2025-06-19
FB011277,WO022284,2,Parts Availability,2026-09-15
FB008072,WO016061,3,Communication,2026-04-22
FB000644,WO001274,4,Service Quality,2025-02-24
FB004171,WO008183,3,Parts Availability,2025-09-27
FB008748,WO017418,3,Turnaround Time,2026-05-25
FB008739,WO017397,3,Turnaround Time,2026-05-24
FB008878,WO017656,5,Service Quality,2026-05-27
FB009446,WO018797,4,Positive Experience,2026-06-21
FB004150,WO008144,5,Service Quality,2025-09-26
FB005526,WO010943,2,Turnaround Time,2025-12-12
FB001371,WO002720,3,Parts Availability,2025-05-02
FB007690,WO015342,4,Staff Behaviour,2026-04-07
FB004110,WO008072,3,Turnaround Time,2025-09-20
FB010308,WO020424,5,Staff Behaviour,2026-07-21
FB001820,WO003628,5,Positive Experience,2025-05-23
FB004528,WO008885,4,Service Quality,2025-10-13
FB005342,WO010581,4,Positive Experience,2025-11-30
FB007219,WO014350,5,Positive Experience,2026-03-10
FB006254,WO012404,4,Positive Experience,2026-01-19
FB011837,WO023296,4,Positive Experience,2026-09-16
FB010799,WO021395,4,Positive Experience,2026-08-09
FB011158,WO022075,4,Service Quality,2026-08-22
FB004211,WO008260,4,Positive Experience,2025-09-27
FB002969,WO005917,5,Staff Behaviour,2025-07-25
FB000187,WO000380,4,Positive Experience,2025-01-19
FB003004,WO005964,4,Service Quality,2025-07-28
FB004246,WO008325,4,Staff Behaviour,2025-09-27
FB007528,WO014975,5,Service Quality,2026-03-26
FB004755,WO009339,5,Positive Experience,2025-10-25
FB000192,WO000388,3,Pricing,2025-01-20
FB006457,WO012834,5,Positive Experience,2026-02-01
FB008359,WO016638,5,Positive Experience,2026-05-04
FB010692,WO021177,5,Staff Behaviour,2026-08-07
FB010371,WO020558,3,Pricing,2026-07-26
FB011294,WO022313,5,Positive Experience,2026-08-29
FB001277,WO002546,4,Positive Experience,2025-04-15
FB002221,WO004432,3,Turnaround Time,2025-06-14
FB002118,WO004240,3,Pricing,2025-06-09
FB010969,WO021712,5,Positive Experience,2026-08-15
FB000862,WO001701,5,Positive Experience,2025-03-15
FB008105,WO016123,4,Positive Experience,2026-04-24
FB008078,WO016072,5,Positive Experience,2026-04-22
FB001590,WO003142,4,Service Quality,2025-05-04
FB002279,WO004553,2,Parts Availability,2025-06-24
FB006813,WO013537,4,Positive Experience,2026-02-19
FB002563,WO005103,5,Service Quality,2025-07-04
FB004214,WO008269,5,Staff Behaviour,2025-09-29
FB010188,WO020191,3,Turnaround Time,2026-07-20
FB008163,WO016234,5,Positive Experience,2026-04-26
FB010640,WO021059,4,Positive Experience,2026-08-03
FB008439,WO016799,4,Positive Experience,2026-05-11
FB005310,WO010514,4,Staff Behaviour,2025-11-29
FB003862,WO007605,4,Positive Experience,2025-09-11
FB009771,WO019400,5,Staff Behaviour,2026-07-05
FB001201,WO002367,5,Service Quality,2025-04-07
FB007127,WO014180,4,Positive Experience,2026-03-11
FB009704,WO019277,4,Positive Experience,2026-06-30
FB008732,WO017379,5,Positive Experience,2026-05-23
FB009773,WO019402,5,Service Quality,2026-07-05
FB001978,WO003966,3,Repeat Issue,2025-06-01
FB002264,WO004518,4,Service Quality,2025-06-17
FB000672,WO001334,5,Staff Behaviour,2025-02-27
FB000457,WO000879,4,Service Quality,2025-02-09
FB011968,WO023582,5,Positive Experience,2026-09-19
FB004560,WO008949,5,Staff Behaviour,2025-10-15
FB008770,WO017462,3,Turnaround Time,2026-05-25
FB000427,WO000833,4,Positive Experience,2025-02-08
FB006958,WO013834,3,Turnaround Time,2026-02-27
FB006655,WO013215,4,Service Quality,2026-02-11
FB007593,WO015117,4,Positive Experience,2026-03-29
FB000610,WO001202,4,Service Quality,2025-02-22
FB009415,WO018745,2,Repeat Issue,2026-06-19
FB003296,WO006490,2,Turnaround Time,2025-08-12
FB007426,WO014780,5,Service Quality,2026-03-20
FB006168,WO012233,3,Communication,2026-01-17
FB001515,WO002996,4,Positive Experience,2025-05-02
FB003920,WO007713,5,Service Quality,2025-09-10
FB011425,WO022530,5,Positive Experience,2026-09-01
FB011105,WO021965,5,Positive Experience,2026-08-19
FB004838,WO009512,3,Pricing,2025-10-31
FB004817,WO009480,5,Positive Experience,2025-10-30
FB004972,WO009789,4,Positive Experience,2025-11-10
FB000526,WO001025,5,Positive Experience,2025-02-16
FB003677,WO007233,4,Service Quality,2025-08-31
FB010891,WO021572,3,Turnaround Time,2026-08-14
FB007780,WO015507,2,Turnaround Time,2026-04-07
FB010603,WO020987,3,Communication,2026-07-31
FB007187,WO014293,3,Turnaround Time,2026-03-12
FB010354,WO020529,5,Positive Experience,2026-07-23
FB011220,WO022179,4,Service Quality,2026-08-26
FB006572,WO013065,4,Positive Experience,2026-02-06
FB011379,WO022457,5,Staff Behaviour,2026-08-28
FB005653,WO011215,5,Staff Behaviour,2025-12-18
FB004708,WO009258,2,Repeat Issue,2025-10-26
FB009182,WO018284,4,Positive Experience,2026-06-11
FB011102,WO021962,2,Turnaround Time,2026-08-21
FB006503,WO012934,5,Staff Behaviour,2026-02-03
FB004482,WO008806,4,Positive Experience,2025-10-13
FB006973,WO013865,4,Positive Experience,2026-03-01
FB010794,WO021384,2,Turnaround Time,2026-08-13
FB009238,WO018399,5,Positive Experience,2026-06-14
FB008371,WO016662,5,Staff Behaviour,2026-05-06
FB005926,WO011786,4,Positive Experience,2026-01-02
FB003517,WO006923,4,Positive Experience,2025-08-22
FB003388,WO006681,4,Positive Experience,2025-08-16
FB012019,WO023664,5,Staff Behaviour,2026-09-21
FB007190,WO014296,5,Staff Behaviour,2026-03-09
FB009497,WO018901,5,Positive Experience,2026-06-23
FB010684,WO021159,4,Positive Experience,2026-08-06
FB006746,WO013404,4,Positive Experience,2026-02-14
FB010942,WO021662,4,Staff Behaviour,2026-08-17
FB007848,WO015639,3,Turnaround Time,2026-04-12
FB001340,WO002663,3,Pricing,2025-04-17
FB004579,WO008997,4,Staff Behaviour,2025-10-19
FB004405,WO008619,5,Service Quality,2025-10-07
FB006992,WO013903,4,Positive Experience,2026-03-03
FB005026,WO009909,5,Service Quality,2025-11-12
FB004992,WO009841,2,Repeat Issue,2025-11-10
FB011910,WO023446,4,Staff Behaviour,2026-09-20
FB009591,WO019081,5,Positive Experience,2026-06-26
FB002892,WO005763,5,Positive Experience,2025-07-21
FB000689,WO001365,4,Service Quality,2025-03-02
FB011298,WO022327,2,Repeat Issue,2026-08-26
FB000507,WO000991,4,Positive Experience,2025-02-16
FB003549,WO006981,4,Positive Experience,2025-08-24
FB006481,WO012879,3,Turnaround Time,2026-02-02
FB005211,WO010298,4,Positive Experience,2025-11-23
FB010315,WO020448,4,Service Quality,2026-07-21
FB001355,WO002690,4,Service Quality,2025-04-21
FB008154,WO016218,4,Service Quality,2026-04-26
FB004886,WO009615,3,Turnaround Time,2025-11-03
FB006187,WO012266,5,Positive Experience,2026-01-19
FB009129,WO018168,5,Positive Experience,2026-06-11
FB008626,WO017164,4,Staff Behaviour,2026-05-18
FB007267,WO014445,5,Positive Experience,2026-03-13
FB012158,WO023930,3,Turnaround Time,2026-09-29
FB004810,WO009463,3,Turnaround Time,2025-10-31
FB007448,WO014823,3,Turnaround Time,2026-03-24
FB010907,WO021604,4,Service Quality,2026-08-13
FB002362,WO004732,3,Repeat Issue,2025-06-23
FB007658,WO015273,5,Positive Experience,2026-04-03
FB003716,WO007306,5,Positive Experience,2025-09-01
FB010198,WO020212,3,Turnaround Time,2026-07-20
FB006559,WO013038,5,Positive Experience,2026-02-08
FB006897,WO013705,5,Positive Experience,2026-02-26
FB007220,WO014353,5,Staff Behaviour,2026-03-14
FB005146,WO010167,5,Service Quality,2025-11-18
FB006842,WO013606,2,Repeat Issue,2026-02-21
FB006248,WO012394,5,Staff Behaviour,2026-01-20
FB006374,WO012652,5,Service Quality,2026-01-29
FB012001,WO023636,4,Service Quality,2026-09-21
FB011127,WO022004,5,Positive Experience,2026-08-23
FB006702,WO013331,3,Turnaround Time,2026-02-15
FB003160,WO006245,2,Turnaround Time,2025-08-05
FB004263,WO008353,5,Positive Experience,2025-10-02
FB008191,WO016287,5,Positive Experience,2026-04-28
FB003065,WO006083,4,Positive Experience,2025-07-31
FB011492,WO022654,5,Positive Experience,2026-09-04
FB002089,WO004188,3,Service Quality,2025-06-09
FB001999,WO004017,5,Positive Experience,2025-06-03
FB008689,WO017293,5,Positive Experience,2026-05-21
FB000123,WO000258,4,Staff Behaviour,2025-01-15
FB002952,WO005876,5,Service Quality,2025-07-24
FB004054,WO007969,4,Positive Experience,2025-09-18
FB001289,WO002573,5,Staff Behaviour,2025-04-14
FB001354,WO002689,3,Pricing,2025-04-21
FB005066,WO009987,4,Positive Experience,2025-11-16
FB011909,WO023445,2,Pricing,2026-09-19
FB011804,WO023234,3,Turnaround Time,2026-09-16
FB003419,WO006746,5,Positive Experience,2025-08-17
FB008291,WO016511,4,Positive Experience,2026-05-03
FB007927,WO015780,5,Positive Experience,2026-04-17
FB011231,WO022205,5,Positive Experience,2026-08-27
FB011018,WO021789,5,Staff Behaviour,2026-08-17
FB005798,WO011533,3,Turnaround Time,2025-12-29
FB000781,WO001560,4,Positive Experience,2025-03-11
FB000178,WO000365,5,Positive Experience,2025-01-17
FB000936,WO001850,5,Service Quality,2025-03-22
FB011861,WO023345,3,Turnaround Time,2026-09-15
FB003260,WO006423,4,Service Quality,2025-08-08
FB000652,WO001291,3,Communication,2025-02-27
FB000994,WO001954,1,Repeat Issue,2025-03-27
FB012153,WO023911,3,Repeat Issue,2026-09-27
FB002482,WO004952,4,Service Quality,2025-06-29
FB009741,WO019336,3,Turnaround Time,2026-07-01
FB005914,WO011766,3,Turnaround Time,2026-01-05
FB002323,WO004647,5,Service Quality,2025-06-20
FB005865,WO011660,4,Positive Experience,2026-01-05
FB008341,WO016603,5,Service Quality,2026-05-06
FB011638,WO022944,5,Positive Experience,2026-09-09
FB005715,WO011343,5,Positive Experience,2025-12-23
FB004280,WO008385,3,Repeat Issue,2025-09-30
FB003609,WO007102,5,Staff Behaviour,2025-08-29
FB006590,WO013099,3,Turnaround Time,2026-02-09
FB005697,WO011301,5,Positive Experience,2025-12-19
FB010091,WO020003,4,Positive Experience,2026-07-16
FB002929,WO005831,3,Pricing,2025-07-26
FB009849,WO019553,3,Staff Behaviour,2026-07-07
FB009366,WO018633,3,Repeat Issue,2026-06-19
FB009926,WO019706,5,Positive Experience,2026-07-11
FB002287,WO004568,5,Staff Behaviour,2025-06-19
FB002959,WO005890,4,Staff Behaviour,2025-07-28
FB005048,WO009942,4,Positive Experience,2025-11-15
FB004795,WO009424,5,Service Quality,2025-10-28
FB003839,WO007556,5,Staff Behaviour,2025-09-07
FB004939,WO009715,4,Positive Experience,2025-11-07
FB009711,WO019292,4,Staff Behaviour,2026-06-30
FB003135,WO006206,3,Repeat Issue,2025-08-02
FB000833,WO001660,5,Service Quality,2025-03-15
FB001880,WO003743,3,Parts Availability,2025-05-30
FB011125,WO022001,5,Positive Experience,2026-08-20
FB001197,WO002360,4,Positive Experience,2025-04-05
FB001199,WO002362,4,Service Quality,2025-04-09
FB000450,WO000868,4,Positive Experience,2025-02-10
FB011834,WO023289,4,Positive Experience,2026-09-15
FB006468,WO012856,4,Positive Experience,2026-02-03
FB011668,WO023005,4,Positive Experience,2026-09-11
FB006945,WO013812,5,Service Quality,2026-02-26
FB010868,WO021518,3,Turnaround Time,2026-08-13
FB002065,WO004150,4,Positive Experience,2025-06-08
FB001582,WO003115,4,Service Quality,2025-05-05
FB003655,WO007190,4,Positive Experience,2025-09-01
FB008788,WO017486,4,Staff Behaviour,2026-05-26
FB010914,WO021617,4,Service Quality,2026-08-16
FB005566,WO011027,4,Staff Behaviour,2025-12-12
FB004109,WO008069,4,Service Quality,2025-09-23
FB002015,WO004043,5,Service Quality,2025-06-06
FB004744,WO009315,5,Staff Behaviour,2025-10-26
FB009311,WO018535,5,Positive Experience,2026-06-18
FB002816,WO005608,4,Positive Experience,2025-07-20
FB003134,WO006202,4,Positive Experience,2025-08-03
FB007389,WO014680,3,Parts Availability,2026-03-21
FB006508,WO012941,5,Positive Experience,2026-02-04
FB001881,WO003744,3,Communication,2025-05-25
FB000425,WO000829,5,Staff Behaviour,2025-02-07
FB011006,WO021768,2,Turnaround Time,2026-08-16
FB002119,WO004244,4,Staff Behaviour,2025-06-10
FB001876,WO003735,3,Turnaround Time,2025-05-26
FB004906,WO009653,4,Service Quality,2025-11-06
FB009488,WO018883,4,Positive Experience,2026-06-22
FB000683,WO001351,4,Staff Behaviour,2025-03-03
FB008472,WO016871,4,Service Quality,2026-05-11
FB001834,WO003652,2,Repeat Issue,2025-05-23
FB006059,WO012039,2,Parts Availability,2026-01-16
FB012023,WO023669,3,Turnaround Time,2026-09-24
FB006589,WO013098,3,Turnaround Time,2026-02-10
FB008801,WO017512,4,Service Quality,2026-05-26
FB001283,WO002561,3,Turnaround Time,2025-04-17
FB001303,WO002592,5,Positive Experience,2025-04-15
FB008971,WO017829,3,Turnaround Time,2026-06-01
FB008724,WO017360,5,Positive Experience,2026-05-24
FB011885,WO023391,4,Positive Experience,2026-09-17
FB009679,WO019229,5,Positive Experience,2026-06-29
FB000915,WO001801,4,Positive Experience,2025-03-18
FB009779,WO019412,3,Repeat Issue,2026-07-04
FB010344,WO020510,5,Positive Experience,2026-07-23
FB009287,WO018493,2,Turnaround Time,2026-06-18
FB008965,WO017818,3,Turnaround Time,2026-06-02
FB001828,WO003643,4,Positive Experience,2025-05-24
FB004483,WO008809,4,Positive Experience,2025-10-11
FB005528,WO010950,4,Staff Behaviour,2025-12-11
FB003961,WO007793,5,Staff Behaviour,2025-09-13
FB009208,WO018334,4,Staff Behaviour,2026-06-12
FB008940,WO017771,4,Service Quality,2026-05-30
FB010930,WO021643,5,Positive Experience,2026-08-16
FB003797,WO007474,5,Service Quality,2025-09-04
FB002651,WO005280,3,Service Quality,2025-07-08
FB002112,WO004230,4,Staff Behaviour,2025-06-08
FB008978,WO017849,3,Turnaround Time,2026-06-03
FB010261,WO020333,4,Positive Experience,2026-07-21
FB001690,WO003345,5,Service Quality,2025-05-13
FB006214,WO012329,3,Turnaround Time,2026-01-19
FB000885,WO001738,4,Service Quality,2025-03-14
FB000303,WO000594,5,Positive Experience,2025-01-28
FB001762,WO003514,5,Service Quality,2025-05-18
FB001379,WO002730,5,Positive Experience,2025-04-20
FB007249,WO014404,5,Positive Experience,2026-03-12
FB009005,WO017904,4,Service Quality,2026-06-04
FB004920,WO009678,4,Service Quality,2025-11-05
FB007324,WO014549,3,Turnaround Time,2026-03-16
FB002728,WO005434,4,Positive Experience,2025-07-14
FB000918,WO001806,3,Turnaround Time,2025-03-18
FB008062,WO016041,5,Positive Experience,2026-04-23
FB008709,WO017336,3,Communication,2026-05-21
FB008851,WO017614,4,Positive Experience,2026-05-29
FB005875,WO011687,4,Positive Experience,2026-01-02
FB006721,WO013360,5,Positive Experience,2026-02-15
FB009536,WO018982,5,Positive Experience,2026-06-24
FB002331,WO004665,5,Service Quality,2025-06-24
FB000316,WO000614,5,Service Quality,2025-01-29
FB011346,WO022409,2,Turnaround Time,2026-08-27
FB004889,WO009618,4,Positive Experience,2025-11-04
FB005063,WO009981,4,Positive Experience,2025-11-14
FB008919,WO017727,4,Service Quality,2026-05-31
FB009378,WO018649,5,Positive Experience,2026-06-20
FB001134,WO002243,4,Positive Experience,2025-04-03
FB011569,WO022812,5,Service Quality,2026-09-07
FB009735,WO019326,5,Staff Behaviour,2026-06-30
FB006264,WO012430,5,Positive Experience,2026-01-22
FB011515,WO022703,4,Staff Behaviour,2026-09-06
FB006055,WO012031,4,Positive Experience,2026-01-09
FB011770,WO023175,2,Repeat Issue,2026-09-12
FB009915,WO019677,5,Staff Behaviour,2026-07-09
FB009885,WO019613,5,Positive Experience,2026-07-07
FB000216,WO000429,5,Positive Experience,2025-01-21
FB004609,WO009070,5,Service Quality,2025-10-19
FB004366,WO008541,2,Parts Availability,2025-10-20
FB005741,WO011394,5,Positive Experience,2025-12-24
FB011256,WO022244,5,Staff Behaviour,2026-08-28
FB012173,WO023955,4,Service Quality,2026-10-06
FB004979,WO009800,4,Service Quality,2025-11-10
FB002520,WO005020,3,Pricing,2025-07-04
FB006355,WO012622,3,Turnaround Time,2026-01-26
FB000485,WO000938,5,Service Quality,2025-02-14
FB008678,WO017277,4,Positive Experience,2026-05-22
FB009611,WO019122,4,Staff Behaviour,2026-06-26
FB006580,WO013085,3,Turnaround Time,2026-02-09
FB002900,WO005775,3,Repeat Issue,2025-07-23
FB009877,WO019592,5,Positive Experience,2026-07-08
FB007840,WO015622,4,Positive Experience,2026-04-13
FB008109,WO016130,5,Positive Experience,2026-04-24
FB011209,WO022163,4,Staff Behaviour,2026-08-25
FB005344,WO010585,3,Parts Availability,2025-12-10
FB001023,WO002000,3,Staff Behaviour,2025-03-25
FB010649,WO021076,3,Turnaround Time,2026-08-05
FB007344,WO014584,5,Positive Experience,2026-03-19
FB000622,WO001227,5,Positive Experience,2025-02-22
FB010414,WO020646,3,Turnaround Time,2026-07-27
FB002222,WO004435,3,Turnaround Time,2025-06-14
FB011447,WO022572,3,Turnaround Time,2026-09-01
FB001864,WO003712,4,Staff Behaviour,2025-05-24
FB004964,WO009772,4,Service Quality,2025-11-09
FB008133,WO016177,4,Positive Experience,2026-04-26
FB001895,WO003777,4,Service Quality,2025-05-27
FB001157,WO002290,3,Communication,2025-04-03
FB000707,WO001405,5,Positive Experience,2025-03-02
FB010859,WO021497,4,Positive Experience,2026-08-11
FB007681,WO015320,5,Positive Experience,2026-04-06
FB009169,WO018250,4,Service Quality,2026-06-11
FB007085,WO014091,4,Positive Experience,2026-03-07
FB008491,WO016913,2,Repeat Issue,2026-05-12
FB008645,WO017202,5,Service Quality,2026-05-19
FB006601,WO013116,4,Positive Experience,2026-02-07
FB003640,WO007161,3,Turnaround Time,2025-08-29
FB005564,WO011025,4,Positive Experience,2025-12-13
FB004872,WO009583,4,Positive Experience,2025-11-03
FB002085,WO004177,5,Positive Experience,2025-06-08
FB007700,WO015353,4,Staff Behaviour,2026-04-06
FB005721,WO011350,4,Staff Behaviour,2025-12-23
FB008602,WO017119,5,Positive Experience,2026-05-18
FB008664,WO017249,2,Repeat Issue,2026-05-21
FB006487,WO012890,5,Positive Experience,2026-02-02
FB010288,WO020383,5,Service Quality,2026-07-20
FB004189,WO008221,5,Staff Behaviour,2025-09-26
FB003125,WO006189,5,Positive Experience,2025-08-04
FB005081,WO010015,3,Pricing,2025-11-14
FB001260,WO002503,5,Positive Experience,2025-04-13
FB009729,WO019316,4,Service Quality,2026-07-01
FB003178,WO006275,5,Service Quality,2025-08-04
FB005440,WO010780,4,Positive Experience,2025-12-06
FB008047,WO016010,5,Positive Experience,2026-04-23
FB010016,WO019868,4,Service Quality,2026-07-12
FB005579,WO011057,5,Service Quality,2025-12-14
FB012118,WO023861,4,Positive Experience,2026-09-26
FB005102,WO010058,3,Turnaround Time,2025-11-15
FB001909,WO003813,4,Positive Experience,2025-05-28
FB011877,WO023378,3,Turnaround Time,2026-09-19
FB008781,WO017478,4,Positive Experience,2026-05-26
FB007362,WO014625,5,Service Quality,2026-03-18
FB009454,WO018809,3,Turnaround Time,2026-06-21
FB009709,WO019290,4,Positive Experience,2026-06-30
FB011751,WO023149,5,Positive Experience,2026-09-12
FB009148,WO018216,2,Turnaround Time,2026-06-11
FB009435,WO018781,3,Turnaround Time,2026-06-21
FB003126,WO006192,2,Repeat Issue,2025-08-02
FB012186,WO023974,4,Positive Experience,2026-10-01
FB008099,WO016113,5,Positive Experience,2026-04-22
FB004496,WO008826,4,Positive Experience,2025-10-11
FB005326,WO010549,4,Positive Experience,2025-11-28
FB003453,WO006808,5,Service Quality,2025-08-19
FB006426,WO012763,4,Positive Experience,2026-02-01
FB007235,WO014380,5,Staff Behaviour,2026-03-12
FB006425,WO012762,4,Service Quality,2026-01-31
FB003112,WO006160,3,Communication,2025-08-04
FB003757,WO007385,4,Service Quality,2025-09-04
FB000024,WO000052,4,Staff Behaviour,2025-01-05
FB007057,WO014035,4,Service Quality,2026-03-03
FB008365,WO016648,4,Staff Behaviour,2026-05-08
FB008990,WO017879,4,Positive Experience,2026-06-02
FB003438,WO006783,4,Service Quality,2025-08-18
FB011120,WO021987,4,Positive Experience,2026-08-20
FB004424,WO008672,4,Positive Experience,2025-10-11
FB008710,WO017338,4,Service Quality,2026-05-28
FB004337,WO008494,2,Parts Availability,2025-10-07
FB001342,WO002666,4,Positive Experience,2025-04-19
FB009762,WO019377,4,Positive Experience,2026-07-02
FB009739,WO019331,4,Staff Behaviour,2026-07-01
FB002144,WO004285,5,Positive Experience,2025-06-11
FB000171,WO000348,4,Service Quality,2025-01-20
FB006869,WO013660,4,Positive Experience,2026-02-24
FB001311,WO002610,3,Turnaround Time,2025-04-17
FB004800,WO009439,4,Positive Experience,2025-10-30
FB003647,WO007175,3,Parts Availability,2025-09-04
FB008131,WO016175,3,Parts Availability,2026-05-01
FB011055,WO021864,5,Positive Experience,2026-08-20
FB008831,WO017577,4,Positive Experience,2026-05-28
FB008103,WO016119,5,Staff Behaviour,2026-04-25
FB002521,WO005023,5,Staff Behaviour,2025-07-04
FB001502,WO002974,4,Positive Experience,2025-05-01
FB000227,WO000455,4,Service Quality,2025-01-24
FB000663,WO001308,5,Positive Experience,2025-02-26
FB002501,WO004988,4,Positive Experience,2025-07-01
FB011651,WO022969,3,Parts Availability,2026-09-14
FB001700,WO003365,4,Service Quality,2025-05-15
FB000762,WO001519,4,Service Quality,2025-03-06
FB005199,WO010272,5,Positive Experience,2025-11-20
FB004901,WO009644,5,Positive Experience,2025-11-04
FB002801,WO005578,3,Repeat Issue,2025-07-17
FB005682,WO011270,5,Service Quality,2025-12-19
FB009547,WO018996,5,Positive Experience,2026-06-23
FB011391,WO022476,3,Turnaround Time,2026-09-01
FB002842,WO005664,5,Positive Experience,2025-07-22
FB000861,WO001698,4,Positive Experience,2025-03-16
FB008548,WO017026,4,Positive Experience,2026-05-15
FB001359,WO002696,4,Positive Experience,2025-04-19
FB005760,WO011448,5,Positive Experience,2025-12-26
FB000300,WO000588,4,Positive Experience,2025-01-31
FB002019,WO004050,4,Service Quality,2025-06-04
FB006532,WO012985,4,Positive Experience,2026-02-04
FB005571,WO011035,4,Service Quality,2025-12-11
FB012067,WO023755,4,Service Quality,2026-09-23
FB005218,WO010322,3,Turnaround Time,2025-11-24
FB000601,WO001184,5,Positive Experience,2025-02-22
FB003241,WO006392,4,Positive Experience,2025-08-09
FB011594,WO022857,4,Service Quality,2026-09-08
FB002446,WO004881,3,Communication,2025-06-29
FB004215,WO008270,4,Staff Behaviour,2025-09-28
FB007939,WO015805,5,Positive Experience,2026-04-16
FB001829,WO003644,4,Positive Experience,2025-05-22
FB004236,WO008309,5,Service Quality,2025-09-27
FB008516,WO016962,4,Positive Experience,2026-05-12
FB009011,WO017920,5,Service Quality,2026-06-03
FB003487,WO006872,3,Parts Availability,2025-08-24
FB006073,WO012061,3,Turnaround Time,2026-01-10
FB006230,WO012364,3,Turnaround Time,2026-01-22
FB012260,WO024106,3,Turnaround Time,2026-09-30
FB002213,WO004419,5,Positive Experience,2025-06-17
FB001767,WO003531,2,Repeat Issue,2025-05-17
FB011440,WO022559,1,Turnaround Time,2026-09-02
FB000030,WO000060,4,Positive Experience,2025-01-04
FB010838,WO021459,4,Staff Behaviour,2026-08-13
FB007257,WO014420,4,Positive Experience,2026-03-13
FB007419,WO014763,4,Positive Experience,2026-03-22
FB011197,WO022138,3,Turnaround Time,2026-08-26
FB006382,WO012664,4,Service Quality,2026-01-26
FB007339,WO014572,2,Turnaround Time,2026-03-19
FB010776,WO021349,3,Turnaround Time,2026-08-10
FB009224,WO018377,4,Service Quality,2026-06-14
FB009215,WO018349,4,Service Quality,2026-06-13
FB011358,WO022426,2,Turnaround Time,2026-08-31
FB010125,WO020072,5,Staff Behaviour,2026-07-16
FB006998,WO013914,5,Positive Experience,2026-02-28
FB004960,WO009762,4,Positive Experience,2025-11-08
FB000093,WO000191,3,Turnaround Time,2025-01-12
FB006083,WO012075,4,Positive Experience,2026-01-13
FB004731,WO009294,5,Positive Experience,2025-10-25
FB010194,WO020202,3,Turnaround Time,2026-07-20
FB012016,WO023659,5,Positive Experience,2026-09-21
FB000626,WO001236,4,Positive Experience,2025-02-22
FB001548,WO003054,4,Staff Behaviour,2025-05-01
FB010586,WO020957,2,Turnaround Time,2026-07-31
FB003685,WO007245,5,Staff Behaviour,2025-08-29
FB011846,WO023319,4,Positive Experience,2026-09-17
FB009000,WO017896,3,Turnaround Time,2026-06-05
FB010302,WO020415,5,Service Quality,2026-07-23
FB008750,WO017422,4,Positive Experience,2026-05-23
FB000899,WO001772,4,Service Quality,2025-03-18
FB009407,WO018723,3,Parts Availability,2026-06-23
FB004122,WO008096,3,Pricing,2025-09-22
FB009651,WO019185,3,Turnaround Time,2026-06-29
FB009101,WO018113,3,Turnaround Time,2026-06-10
FB010958,WO021698,4,Staff Behaviour,2026-08-15
FB003313,WO006518,4,Positive Experience,2025-08-12
FB005387,WO010677,3,Service Quality,2025-12-04
FB006549,WO013021,4,Positive Experience,2026-02-06
FB006713,WO013348,4,Positive Experience,2026-02-13
FB004103,WO008058,4,Service Quality,2025-09-20
FB001450,WO002879,5,Positive Experience,2025-04-25
FB011045,WO021841,3,Parts Availability,2026-08-21
FB012102,WO023830,2,Parts Availability,2026-09-29
FB006405,WO012725,2,Parts Availability,2026-02-06
FB011258,WO022247,5,Positive Experience,2026-08-26
FB010719,WO021225,4,Positive Experience,2026-08-08
FB007159,WO014238,3,Turnaround Time,2026-03-09
FB004926,WO009686,5,Service Quality,2025-11-04
FB008050,WO016014,5,Positive Experience,2026-04-22
FB000573,WO001132,3,Pricing,2025-02-20
FB012040,WO023706,3,Turnaround Time,2026-09-23
FB001586,WO003121,5,Positive Experience,2025-05-03
FB004255,WO008338,4,Positive Experience,2025-09-27
FB003554,WO006990,3,Turnaround Time,2025-08-24
FB008798,WO017505,4,Positive Experience,2026-05-26
FB010364,WO020547,5,Service Quality,2026-07-23
FB004652,WO009143,4,Service Quality,2025-10-20
FB001469,WO002916,4,Positive Experience,2025-04-29
FB006656,WO013216,3,Staff Behaviour,2026-02-11
FB004527,WO008884,5,Positive Experience,2025-10-15
FB001534,WO003022,5,Staff Behaviour,2025-05-02
FB002709,WO005398,3,Turnaround Time,2025-07-11
FB002288,WO004570,4,Positive Experience,2025-06-18
FB000141,WO000294,4,Positive Experience,2025-01-17
FB009734,WO019325,5,Positive Experience,2026-06-30
FB002603,WO005178,3,Turnaround Time,2025-07-07
FB000239,WO000476,4,Positive Experience,2025-01-24
FB006384,WO012668,5,Service Quality,2026-01-27
FB004741,WO009311,3,Turnaround Time,2025-10-27
FB003199,WO006316,5,Service Quality,2025-08-08
FB005611,WO011126,4,Positive Experience,2025-12-15
FB001803,WO003593,2,Parts Availability,2025-05-26
FB006399,WO012715,4,Positive Experience,2026-01-30
FB008227,WO016368,5,Positive Experience,2026-04-29
FB007223,WO014360,5,Positive Experience,2026-03-12
FB011241,WO022220,5,Positive Experience,2026-08-25
FB010631,WO021046,3,Turnaround Time,2026-08-02
FB005379,WO010657,4,Positive Experience,2025-12-01
FB007414,WO014745,4,Positive Experience,2026-03-20
FB005972,WO011883,4,Service Quality,2026-01-05
FB010596,WO020976,4,Staff Behaviour,2026-07-31
FB010343,WO020508,5,Positive Experience,2026-07-25
FB008091,WO016097,4,Positive Experience,2026-04-22
FB002891,WO005758,5,Positive Experience,2025-07-21
FB003472,WO006840,5,Positive Experience,2025-08-19
FB009826,WO019512,3,Turnaround Time,2026-07-04
FB007084,WO014089,3,Turnaround Time,2026-03-05
FB001910,WO003816,4,Service Quality,2025-05-30
FB000235,WO000472,3,Parts Availability,2025-02-01
FB011803,WO023232,4,Positive Experience,2026-09-13
FB008570,WO017068,3,Parts Availability,2026-05-20
FB011026,WO021804,4,Service Quality,2026-08-16
FB001896,WO003778,5,Positive Experience,2025-05-28
FB004673,WO009184,5,Positive Experience,2025-10-24
FB005375,WO010652,3,Pricing,2025-12-01
FB003114,WO006163,5,Positive Experience,2025-08-01
FB001321,WO002632,4,Positive Experience,2025-04-17
FB005225,WO010339,3,Turnaround Time,2025-11-23
FB004132,WO008111,2,Turnaround Time,2025-09-23
FB006944,WO013808,5,Positive Experience,2026-03-01
FB000698,WO001386,3,Parts Availability,2025-03-12
FB011303,WO022336,4,Positive Experience,2026-08-29
FB010466,WO020736,3,Turnaround Time,2026-07-27
FB004881,WO009605,4,Staff Behaviour,2025-11-04
FB009227,WO018382,3,Turnaround Time,2026-06-15
FB006071,WO012056,3,Turnaround Time,2026-01-11
FB008605,WO017125,4,Positive Experience,2026-05-17
FB004815,WO009473,4,Service Quality,2025-10-29
FB007812,WO015567,3,Turnaround Time,2026-04-13
FB003630,WO007147,5,Staff Behaviour,2025-08-27
FB008426,WO016778,5,Positive Experience,2026-05-11
FB007623,WO015196,3,Parts Availability,2026-04-07
FB003758,WO007386,5,Service Quality,2025-09-02
FB010070,WO019956,4,Service Quality,2026-07-16
FB000454,WO000873,4,Positive Experience,2025-02-08
FB000492,WO000956,4,Positive Experience,2025-02-13
FB010309,WO020427,5,Staff Behaviour,2026-07-23
FB009437,WO018783,4,Positive Experience,2026-06-22
FB011858,WO023342,4,Staff Behaviour,2026-09-18
FB004691,WO009225,5,Positive Experience,2025-10-24
FB005589,WO011074,4,Service Quality,2025-12-12
FB008242,WO016406,5,Positive Experience,2026-05-01
FB002625,WO005228,3,Repeat Issue,2025-07-10
FB007849,WO015640,4,Positive Experience,2026-04-13
FB002512,WO005002,5,Positive Experience,2025-07-01
FB004053,WO007966,5,Positive Experience,2025-09-21
FB009629,WO019151,4,Positive Experience,2026-06-28
FB006514,WO012950,4,Positive Experience,2026-02-06
FB008808,WO017527,3,Turnaround Time,2026-05-25
FB007116,WO014155,3,Turnaround Time,2026-03-08
FB007758,WO015461,3,Staff Behaviour,2026-04-06
FB002798,WO005572,5,Service Quality,2025-07-17
FB002172,WO004341,4,Positive Experience,2025-06-11
FB011089,WO021939,4,Positive Experience,2026-08-22
FB010409,WO020638,4,Positive Experience,2026-07-31
FB001842,WO003668,4,Service Quality,2025-05-22
FB010950,WO021676,3,Turnaround Time,2026-08-17
FB010946,WO021670,4,Positive Experience,2026-08-15
FB004470,WO008778,5,Staff Behaviour,2025-10-10
FB004973,WO009790,5,Service Quality,2025-11-09
FB007115,WO014152,4,Staff Behaviour,2026-03-09
FB000381,WO000742,4,Positive Experience,2025-02-07
FB008799,WO017507,2,Parts Availability,2026-06-10
FB009205,WO018326,5,Service Quality,2026-06-12
FB006034,WO011992,3,Pricing,2026-01-10
FB009903,WO019650,3,Turnaround Time,2026-07-10
FB011723,WO023102,5,Positive Experience,2026-09-13
FB004393,WO008590,5,Service Quality,2025-10-07
FB000919,WO001809,3,Pricing,2025-03-20
FB002260,WO004511,5,Positive Experience,2025-06-19
FB007664,WO015286,2,Parts Availability,2026-04-06
FB012026,WO023677,2,Turnaround Time,2026-09-21
FB003357,WO006613,5,Positive Experience,2025-08-15
FB003133,WO006201,3,Parts Availability,2025-08-11
FB011686,WO023042,5,Positive Experience,2026-09-11
FB010334,WO020493,4,Staff Behaviour,2026-07-25
FB006074,WO012062,5,Positive Experience,2026-01-10
FB003293,WO006486,4,Service Quality,2025-08-14
FB010630,WO021045,3,Parts Availability,2026-08-15
FB010368,WO020554,5,Service Quality,2026-07-24
FB003365,WO006631,5,Positive Experience,2025-08-13
FB004125,WO008099,3,Turnaround Time,2025-09-25
FB003857,WO007593,4,Positive Experience,2025-09-11
FB002598,WO005163,4,Staff Behaviour,2025-07-07
FB002973,WO005923,5,Positive Experience,2025-07-28
FB011300,WO022331,4,Positive Experience,2026-08-28
FB002269,WO004530,5,Positive Experience,2025-06-17
FB006448,WO012816,5,Positive Experience,2026-02-01
FB009020,WO017938,5,Positive Experience,2026-06-05
FB003653,WO007184,3,Pricing,2025-08-31
FB011612,WO022891,4,Positive Experience,2026-09-09
FB001518,WO003002,4,Positive Experience,2025-05-02
FB009107,WO018128,4,Positive Experience,2026-06-12
FB000210,WO000417,3,Pricing,2025-01-21
FB011710,WO023076,2,Parts Availability,2026-09-21
FB004959,WO009757,5,Positive Experience,2025-11-09
FB004068,WO007986,5,Positive Experience,2025-09-20
FB002058,WO004135,5,Staff Behaviour,2025-06-06
FB011446,WO022571,3,Turnaround Time,2026-08-31
FB003820,WO007515,5,Positive Experience,2025-09-07
FB009733,WO019324,3,Turnaround Time,2026-07-03
FB009883,WO019611,4,Staff Behaviour,2026-07-07
FB010698,WO021185,4,Positive Experience,2026-08-05
FB008521,WO016974,4,Service Quality,2026-05-14
FB011998,WO023633,5,Service Quality,2026-09-24
FB003129,WO006196,5,Positive Experience,2025-08-02
FB006908,WO013726,5,Positive Experience,2026-02-25
FB001178,WO002323,4,Service Quality,2025-04-05
FB011969,WO023583,4,Service Quality,2026-09-20
FB009123,WO018155,5,Positive Experience,2026-06-11
FB009313,WO018538,4,Service Quality,2026-06-17
FB007673,WO015305,3,Turnaround Time,2026-04-04
FB010773,WO021342,4,Positive Experience,2026-08-10
FB009185,WO018289,3,Turnaround Time,2026-06-13
FB007378,WO014659,5,Positive Experience,2026-03-17
FB007215,WO014342,5,Service Quality,2026-03-13
FB008777,WO017471,2,Turnaround Time,2026-05-27
FB003753,WO007379,4,Staff Behaviour,2025-09-04
FB005661,WO011233,3,Parts Availability,2025-12-26
FB002125,WO004252,4,Service Quality,2025-06-12
FB007584,WO015085,3,Turnaround Time,2026-03-28
FB002865,WO005715,3,Turnaround Time,2025-07-24
FB002436,WO004865,5,Positive Experience,2025-06-28
FB010047,WO019916,3,Turnaround Time,2026-07-14
FB001219,WO002421,5,Staff Behaviour,2025-04-08
FB004008,WO007893,4,Positive Experience,2025-09-18
FB003047,WO006056,4,Service Quality,2025-08-01
FB009300,WO018519,5,Service Quality,2026-06-17
FB001461,WO002898,4,Service Quality,2025-04-27
FB005121,WO010097,2,Turnaround Time,2025-11-18
FB004822,WO009490,5,Positive Experience,2025-11-02
FB003883,WO007646,5,Positive Experience,2025-09-10
FB003273,WO006448,4,Service Quality,2025-08-10
FB007036,WO013986,5,Positive Experience,2026-03-05
FB004828,WO009500,5,Positive Experience,2025-11-01
FB002200,WO004400,3,Repeat Issue,2025-06-16
FB006284,WO012472,4,Positive Experience,2026-01-21
FB008540,WO017007,5,Service Quality,2026-05-15
FB009840,WO019540,1,Repeat Issue,2026-07-04
FB000979,WO001928,4,Positive Experience,2025-03-21
FB007968,WO015857,3,Repeat Issue,2026-04-16
FB006370,WO012646,5,Positive Experience,2026-01-26
FB008958,WO017799,5,Service Quality,2026-05-31
FB009228,WO018383,4,Staff Behaviour,2026-06-13
FB006539,WO012999,4,Service Quality,2026-02-06
FB007596,WO015121,2,Turnaround Time,2026-03-31
FB010454,WO020715,3,Turnaround Time,2026-07-28
FB011940,WO023527,4,Service Quality,2026-09-19
FB007314,WO014525,2,Turnaround Time,2026-03-17
FB006929,WO013770,4,Positive Experience,2026-02-27
FB000824,WO001641,3,Repeat Issue,2025-03-11
FB009104,WO018120,3,Turnaround Time,2026-06-09
FB001257,WO002498,4,Positive Experience,2025-04-12
FB005291,WO010480,4,Service Quality,2025-11-26
FB009448,WO018800,4,Positive Experience,2026-06-22
FB001480,WO002939,2,Turnaround Time,2025-04-29
FB000340,WO000667,4,Positive Experience,2025-02-03
FB011848,WO023322,4,Service Quality,2026-09-17
FB004519,WO008870,4,Staff Behaviour,2025-10-16
FB007486,WO014882,5,Positive Experience,2026-03-26
FB000868,WO001710,3,Parts Availability,2025-03-30
FB010127,WO020078,3,Turnaround Time,2026-07-16
FB009682,WO019232,3,Turnaround Time,2026-07-02
FB010722,WO021232,4,Service Quality,2026-08-05
FB007302,WO014499,3,Communication,2026-03-15
FB001764,WO003516,4,Service Quality,2025-05-18
FB002674,WO005323,5,Positive Experience,2025-07-11
FB008488,WO016910,4,Positive Experience,2026-05-14
FB009686,WO019246,5,Positive Experience,2026-07-01
FB008999,WO017895,2,Turnaround Time,2026-06-04
FB010167,WO020145,4,Staff Behaviour,2026-07-17
FB003256,WO006416,4,Positive Experience,2025-08-10
FB003927,WO007736,5,Service Quality,2025-09-12
FB010768,WO021335,3,Turnaround Time,2026-08-07
FB007659,WO015277,4,Positive Experience,2026-04-05
FB000875,WO001725,5,Staff Behaviour,2025-03-15
FB003922,WO007720,4,Positive Experience,2025-09-12
FB003614,WO007113,4,Service Quality,2025-08-29
FB007100,WO014122,5,Service Quality,2026-03-07
FB011451,WO022576,5,Positive Experience,2026-08-31
FB004575,WO008989,5,Service Quality,2025-10-18
FB002896,WO005768,4,Positive Experience,2025-07-22
FB006052,WO012024,5,Positive Experience,2026-01-11
FB001493,WO002961,2,Repeat Issue,2025-05-01
FB000656,WO001297,3,Parts Availability,2025-03-07
FB010196,WO020204,4,Positive Experience,2026-07-17
FB005750,WO011421,5,Staff Behaviour,2025-12-26
FB007685,WO015328,4,Service Quality,2026-04-03
FB001426,WO002819,5,Positive Experience,2025-04-24
FB003188,WO006297,5,Positive Experience,2025-08-05
FB005318,WO010538,4,Staff Behaviour,2025-11-30
FB005239,WO010366,2,Parts Availability,2025-11-27
FB002682,WO005342,5,Positive Experience,2025-07-17
FB003684,WO007244,5,Positive Experience,2025-08-29
FB001038,WO002044,2,Parts Availability,2025-04-01
FB001229,WO002443,5,Positive Experience,2025-04-10
FB011186,WO022126,3,Turnaround Time,2026-08-24
FB011428,WO022534,3,Turnaround Time,2026-08-31
FB004159,WO008156,4,Positive Experience,2025-09-24
FB005142,WO010151,5,Staff Behaviour,2025-11-20
FB007921,WO015772,4,Service Quality,2026-04-15
FB009481,WO018868,3,Turnaround Time,2026-06-23
FB003476,WO006848,4,Staff Behaviour,2025-08-22
FB003185,WO006287,5,Positive Experience,2025-08-05
FB003064,WO006081,5,Service Quality,2025-08-02
FB005732,WO011373,4,Staff Behaviour,2025-12-22
FB007376,WO014657,5,Service Quality,2026-03-17
FB000364,WO000708,4,Staff Behaviour,2025-02-03
FB002319,WO004639,5,Positive Experience,2025-06-23
FB012005,WO023642,5,Positive Experience,2026-09-23
FB003947,WO007773,4,Staff Behaviour,2025-09-15
FB001455,WO002888,4,Positive Experience,2025-04-27
FB001316,WO002623,4,Positive Experience,2025-04-17
FB007906,WO015749,4,Positive Experience,2026-04-14
FB006560,WO013040,4,Staff Behaviour,2026-02-08
FB002917,WO005809,4,Positive Experience,2025-07-25
FB010120,WO020064,4,Positive Experience,2026-07-16
FB001014,WO001987,4,Service Quality,2025-03-27
FB007547,WO015008,4,Staff Behaviour,2026-03-29
FB010759,WO021316,5,Staff Behaviour,2026-08-10
FB006000,WO011929,4,Service Quality,2026-01-09
FB006914,WO013743,5,Service Quality,2026-02-25
FB011130,WO022010,3,Pricing,2026-08-20
FB006234,WO012373,4,Positive Experience,2026-01-19
FB001474,WO002929,3,Turnaround Time,2025-04-29
FB006617,WO013147,2,Parts Availability,2026-02-19
FB004713,WO009265,4,Positive Experience,2025-10-24
FB011068,WO021891,4,Positive Experience,2026-08-19
FB010581,WO020945,5,Positive Experience,2026-08-01
FB000754,WO001504,2,Repeat Issue,2025-03-09
FB000320,WO000624,4,Positive Experience,2025-01-29
FB011163,WO022089,5,Service Quality,2026-08-22
FB000974,WO001915,5,Service Quality,2025-03-21
FB003688,WO007250,5,Positive Experience,2025-09-02
FB008209,WO016325,2,Turnaround Time,2026-04-29
FB010449,WO020708,5,Positive Experience,2026-07-29
FB003896,WO007668,4,Positive Experience,2025-09-12
FB001911,WO003817,5,Positive Experience,2025-05-27
FB001291,WO002576,5,Service Quality,2025-04-16
FB008820,WO017558,4,Staff Behaviour,2026-05-26
FB004308,WO008433,5,Positive Experience,2025-10-01
FB007393,WO014687,3,Turnaround Time,2026-03-20
FB005836,WO011614,5,Positive Experience,2025-12-30
FB003814,WO007504,5,Staff Behaviour,2025-09-08
FB007674,WO015308,5,Service Quality,2026-04-06
FB011950,WO023550,3,Turnaround Time,2026-09-19
FB003488,WO006873,5,Service Quality,2025-08-23
FB002561,WO005100,5,Service Quality,2025-07-03
FB004623,WO009094,5,Positive Experience,2025-10-18
FB003842,WO007561,3,Turnaround Time,2025-09-07
FB008016,WO015954,4,Service Quality,2026-04-21
FB006444,WO012803,3,Turnaround Time,2026-01-30
FB011607,WO022883,4,Staff Behaviour,2026-09-10
FB012222,WO024031,4,Positive Experience,2026-10-02
FB007891,WO015723,5,Positive Experience,2026-04-14
FB010540,WO020887,5,Service Quality,2026-07-29
FB009292,WO018507,5,Positive Experience,2026-06-16
FB004998,WO009849,4,Positive Experience,2025-11-09
FB002138,WO004274,5,Positive Experience,2025-06-09
FB010473,WO020765,4,Positive Experience,2026-07-29
FB006858,WO013638,4,Positive Experience,2026-02-23
FB003939,WO007762,4,Positive Experience,2025-09-12
FB000924,WO001820,4,Positive Experience,2025-03-20
FB003495,WO006886,5,Positive Experience,2025-08-23
FB002369,WO004744,4,Positive Experience,2025-06-23
FB002610,WO005189,3,Turnaround Time,2025-07-05
FB001897,WO003780,5,Positive Experience,2025-05-27
FB008384,WO016685,4,Positive Experience,2026-05-07
FB005394,WO010690,5,Positive Experience,2025-12-04
FB007088,WO014099,5,Positive Experience,2026-03-07
FB006926,WO013764,2,Communication,2026-02-25
FB003374,WO006653,5,Service Quality,2025-08-16
FB010175,WO020164,5,Positive Experience,2026-07-17
FB001114,WO002200,5,Positive Experience,2025-04-01
FB009462,WO018824,3,Turnaround Time,2026-06-22
FB007910,WO015757,4,Positive Experience,2026-04-16
FB010419,WO020655,3,Turnaround Time,2026-07-25
FB006368,WO012643,5,Positive Experience,2026-01-29
FB005887,WO011707,4,Positive Experience,2026-01-03
FB002987,WO005939,4,Service Quality,2025-07-28
FB003603,WO007094,5,Positive Experience,2025-08-27
FB004983,WO009816,5,Service Quality,2025-11-07
FB006293,WO012485,4,Positive Experience,2026-01-23
FB007847,WO015637,4,Positive Experience,2026-04-12
FB007208,WO014326,5,Positive Experience,2026-03-10
FB009511,WO018927,3,Communication,2026-06-23
FB004154,WO008149,4,Positive Experience,2025-09-24
FB000598,WO001180,3,Parts Availability,2025-02-27
FB007112,WO014147,5,Positive Experience,2026-03-09
FB004794,WO009420,4,Positive Experience,2025-10-29
FB006137,WO012183,4,Positive Experience,2026-01-15
FB010211,WO020235,4,Staff Behaviour,2026-07-19
FB004613,WO009077,4,Positive Experience,2025-10-19
FB002859,WO005703,3,Turnaround Time,2025-07-22
FB010978,WO021723,3,Turnaround Time,2026-08-14
FB006312,WO012531,5,Positive Experience,2026-01-24
FB006510,WO012944,3,Parts Availability,2026-02-12
FB002895,WO005767,5,Positive Experience,2025-07-23
FB009997,WO019838,4,Staff Behaviour,2026-07-13
FB008015,WO015951,4,Positive Experience,2026-04-18
FB001443,WO002857,5,Service Quality,2025-04-27
FB003140,WO006215,4,Positive Experience,2025-08-04
FB008923,WO017742,3,Turnaround Time,2026-06-01
FB008336,WO016592,2,Turnaround Time,2026-05-07
FB011756,WO023156,4,Positive Experience,2026-09-12
FB005090,WO010037,5,Positive Experience,2025-11-17
FB010118,WO020052,3,Turnaround Time,2026-07-14
FB000951,WO001874,5,Service Quality,2025-03-20
FB008862,WO017629,4,Service Quality,2026-05-28
FB005206,WO010289,4,Service Quality,2025-11-23
FB009956,WO019762,5,Positive Experience,2026-07-12
FB001261,WO002504,4,Positive Experience,2025-04-11
FB000330,WO000645,5,Service Quality,2025-02-02
FB005781,WO011496,4,Service Quality,2025-12-25
FB001253,WO002490,5,Staff Behaviour,2025-04-11
FB001059,WO002085,4,Staff Behaviour,2025-03-28
FB011927,WO023482,5,Service Quality,2026-09-19
FB008274,WO016471,4,Positive Experience,2026-05-01
FB009955,WO019760,4,Staff Behaviour,2026-07-10
FB006633,WO013175,4,Staff Behaviour,2026-02-09
FB010739,WO021271,4,Positive Experience,2026-08-06
FB006274,WO012448,5,Positive Experience,2026-01-24
FB007859,WO015656,3,Parts Availability,2026-04-26
FB011942,WO023529,5,Positive Experience,2026-09-19
FB003082,WO006113,5,Positive Experience,2025-08-03
FB004860,WO009559,5,Positive Experience,2025-11-03
FB009297,WO018514,5,Staff Behaviour,2026-06-17
FB002914,WO005803,5,Staff Behaviour,2025-07-22
FB005786,WO011510,5,Staff Behaviour,2025-12-26
FB004578,WO008995,4,Service Quality,2025-10-16
FB002677,WO005328,5,Positive Experience,2025-07-12
FB000243,WO000482,5,Positive Experience,2025-01-26
FB001538,WO003034,5,Service Quality,2025-05-03
FB001715,WO003413,3,Turnaround Time,2025-05-17
FB007182,WO014283,5,Positive Experience,2026-03-09
FB012132,WO023881,3,Turnaround Time,2026-09-28
FB010241,WO020285,3,Turnaround Time,2026-07-18
FB007864,WO015668,2,Turnaround Time,2026-04-16
FB008083,WO016084,4,Positive Experience,2026-04-23
FB007544,WO015004,4,Staff Behaviour,2026-03-27
FB011368,WO022437,4,Positive Experience,2026-08-28
FB003590,WO007072,5,Staff Behaviour,2025-08-28
FB006748,WO013409,4,Staff Behaviour,2026-02-17
FB008312,WO016553,5,Service Quality,2026-05-02
FB001818,WO003622,3,Pricing,2025-05-22
FB010388,WO020591,4,Service Quality,2026-07-24
FB011626,WO022916,5,Positive Experience,2026-09-10
FB004460,WO008764,5,Positive Experience,2025-10-11
FB000961,WO001892,5,Service Quality,2025-03-22
FB000270,WO000526,3,Repeat Issue,2025-01-28
FB004186,WO008215,4,Staff Behaviour,2025-09-24
FB000569,WO001126,3,Pricing,2025-02-21
FB000385,WO000749,5,Positive Experience,2025-02-04
FB011252,WO022236,4,Staff Behaviour,2026-08-26
FB004891,WO009626,4,Staff Behaviour,2025-11-06
FB005126,WO010110,4,Service Quality,2025-11-17
FB003662,WO007207,3,Repeat Issue,2025-08-29
FB011838,WO023298,5,Positive Experience,2026-09-16
FB004001,WO007876,4,Service Quality,2025-09-16
FB002995,WO005949,4,Positive Experience,2025-07-26
FB004915,WO009668,4,Positive Experience,2025-11-05
FB002255,WO004497,4,Positive Experience,2025-06-18
FB005123,WO010105,3,Pricing,2025-11-16
FB000662,WO001307,4,Staff Behaviour,2025-02-26
FB010306,WO020421,4,Staff Behaviour,2026-07-24
FB010141,WO020104,3,Parts Availability,2026-07-22
FB009246,WO018412,4,Positive Experience,2026-06-15
FB009730,WO019319,3,Turnaround Time,2026-07-03
FB007405,WO014716,3,Staff Behaviour,2026-03-19
FB003196,WO006311,2,Turnaround Time,2025-08-08
FB000872,WO001720,5,Positive Experience,2025-03-16
FB000476,WO000910,2,Parts Availability,2025-02-19
FB010836,WO021453,4,Positive Experience,2026-08-13
FB010007,WO019854,5,Staff Behaviour,2026-07-14
FB002548,WO005077,4,Positive Experience,2025-07-04
FB005404,WO010716,5,Staff Behaviour,2025-12-04
FB011284,WO022299,4,Positive Experience,2026-08-27
FB009900,WO019646,4,Service Quality,2026-07-07
FB008825,WO017568,3,Parts Availability,2026-06-01
FB005302,WO010493,3,Turnaround Time,2025-11-26
FB002528,WO005039,4,Positive Experience,2025-07-04
FB000406,WO000794,5,Positive Experience,2025-02-06
FB000992,WO001951,3,Turnaround Time,2025-03-23
FB011970,WO023584,2,Repeat Issue,2026-09-21
FB004790,WO009410,5,Positive Experience,2025-10-28
FB006263,WO012427,4,Staff Behaviour,2026-01-23
FB001231,WO002447,3,Service Quality,2025-04-11
FB007896,WO015731,4,Positive Experience,2026-04-15
FB006422,WO012756,5,Service Quality,2026-01-30
FB000990,WO001945,5,Service Quality,2025-03-22
FB006172,WO012237,5,Positive Experience,2026-01-17
FB010122,WO020067,4,Positive Experience,2026-07-17
FB010992,WO021747,5,Positive Experience,2026-08-16
FB004388,WO008581,5,Staff Behaviour,2025-10-05
FB011073,WO021907,3,Turnaround Time,2026-08-20
FB005703,WO011313,5,Service Quality,2025-12-22
FB005338,WO010573,5,Positive Experience,2025-11-30
FB011141,WO022038,4,Staff Behaviour,2026-08-21
FB010659,WO021093,5,Service Quality,2026-08-03
FB003992,WO007849,4,Positive Experience,2025-09-16
FB008433,WO016789,5,Positive Experience,2026-05-11
FB007150,WO014221,4,Positive Experience,2026-03-12
FB008102,WO016118,5,Service Quality,2026-04-25
FB000229,WO000461,5,Positive Experience,2025-01-23
FB007899,WO015737,3,Parts Availability,2026-04-17
FB006080,WO012071,3,Turnaround Time,2026-01-13
FB001280,WO002555,4,Positive Experience,2025-04-17
FB004690,WO009223,4,Positive Experience,2025-10-23
FB009137,WO018186,3,Turnaround Time,2026-06-11
FB005530,WO010953,5,Positive Experience,2025-12-10
FB006772,WO013458,4,Service Quality,2026-02-18
FB003823,WO007521,4,Positive Experience,2025-09-08
FB008701,WO017311,2,Repeat Issue,2026-05-21
FB001782,WO003555,4,Positive Experience,2025-05-19
FB000194,WO000390,4,Positive Experience,2025-01-19
FB010789,WO021376,3,Turnaround Time,2026-08-08
FB002294,WO004594,4,Service Quality,2025-06-21
FB004497,WO008828,4,Service Quality,2025-10-11
FB011599,WO022864,2,Turnaround Time,2026-09-05
FB006338,WO012584,3,Turnaround Time,2026-01-29
FB009377,WO018646,4,Positive Experience,2026-06-17
FB010979,WO021726,3,Turnaround Time,2026-08-18
FB005630,WO011173,3,Turnaround Time,2025-12-16
FB006636,WO013181,3,Parts Availability,2026-02-16
FB009980,WO019803,4,Positive Experience,2026-07-10
FB002177,WO004348,2,Parts Availability,2025-06-21
FB009721,WO019303,5,Staff Behaviour,2026-07-01
FB000323,WO000629,5,Staff Behaviour,2025-01-30
FB006598,WO013113,4,Staff Behaviour,2026-02-07
FB004698,WO009238,5,Positive Experience,2025-10-24
FB009633,WO019157,3,Turnaround Time,2026-07-02
FB003777,WO007428,5,Positive Experience,2025-09-05
FB008327,WO016576,3,Turnaround Time,2026-05-02
FB007974,WO015865,5,Positive Experience,2026-04-16
FB011622,WO022905,5,Positive Experience,2026-09-09
FB009230,WO018386,4,Service Quality,2026-06-12
FB001618,WO003195,5,Positive Experience,2025-05-07
FB008108,WO016127,4,Positive Experience,2026-04-25
FB002689,WO005352,5,Positive Experience,2025-07-11
FB002850,WO005690,3,Turnaround Time,2025-07-19
FB006806,WO013529,4,Positive Experience,2026-02-18
FB008470,WO016867,3,Turnaround Time,2026-05-12
FB012008,WO023646,5,Positive Experience,2026-09-24
FB003420,WO006747,3,Parts Availability,2025-08-22
FB010588,WO020960,4,Staff Behaviour,2026-08-02
FB002751,WO005473,5,Service Quality,2025-07-16
FB005044,WO009934,4,Positive Experience,2025-11-14
FB002410,WO004819,5,Positive Experience,2025-06-27
FB010654,WO021084,5,Positive Experience,2026-08-03
FB005509,WO010920,4,Positive Experience,2025-12-09
FB000138,WO000290,4,Positive Experience,2025-01-17
FB008870,WO017643,4,Positive Experience,2026-05-30
FB000912,WO001795,4,Positive Experience,2025-03-17
FB003866,WO007613,3,Repeat Issue,2025-09-10
FB000422,WO000823,4,Staff Behaviour,2025-02-09
FB008933,WO017760,4,Positive Experience,2026-05-29
FB009050,WO017997,4,Positive Experience,2026-06-04
FB008640,WO017191,4,Positive Experience,2026-05-21
FB010629,WO021038,5,Service Quality,2026-08-04
FB000317,WO000615,4,Positive Experience,2025-01-31
FB010269,WO020347,5,Positive Experience,2026-07-21
FB000965,WO001899,5,Staff Behaviour,2025-03-21
FB003817,WO007507,5,Positive Experience,2025-09-08
FB005380,WO010659,3,Communication,2025-12-03
FB006602,WO013118,2,Turnaround Time,2026-02-09
FB008182,WO016270,4,Positive Experience,2026-04-27
FB000041,WO000082,5,Service Quality,2025-01-04
FB004210,WO008259,5,Positive Experience,2025-09-28
FB002960,WO005892,4,Service Quality,2025-07-28
FB002984,WO005936,4,Staff Behaviour,2025-07-27
FB010591,WO020964,5,Positive Experience,2026-08-01
FB003161,WO006247,5,Service Quality,2025-08-05
FB011331,WO022382,5,Positive Experience,2026-08-27
FB011384,WO022465,3,Turnaround Time,2026-08-30
FB011999,WO023634,4,Positive Experience,2026-09-22
FB006164,WO012227,5,Staff Behaviour,2026-01-18
FB002741,WO005457,4,Positive Experience,2025-07-17
FB005943,WO011819,2,Pricing,2026-01-05
FB004148,WO008140,4,Service Quality,2025-09-26
FB001317,WO002625,4,Service Quality,2025-04-19
FB010972,WO021715,5,Service Quality,2026-08-15
FB006138,WO012187,3,Turnaround Time,2026-01-15
FB006766,WO013441,4,Positive Experience,2026-02-19
FB006345,WO012597,5,Service Quality,2026-01-27
FB006373,WO012650,4,Positive Experience,2026-01-26
FB003586,WO007065,4,Positive Experience,2025-08-28
FB011581,WO022832,5,Positive Experience,2026-09-06
FB002718,WO005414,1,Turnaround Time,2025-07-14
FB002428,WO004853,4,Positive Experience,2025-06-27
FB006466,WO012853,4,Positive Experience,2026-02-01
FB009639,WO019166,3,Parts Availability,2026-07-01
FB011164,WO022091,4,Service Quality,2026-08-25
FB005739,WO011392,4,Positive Experience,2025-12-24
FB007392,WO014686,3,Turnaround Time,2026-03-21
FB003949,WO007776,3,Communication,2025-09-13
FB001495,WO002964,4,Positive Experience,2025-05-01
FB005636,WO011186,5,Positive Experience,2025-12-15
FB005271,WO010444,4,Service Quality,2025-11-25
FB002663,WO005305,5,Positive Experience,2025-07-10
FB010171,WO020154,5,Staff Behaviour,2026-07-19
FB003427,WO006763,5,Positive Experience,2025-08-16
FB000751,WO001495,2,Parts Availability,2025-03-16
FB000728,WO001441,4,Positive Experience,2025-03-06
FB000881,WO001731,5,Positive Experience,2025-03-15
FB010778,WO021351,2,Parts Availability,2026-08-13
FB011047,WO021849,5,Positive Experience,2026-08-19
FB012024,WO023670,4,Positive Experience,2026-09-24
FB006795,WO013504,4,Positive Experience,2026-02-19
FB009352,WO018609,3,Repeat Issue,2026-06-18
FB003500,WO006895,4,Positive Experience,2025-08-24
FB010102,WO020022,4,Positive Experience,2026-07-16
FB006189,WO012268,4,Positive Experience,2026-01-18
FB008205,WO016316,4,Staff Behaviour,2026-04-30
FB008243,WO016409,5,Positive Experience,2026-05-01
FB003651,WO007181,5,Service Quality,2025-08-28
FB001466,WO002906,5,Positive Experience,2025-04-28
FB002321,WO004642,2,Parts Availability,2025-06-27
FB010909,WO021609,5,Positive Experience,2026-08-12
FB001121,WO002213,5,Positive Experience,2025-04-02
FB012022,WO023668,3,Staff Behaviour,2026-09-23
FB011198,WO022139,3,Parts Availability,2026-09-06
FB007173,WO014265,4,Service Quality,2026-03-09
FB005718,WO011347,4,Positive Experience,2025-12-22
FB007723,WO015389,5,Positive Experience,2026-04-07
FB007377,WO014658,4,Positive Experience,2026-03-20
FB007356,WO014608,5,Service Quality,2026-03-19
FB009887,WO019617,4,Service Quality,2026-07-06
FB004389,WO008582,2,Turnaround Time,2025-10-08
FB000832,WO001659,4,Service Quality,2025-03-15
FB002807,WO005585,5,Service Quality,2025-07-17
FB000997,WO001959,3,Turnaround Time,2025-03-24
FB005025,WO009908,3,Communication,2025-11-11
FB010210,WO020234,2,Turnaround Time,2026-07-18
FB000702,WO001396,5,Positive Experience,2025-03-01
FB005847,WO011631,4,Positive Experience,2026-01-01
FB002356,WO004719,2,Parts Availability,2025-07-03
FB000018,WO000032,5,Positive Experience,2025-01-03
FB007824,WO015587,5,Service Quality,2026-04-10
FB010274,WO020357,3,Turnaround Time,2026-07-20
FB005481,WO010865,3,Turnaround Time,2025-12-08
FB001327,WO002642,4,Positive Experience,2025-04-20
FB010949,WO021675,5,Positive Experience,2026-08-17
FB006154,WO012213,5,Service Quality,2026-01-17
FB003457,WO006815,3,Pricing,2025-08-19
FB008157,WO016223,3,Turnaround Time,2026-04-26
FB000582,WO001144,4,Positive Experience,2025-02-19
FB008913,WO017720,3,Turnaround Time,2026-05-31
FB001868,WO003717,4,Positive Experience,2025-05-26
FB011759,WO023161,4,Positive Experience,2026-09-11
FB008356,WO016632,4,Service Quality,2026-05-05
FB003483,WO006858,5,Positive Experience,2025-08-22
FB007770,WO015490,4,Service Quality,2026-04-08
FB009256,WO018431,4,Staff Behaviour,2026-06-14
FB007735,WO015411,4,Service Quality,2026-04-07
FB001381,WO002732,3,Parts Availability,2025-04-29
FB004349,WO008515,4,Positive Experience,2025-10-03
FB008420,WO016767,5,Service Quality,2026-05-08
FB012253,WO024090,4,Positive Experience,2026-10-03
FB001407,WO002782,4,Service Quality,2025-04-22
FB006009,WO011943,4,Positive Experience,2026-01-09
FB012126,WO023872,5,Service Quality,2026-09-27
FB001913,WO003824,4,Positive Experience,2025-05-27
FB003270,WO006443,5,Positive Experience,2025-08-11
FB011293,WO022312,4,Positive Experience,2026-08-28
FB008193,WO016292,5,Service Quality,2026-04-29
FB006621,WO013157,5,Positive Experience,2026-02-10
FB006777,WO013468,5,Service Quality,2026-02-18
FB008952,WO017789,4,Positive Experience,2026-06-01
FB003108,WO006152,4,Positive Experience,2025-08-02
FB006543,WO013009,4,Positive Experience,2026-02-06
FB010489,WO020792,4,Positive Experience,2026-07-31
FB003277,WO006454,5,Positive Experience,2025-08-11
FB006787,WO013489,5,Service Quality,2026-02-19
FB005181,WO010233,4,Service Quality,2025-11-19
FB005253,WO010400,4,Positive Experience,2025-11-25
FB009842,WO019542,4,Service Quality,2026-07-06
FB009063,WO018026,5,Service Quality,2026-06-05
FB011166,WO022096,4,Positive Experience,2026-08-25
FB004206,WO008254,4,Positive Experience,2025-09-28
FB004486,WO008813,5,Positive Experience,2025-10-14
FB010291,WO020390,3,Service Quality,2026-07-23
FB001980,WO003970,5,Service Quality,2025-06-02
FB000700,WO001392,5,Positive Experience,2025-03-04
FB004548,WO008925,5,Positive Experience,2025-10-14
FB000147,WO000302,3,Parts Availability,2025-01-23
FB000541,WO001056,5,Staff Behaviour,2025-02-17
FB008663,WO017247,3,Turnaround Time,2026-05-21
FB009619,WO019135,4,Positive Experience,2026-06-29
FB007300,WO014497,5,Service Quality,2026-03-16
FB009273,WO018464,4,Positive Experience,2026-06-16
FB009602,WO019103,3,Communication,2026-06-29
FB002488,WO004964,4,Positive Experience,2025-06-30
FB006902,WO013714,5,Positive Experience,2026-02-25
FB007882,WO015705,3,Turnaround Time,2026-04-14
FB004174,WO008189,3,Turnaround Time,2025-09-25
FB010332,WO020490,4,Positive Experience,2026-07-24
FB001306,WO002600,4,Positive Experience,2025-04-18
FB010462,WO020731,5,Staff Behaviour,2026-07-29
FB005951,WO011841,4,Staff Behaviour,2026-01-06
FB001612,WO003184,4,Positive Experience,2025-05-06
FB002062,WO004144,3,Staff Behaviour,2025-06-08
FB002483,WO004953,3,Turnaround Time,2025-07-02
FB005657,WO011226,3,Turnaround Time,2025-12-18
FB001836,WO003658,4,Positive Experience,2025-05-25
FB005507,WO010917,4,Service Quality,2025-12-11
FB006575,WO013070,4,Service Quality,2026-02-08
FB010374,WO020564,5,Positive Experience,2026-07-25
FB001599,WO003157,4,Service Quality,2025-05-07
FB002868,WO005720,4,Service Quality,2025-07-21
FB011111,WO021976,5,Positive Experience,2026-08-20
FB011740,WO023128,4,Service Quality,2026-09-14
FB009491,WO018887,5,Staff Behaviour,2026-06-24
FB007990,WO015896,3,Turnaround Time,2026-04-19
FB000843,WO001678,4,Positive Experience,2025-03-15
FB005648,WO011208,4,Staff Behaviour,2025-12-17
FB010430,WO020671,5,Positive Experience,2026-07-26
FB010763,WO021323,5,Positive Experience,2026-08-09
FB003124,WO006186,5,Service Quality,2025-08-01
FB010917,WO021622,3,Turnaround Time,2026-08-15
FB003580,WO007053,4,Staff Behaviour,2025-08-28
FB000083,WO000173,5,Service Quality,2025-01-10
FB001095,WO002167,5,Positive Experience,2025-03-31
FB007421,WO014770,4,Service Quality,2026-03-21
FB005140,WO010145,5,Service Quality,2025-11-18
FB003304,WO006503,4,Positive Experience,2025-08-18
FB011644,WO022954,5,Positive Experience,2026-09-11
FB005458,WO010821,3,Turnaround Time,2025-12-07
FB010255,WO020322,3,Turnaround Time,2026-07-19
FB009016,WO017932,4,Positive Experience,2026-06-05
FB004632,WO009109,4,Service Quality,2025-10-20
FB010726,WO021239,4,Positive Experience,2026-08-07
FB005547,WO010983,4,Positive Experience,2025-12-13
FB007035,WO013985,2,Turnaround Time,2026-03-03
FB005192,WO010253,3,Repeat Issue,2025-11-20
FB004129,WO008107,3,Turnaround Time,2025-09-22
FB001109,WO002192,4,Service Quality,2025-04-02
FB006371,WO012647,5,Positive Experience,2026-01-27
FB003704,WO007279,4,Positive Experience,2025-08-30
FB010348,WO020520,5,Positive Experience,2026-07-26
FB008976,WO017841,5,Positive Experience,2026-06-03
FB008914,WO017721,4,Positive Experience,2026-05-28
FB001132,WO002241,5,Staff Behaviour,2025-04-04
FB010913,WO021616,3,Parts Availability,2026-08-18
FB009193,WO018299,4,Positive Experience,2026-06-14
FB004759,WO009346,3,Turnaround Time,2025-10-25
FB004437,WO008705,4,Service Quality,2025-10-10
FB009890,WO019628,4,Service Quality,2026-07-06
FB008159,WO016225,3,Turnaround Time,2026-04-25
FB008720,WO017354,5,Positive Experience,2026-05-22
FB009715,WO019296,3,Turnaround Time,2026-07-01
FB012077,WO023777,4,Positive Experience,2026-09-25
FB002161,WO004322,5,Staff Behaviour,2025-06-13
FB002401,WO004804,4,Positive Experience,2025-06-28
FB007402,WO014702,5,Positive Experience,2026-03-20
FB011335,WO022388,3,Turnaround Time,2026-08-29
FB002593,WO005157,4,Staff Behaviour,2025-07-08
FB007568,WO015047,5,Service Quality,2026-03-28
FB007706,WO015365,3,Turnaround Time,2026-04-07
FB003784,WO007441,5,Positive Experience,2025-09-06
FB007844,WO015627,4,Positive Experience,2026-04-11
FB002179,WO004351,3,Communication,2025-06-13
FB008429,WO016784,4,Positive Experience,2026-05-10
FB003914,WO007704,4,Positive Experience,2025-09-11
FB005746,WO011410,4,Service Quality,2025-12-25
FB000376,WO000732,5,Positive Experience,2025-02-06
FB007286,WO014474,5,Positive Experience,2026-03-16
FB002927,WO005829,2,Parts Availability,2025-08-02
FB003045,WO006054,4,Service Quality,2025-08-01
FB002101,WO004209,5,Positive Experience,2025-06-10
FB003096,WO006129,5,Positive Experience,2025-08-01
FB003838,WO007553,5,Staff Behaviour,2025-09-07
FB011748,WO023143,4,Positive Experience,2026-09-14
FB005915,WO011768,3,Repeat Issue,2026-01-05
FB001142,WO002256,4,Service Quality,2025-04-05
FB004962,WO009768,4,Staff Behaviour,2025-11-07
FB003465,WO006832,4,Positive Experience,2025-08-19
FB002592,WO005154,2,Repeat Issue,2025-07-07
FB007629,WO015209,5,Positive Experience,2026-04-01
FB004257,WO008342,4,Positive Experience,2025-10-02
FB007198,WO014309,5,Positive Experience,2026-03-11
FB010574,WO020936,4,Staff Behaviour,2026-07-31
FB010216,WO020246,5,Positive Experience,2026-07-20
FB008786,WO017483,4,Positive Experience,2026-05-24
FB003629,WO007146,5,Positive Experience,2025-08-27
FB004788,WO009407,3,Parts Availability,2025-10-30
FB005613,WO011133,3,Turnaround Time,2025-12-18
FB006825,WO013573,5,Positive Experience,2026-02-20
FB004993,WO009842,4,Positive Experience,2025-11-09
FB011978,WO023605,3,Turnaround Time,2026-09-22
FB006036,WO011994,5,Service Quality,2026-01-10
FB011059,WO021873,5,Positive Experience,2026-08-20
FB005381,WO010662,4,Positive Experience,2025-12-02
FB000005,WO000006,5,Positive Experience,2025-01-03
FB010032,WO019894,3,Turnaround Time,2026-07-11
FB002508,WO004995,4,Positive Experience,2025-07-01
FB002297,WO004597,4,Positive Experience,2025-06-20
FB000713,WO001417,4,Positive Experience,2025-03-05
FB010616,WO021007,3,Turnaround Time,2026-07-31
FB001220,WO002426,4,Service Quality,2025-04-09
FB000859,WO001696,5,Positive Experience,2025-03-14
FB007204,WO014321,5,Staff Behaviour,2026-03-11
FB004982,WO009809,4,Positive Experience,2025-11-09
FB009680,WO019230,4,Service Quality,2026-06-29
FB001376,WO002725,4,Positive Experience,2025-04-21
FB004283,WO008389,2,Repeat Issue,2025-10-01
FB000290,WO000564,3,Turnaround Time,2025-01-27
FB011466,WO022605,4,Positive Experience,2026-09-03
FB008316,WO016560,3,Parts Availability,2026-05-10
FB010027,WO019885,3,Turnaround Time,2026-07-14
FB003770,WO007413,2,Parts Availability,2025-09-08
FB000593,WO001171,5,Positive Experience,2025-02-20
FB006061,WO012041,4,Positive Experience,2026-01-11
FB006686,WO013280,4,Positive Experience,2026-02-12
FB008607,WO017127,3,Turnaround Time,2026-05-19
FB001024,WO002004,5,Service Quality,2025-03-26
FB003533,WO006951,5,Positive Experience,2025-08-23
FB004202,WO008246,4,Service Quality,2025-09-26
FB001216,WO002410,5,Service Quality,2025-04-11
FB011323,WO022368,4,Service Quality,2026-08-29
FB009318,WO018544,5,Staff Behaviour,2026-06-18
FB007241,WO014393,4,Service Quality,2026-03-12
FB010995,WO021752,2,Parts Availability,2026-08-20
FB008134,WO016178,5,Positive Experience,2026-04-26
FB003955,WO007784,5,Positive Experience,2025-09-12
FB008416,WO016760,4,Positive Experience,2026-05-09
FB002720,WO005419,4,Positive Experience,2025-07-13
FB001415,WO002794,4,Positive Experience,2025-04-24
FB007837,WO015619,5,Positive Experience,2026-04-10
FB000930,WO001833,3,Turnaround Time,2025-03-19
FB009173,WO018259,4,Positive Experience,2026-06-12
FB006464,WO012851,4,Positive Experience,2026-02-01
FB006845,WO013611,4,Service Quality,2026-02-21
FB012258,WO024102,3,Parts Availability,2026-10-08
FB007341,WO014574,3,Parts Availability,2026-03-18
FB007738,WO015415,3,Communication,2026-04-07
FB003143,WO006219,4,Staff Behaviour,2025-08-05
FB002779,WO005519,5,Positive Experience,2025-07-15
FB011257,WO022245,3,Turnaround Time,2026-08-25
FB006911,WO013734,5,Service Quality,2026-02-24
FB001364,WO002708,3,Turnaround Time,2025-04-19
FB010094,WO020006,3,Communication,2026-07-15
FB008084,WO016085,4,Staff Behaviour,2026-04-24
FB005471,WO010844,4,Service Quality,2025-12-06
FB002967,WO005910,4,Positive Experience,2025-07-26
FB007060,WO014039,3,Parts Availability,2026-03-08
FB005347,WO010593,4,Positive Experience,2025-11-29
FB005687,WO011283,4,Positive Experience,2025-12-18
FB009931,WO019717,5,Service Quality,2026-07-08
FB002102,WO004210,5,Positive Experience,2025-06-10
FB009188,WO018293,4,Positive Experience,2026-06-13
FB006497,WO012918,4,Positive Experience,2026-02-03
FB003560,WO007004,5,Service Quality,2025-08-23
FB000893,WO001762,4,Positive Experience,2025-03-16
FB002820,WO005615,5,Positive Experience,2025-07-21
FB005694,WO011296,5,Positive Experience,2025-12-18
FB011865,WO023354,5,Positive Experience,2026-09-18
FB008352,WO016625,3,Parts Availability,2026-05-09
FB009252,WO018423,3,Turnaround Time,2026-06-14
FB002425,WO004850,4,Positive Experience,2025-06-29
FB003382,WO006673,4,Staff Behaviour,2025-08-18
FB010200,WO020215,4,Positive Experience,2026-07-20
FB007029,WO013969,4,Positive Experience,2026-03-02
FB009371,WO018640,5,Service Quality,2026-06-19
FB001173,WO002318,4,Service Quality,2025-04-05
FB001714,WO003411,4,Positive Experience,2025-05-13
FB004191,WO008224,4,Positive Experience,2025-09-26
FB005315,WO010528,2,Turnaround Time,2025-11-29
FB003943,WO007769,4,Service Quality,2025-09-15
FB002261,WO004512,5,Staff Behaviour,2025-06-20
FB008408,WO016739,3,Turnaround Time,2026-05-10
FB000680,WO001343,5,Positive Experience,2025-03-03
FB009525,WO018955,3,Turnaround Time,2026-06-23
FB009083,WO018080,4,Positive Experience,2026-06-08
FB005896,WO011726,4,Staff Behaviour,2026-01-03
FB002805,WO005583,4,Positive Experience,2025-07-20
FB002340,WO004682,5,Staff Behaviour,2025-06-23
FB007034,WO013983,4,Service Quality,2026-03-04
FB005226,WO010340,5,Positive Experience,2025-11-23
FB003981,WO007825,3,Turnaround Time,2025-09-14
FB011777,WO023192,3,Turnaround Time,2026-09-12
FB009661,WO019204,5,Staff Behaviour,2026-06-30
FB000568,WO001125,5,Service Quality,2025-02-21
FB005639,WO011189,4,Positive Experience,2025-12-15
FB011066,WO021888,3,Staff Behaviour,2026-08-19
FB008973,WO017832,5,Service Quality,2026-06-02
FB002828,WO005631,4,Service Quality,2025-07-19
FB006021,WO011963,3,Turnaround Time,2026-01-09
FB012240,WO024072,3,Repeat Issue,2026-10-02
FB010625,WO021031,3,Turnaround Time,2026-08-03
FB003017,WO005995,5,Service Quality,2025-07-30
FB002087,WO004181,5,Positive Experience,2025-06-09
FB007532,WO014981,3,Turnaround Time,2026-03-28
FB010408,WO020637,5,Positive Experience,2026-07-27
FB000605,WO001196,4,Service Quality,2025-02-22
FB010104,WO020028,4,Staff Behaviour,2026-07-16
FB002157,WO004311,4,Positive Experience,2025-06-12
FB003221,WO006351,3,Parts Availability,2025-08-10
FB001551,WO003057,4,Service Quality,2025-05-04
FB008766,WO017452,3,Turnaround Time,2026-05-25
FB008146,WO016206,3,Turnaround Time,2026-04-27
FB004789,WO009409,4,Service Quality,2025-10-31
FB001203,WO002369,4,Service Quality,2025-04-10
FB002659,WO005296,4,Positive Experience,2025-07-08
FB003973,WO007811,3,Turnaround Time,2025-09-13
FB003429,WO006765,3,Turnaround Time,2025-08-19
FB006789,WO013494,4,Positive Experience,2026-02-20
FB009345,WO018599,5,Positive Experience,2026-06-16
FB005024,WO009906,5,Service Quality,2025-11-13
FB011854,WO023331,4,Positive Experience,2026-09-15
FB006358,WO012626,4,Positive Experience,2026-01-26
FB006174,WO012241,4,Positive Experience,2026-01-18
FB001111,WO002194,5,Positive Experience,2025-04-03
FB006554,WO013028,5,Positive Experience,2026-02-05
FB004693,WO009227,4,Positive Experience,2025-10-24
FB010019,WO019872,3,Turnaround Time,2026-07-13
FB005263,WO010427,5,Positive Experience,2025-11-26
FB010529,WO020868,5,Service Quality,2026-07-30
FB002883,WO005749,4,Positive Experience,2025-07-21
FB003171,WO006263,4,Positive Experience,2025-08-07
FB007250,WO014408,3,Turnaround Time,2026-03-15
FB002093,WO004194,4,Service Quality,2025-06-09
FB011480,WO022631,3,Parts Availability,2026-09-06
FB005766,WO011461,3,Turnaround Time,2025-12-25
FB008451,WO016824,5,Positive Experience,2026-05-09
FB005883,WO011698,3,Pricing,2026-01-01
FB011990,WO023618,4,Service Quality,2026-09-21
FB008080,WO016075,5,Service Quality,2026-04-22
FB002032,WO004077,5,Positive Experience,2025-06-03
FB007768,WO015484,4,Positive Experience,2026-04-10
FB005174,WO010218,4,Staff Behaviour,2025-11-19
FB001049,WO002063,4,Positive Experience,2025-03-27
FB010511,WO020840,5,Service Quality,2026-07-30
FB009001,WO017898,5,Positive Experience,2026-06-02
FB006278,WO012457,4,Positive Experience,2026-01-21
FB005325,WO010547,4,Positive Experience,2025-12-01
FB007024,WO013961,5,Positive Experience,2026-03-04
FB001648,WO003263,4,Positive Experience,2025-05-11
FB004434,WO008693,4,Service Quality,2025-10-09
FB010071,WO019957,3,Turnaround Time,2026-07-14
FB001369,WO002718,4,Positive Experience,2025-04-21
FB008636,WO017187,4,Service Quality,2026-05-21
FB004971,WO009788,4,Positive Experience,2025-11-09
FB009948,WO019746,4,Positive Experience,2026-07-11
FB006247,WO012393,2,Turnaround Time,2026-01-20
FB003635,WO007154,5,Positive Experience,2025-08-29
FB003031,WO006024,4,Service Quality,2025-07-30
FB004153,WO008147,3,Pricing,2025-09-24
FB009217,WO018353,3,Turnaround Time,2026-06-12
FB008744,WO017409,5,Positive Experience,2026-05-24
FB002647,WO005273,3,Communication,2025-07-08
FB007911,WO015758,5,Positive Experience,2026-04-13
FB009078,WO018061,4,Service Quality,2026-06-07
FB010624,WO021029,3,Repeat Issue,2026-08-02
FB011997,WO023629,4,Positive Experience,2026-09-21
FB004725,WO009285,4,Positive Experience,2025-10-27
FB005737,WO011389,4,Positive Experience,2025-12-22
FB003012,WO005978,5,Positive Experience,2025-07-28
FB007691,WO015343,3,Pricing,2026-04-06
FB007705,WO015364,3,Turnaround Time,2026-04-04
FB008546,WO017022,5,Positive Experience,2026-05-16
FB007294,WO014488,3,Turnaround Time,2026-03-14
FB005540,WO010971,5,Service Quality,2025-12-12
FB003801,WO007484,4,Positive Experience,2025-09-08
FB000907,WO001789,4,Positive Experience,2025-03-20
FB008930,WO017756,4,Positive Experience,2026-05-29
FB009793,WO019441,5,Service Quality,2026-07-05
FB006409,WO012730,4,Positive Experience,2026-01-30
FB007323,WO014545,3,Repeat Issue,2026-03-14
FB004678,WO009199,4,Positive Experience,2025-10-25
FB006684,WO013276,5,Positive Experience,2026-02-11
FB003967,WO007803,4,Positive Experience,2025-09-16
FB008240,WO016401,5,Staff Behaviour,2026-05-02
FB010404,WO020619,5,Positive Experience,2026-07-27
FB010377,WO020576,4,Positive Experience,2026-07-24
FB009038,WO017975,5,Positive Experience,2026-06-06
FB008090,WO016096,4,Staff Behaviour,2026-04-23
FB006803,WO013518,4,Staff Behaviour,2026-02-19
FB008234,WO016383,4,Service Quality,2026-04-29
FB005866,WO011663,4,Positive Experience,2025-12-30
FB005476,WO010857,5,Positive Experience,2025-12-09
FB011603,WO022873,3,Turnaround Time,2026-09-08
FB005056,WO009960,4,Positive Experience,2025-11-13
FB000808,WO001619,4,Positive Experience,2025-03-10
FB009675,WO019225,4,Positive Experience,2026-06-28
FB000982,WO001933,5,Staff Behaviour,2025-03-22
FB003290,WO006481,4,Positive Experience,2025-08-11
FB011398,WO022488,4,Positive Experience,2026-08-30
FB002573,WO005119,2,Parts Availability,2025-07-11
FB010318,WO020454,4,Service Quality,2026-07-22
FB011230,WO022203,4,Positive Experience,2026-08-25
FB004537,WO008907,4,Positive Experience,2025-10-13
FB009251,WO018422,4,Staff Behaviour,2026-06-14
FB006339,WO012586,4,Positive Experience,2026-01-26
FB004818,WO009481,5,Positive Experience,2025-10-31
FB003767,WO007402,5,Positive Experience,2025-09-02
FB008058,WO016027,5,Service Quality,2026-04-23
FB008562,WO017053,4,Positive Experience,2026-05-16
FB008478,WO016887,5,Positive Experience,2026-05-11
FB007096,WO014114,4,Positive Experience,2026-03-08
FB002680,WO005339,4,Positive Experience,2025-07-12
FB004695,WO009231,5,Positive Experience,2025-10-26
FB010022,WO019878,4,Positive Experience,2026-07-14
FB007763,WO015474,3,Repeat Issue,2026-04-10
FB002944,WO005860,4,Positive Experience,2025-07-24
FB011683,WO023039,4,Positive Experience,2026-09-10
FB010390,WO020595,4,Staff Behaviour,2026-07-27
FB008749,WO017421,3,Parts Availability,2026-05-31
FB005635,WO011183,4,Staff Behaviour,2025-12-17
FB010042,WO019907,3,Parts Availability,2026-07-19
FB010317,WO020450,5,Positive Experience,2026-07-24
FB007309,WO014515,5,Staff Behaviour,2026-03-15
FB007071,WO014060,5,Positive Experience,2026-03-06
FB000204,WO000408,4,Service Quality,2025-01-20
FB008127,WO016167,4,Positive Experience,2026-04-26
FB009240,WO018404,5,Positive Experience,2026-06-12
FB000261,WO000511,5,Service Quality,2025-01-27
FB010553,WO020903,4,Service Quality,2026-08-01
FB003798,WO007476,5,Staff Behaviour,2025-09-04
FB009037,WO017974,4,Service Quality,2026-06-05
FB000095,WO000195,3,Repeat Issue,2025-01-13
FB000863,WO001702,4,Positive Experience,2025-03-15
FB002122,WO004248,3,Repeat Issue,2025-06-11
FB002735,WO005451,4,Positive Experience,2025-07-17
FB005909,WO011756,4,Staff Behaviour,2026-01-03
FB001553,WO003059,5,Positive Experience,2025-05-03
FB007551,WO015015,5,Positive Experience,2026-03-29
FB002713,WO005404,4,Service Quality,2025-07-11
FB005691,WO011291,2,Parts Availability,2025-12-31
FB004884,WO009612,4,Service Quality,2025-11-04
FB004155,WO008150,5,Positive Experience,2025-09-24
FB005879,WO011691,5,Service Quality,2025-12-31
FB011690,WO023047,4,Positive Experience,2026-09-12
FB008113,WO016139,4,Service Quality,2026-04-24
FB011004,WO021764,3,Turnaround Time,2026-08-20
FB009960,WO019768,3,Turnaround Time,2026-07-09
FB003233,WO006372,5,Positive Experience,2025-08-07
FB004841,WO009518,2,Parts Availability,2025-11-01
FB006094,WO012091,4,Positive Experience,2026-01-14
FB003347,WO006591,5,Positive Experience,2025-08-14
FB000787,WO001576,4,Service Quality,2025-03-10
FB000704,WO001401,3,Turnaround Time,2025-03-01
FB004117,WO008083,4,Staff Behaviour,2025-09-24
FB004670,WO009176,4,Positive Experience,2025-10-22
FB006296,WO012489,5,Positive Experience,2026-01-22
FB005339,WO010575,4,Staff Behaviour,2025-11-29
FB000006,WO000008,4,Positive Experience,2025-01-01
FB001436,WO002840,4,Positive Experience,2025-04-27
FB008192,WO016290,3,Turnaround Time,2026-04-29
FB005587,WO011071,3,Turnaround Time,2025-12-15
FB001550,WO003056,5,Positive Experience,2025-05-03
FB003970,WO007806,5,Service Quality,2025-09-15
FB006056,WO012033,4,Positive Experience,2026-01-10
FB001918,WO003835,3,Turnaround Time,2025-05-28
FB003089,WO006120,5,Service Quality,2025-08-01
FB009837,WO019534,5,Positive Experience,2026-07-07
FB002556,WO005090,5,Staff Behaviour,2025-07-05
FB011585,WO022840,4,Positive Experience,2026-09-05
FB001395,WO002761,4,Positive Experience,2025-04-23
FB001256,WO002497,3,Turnaround Time,2025-04-12
FB010357,WO020533,4,Positive Experience,2026-07-26
FB002373,WO004748,4,Staff Behaviour,2025-06-25
FB003951,WO007779,5,Positive Experience,2025-09-14
FB004105,WO008064,5,Staff Behaviour,2025-09-23
FB009886,WO019614,4,Positive Experience,2026-07-09
FB001353,WO002685,4,Positive Experience,2025-04-21
FB007445,WO014819,4,Service Quality,2026-03-23
FB002778,WO005518,3,Staff Behaviour,2025-07-18
FB000062,WO000122,4,Service Quality,2025-01-09
FB010066,WO019950,4,Positive Experience,2026-07-14
FB000387,WO000752,4,Service Quality,2025-02-04
FB002527,WO005038,5,Service Quality,2025-07-05
FB012116,WO023855,5,Staff Behaviour,2026-09-26
FB003081,WO006112,5,Positive Experience,2025-07-31
FB008403,WO016733,3,Turnaround Time,2026-05-09
FB010345,WO020512,4,Positive Experience,2026-07-25
FB006238,WO012379,4,Staff Behaviour,2026-01-22
FB008188,WO016279,5,Positive Experience,2026-04-27
FB011573,WO022817,4,Positive Experience,2026-09-07
FB000836,WO001665,5,Positive Experience,2025-03-13
FB004668,WO009166,5,Service Quality,2025-10-23
FB004096,WO008045,4,Positive Experience,2025-09-22
FB009950,WO019749,4,Service Quality,2026-07-09
FB012112,WO023846,4,Service Quality,2026-09-25
FB009190,WO018296,3,Parts Availability,2026-06-15
FB012257,WO024101,4,Positive Experience,2026-10-01
FB004416,WO008642,5,Positive Experience,2025-10-10
FB006449,WO012818,3,Turnaround Time,2026-02-02
FB004879,WO009599,3,Turnaround Time,2025-11-01
FB001438,WO002843,3,Pricing,2025-04-25
FB003174,WO006266,5,Service Quality,2025-08-07
FB011479,WO022630,5,Positive Experience,2026-09-02
FB009385,WO018665,4,Service Quality,2026-06-20
FB005560,WO011020,4,Positive Experience,2025-12-11
FB005151,WO010175,5,Service Quality,2025-11-21
FB001845,WO003679,4,Service Quality,2025-05-23
FB002033,WO004078,4,Staff Behaviour,2025-06-10
FB004975,WO009793,5,Service Quality,2025-11-08
FB008741,WO017403,5,Positive Experience,2026-05-23
FB006372,WO012649,5,Positive Experience,2026-01-27
FB001470,WO002918,2,Parts Availability,2025-05-07
FB010904,WO021599,4,Positive Experience,2026-08-15
FB004765,WO009359,3,Turnaround Time,2025-10-28
FB010510,WO020838,5,Staff Behaviour,2026-07-29
FB003872,WO007625,5,Positive Experience,2025-09-09
FB001139,WO002252,4,Positive Experience,2025-04-04
FB009395,WO018688,4,Positive Experience,2026-06-20
FB003705,WO007280,4,Positive Experience,2025-09-01
FB009899,WO019645,3,Turnaround Time,2026-07-10
FB001771,WO003538,3,Turnaround Time,2025-05-17
FB004697,WO009236,4,Positive Experience,2025-10-23
FB005049,WO009944,5,Service Quality,2025-11-14
FB010749,WO021291,4,Positive Experience,2026-08-09
FB011126,WO022003,4,Service Quality,2026-08-23
FB010353,WO020528,4,Service Quality,2026-07-23
FB000285,WO000555,5,Staff Behaviour,2025-01-27
FB004168,WO008173,4,Staff Behaviour,2025-09-25
FB010349,WO020521,5,Staff Behaviour,2026-07-26
FB007715,WO015378,2,Repeat Issue,2026-04-07
FB008351,WO016624,4,Positive Experience,2026-05-07
FB005089,WO010033,3,Turnaround Time,2025-11-17
FB008542,WO017012,4,Positive Experience,2026-05-15
FB009717,WO019298,3,Turnaround Time,2026-07-02
FB002358,WO004722,5,Service Quality,2025-06-24
FB002915,WO005806,5,Positive Experience,2025-07-23
FB000949,WO001872,5,Positive Experience,2025-03-22
FB001963,WO003931,5,Positive Experience,2025-05-31
FB008676,WO017272,5,Positive Experience,2026-05-19
FB001420,WO002801,3,Parts Availability,2025-04-27
FB000537,WO001049,5,Staff Behaviour,2025-02-16
FB011094,WO021949,4,Staff Behaviour,2026-08-20
FB007429,WO014784,4,Service Quality,2026-03-23
FB007828,WO015597,5,Service Quality,2026-04-10
FB000759,WO001510,3,Turnaround Time,2025-03-09
FB003268,WO006441,5,Positive Experience,2025-08-10
FB010073,WO019960,4,Service Quality,2026-07-13
FB008095,WO016103,5,Service Quality,2026-04-24
FB007571,WO015052,5,Service Quality,2026-03-29
FB011410,WO022505,5,Service Quality,2026-08-30
FB006356,WO012623,5,Positive Experience,2026-01-27
FB011279,WO022289,3,Pricing,2026-08-27
FB000639,WO001265,4,Service Quality,2025-02-27
FB004871,WO009579,3,Turnaround Time,2025-11-02
FB011745,WO023138,4,Positive Experience,2026-09-14
FB002298,WO004601,5,Service Quality,2025-06-22
FB007622,WO015188,5,Positive Experience,2026-03-31
FB006003,WO011932,3,Communication,2026-01-06
FB000731,WO001444,4,Positive Experience,2025-03-06
FB003375,WO006654,3,Turnaround Time,2025-08-14
FB009373,WO018642,4,Service Quality,2026-06-18
FB000392,WO000764,4,Positive Experience,2025-02-11
FB000490,WO000952,4,Service Quality,2025-02-14
FB008272,WO016465,4,Positive Experience,2026-05-02
FB009272,WO018461,3,Turnaround Time,2026-06-14
FB006013,WO011950,4,Service Quality,2026-01-09
FB007231,WO014375,4,Positive Experience,2026-03-11
FB000494,WO000959,4,Positive Experience,2025-02-14
FB002660,WO005298,4,Positive Experience,2025-07-09
FB004568,WO008961,5,Positive Experience,2025-10-15
FB005925,WO011785,4,Positive Experience,2026-01-02
FB006262,WO012426,5,Service Quality,2026-01-22
FB002970,WO005920,4,Staff Behaviour,2025-07-29
FB010666,WO021108,4,Positive Experience,2026-08-04
FB008662,WO017244,4,Service Quality,2026-05-19
FB000726,WO001438,3,Parts Availability,2025-03-06
FB009157,WO018227,4,Staff Behaviour,2026-06-11
FB004212,WO008261,4,Positive Experience,2025-09-27
FB001042,WO002052,5,Service Quality,2025-03-26
FB001248,WO002482,3,Turnaround Time,2025-04-11
FB011577,WO022823,5,Staff Behaviour,2026-09-08
FB006265,WO012431,5,Service Quality,2026-01-21
FB006866,WO013650,5,Positive Experience,2026-02-24
FB010884,WO021544,3,Turnaround Time,2026-08-12
FB011181,WO022119,4,Positive Experience,2026-08-22
FB008085,WO016087,4,Staff Behaviour,2026-04-25
FB008367,WO016653,4,Positive Experience,2026-05-08
FB003611,WO007106,4,Positive Experience,2025-08-27
FB011744,WO023135,4,Positive Experience,2026-09-13
FB005216,WO010317,4,Service Quality,2025-11-24
FB004221,WO008278,5,Service Quality,2025-09-26
FB006778,WO013469,4,Staff Behaviour,2026-02-17
FB010677,WO021140,5,Positive Experience,2026-08-04
FB003875,WO007629,5,Positive Experience,2025-09-08
FB008666,WO017255,4,Positive Experience,2026-05-21
FB003844,WO007564,4,Positive Experience,2025-09-08
FB001872,WO003724,2,Parts Availability,2025-05-31
FB003183,WO006285,5,Positive Experience,2025-08-06
FB001478,WO002935,5,Positive Experience,2025-04-26
FB008443,WO016807,3,Parts Availability,2026-05-14
FB008616,WO017147,5,Positive Experience,2026-05-17
FB004521,WO008872,5,Positive Experience,2025-10-14
FB000703,WO001398,4,Service Quality,2025-03-01
FB011110,WO021974,3,Turnaround Time,2026-08-22
FB003412,WO006733,5,Positive Experience,2025-08-18
FB008093,WO016100,4,Positive Experience,2026-04-25
FB011262,WO022254,5,Positive Experience,2026-08-25
FB008175,WO016261,5,Staff Behaviour,2026-04-25
FB008920,WO017732,5,Positive Experience,2026-05-29
FB011995,WO023625,4,Positive Experience,2026-09-22
FB004361,WO008533,5,Positive Experience,2025-10-06
FB003205,WO006322,5,Service Quality,2025-08-05
FB009392,WO018683,4,Positive Experience,2026-06-20
FB010082,WO019980,2,Turnaround Time,2026-07-16
FB003005,WO005966,3,Turnaround Time,2025-07-28
FB001745,WO003476,4,Positive Experience,2025-05-17
FB004472,WO008780,4,Positive Experience,2025-10-13
FB006884,WO013683,4,Positive Experience,2026-02-24
FB005898,WO011729,3,Repeat Issue,2026-01-03
FB007443,WO014815,5,Positive Experience,2026-03-22
FB009138,WO018189,4,Positive Experience,2026-06-11
FB004980,WO009802,4,Positive Experience,2025-11-08
FB004629,WO009102,5,Positive Experience,2025-10-19
FB008430,WO016785,5,Positive Experience,2026-05-11
FB007783,WO015514,5,Staff Behaviour,2026-04-11
FB008143,WO016202,4,Service Quality,2026-04-24
FB009944,WO019739,3,Turnaround Time,2026-07-09
FB003746,WO007369,3,Turnaround Time,2025-09-02
FB002777,WO005517,4,Staff Behaviour,2025-07-17
FB002100,WO004206,4,Service Quality,2025-06-08
FB007708,WO015367,2,Repeat Issue,2026-04-06
FB006507,WO012940,5,Positive Experience,2026-02-05
FB010031,WO019893,3,Turnaround Time,2026-07-12
FB002394,WO004788,4,Positive Experience,2025-06-24
FB006054,WO012030,4,Positive Experience,2026-01-12
FB007042,WO013998,3,Turnaround Time,2026-03-06
FB004197,WO008236,4,Positive Experience,2025-09-26
FB009621,WO019140,4,Service Quality,2026-06-26
FB012052,WO023729,4,Positive Experience,2026-09-23
FB009920,WO019688,2,Parts Availability,2026-07-12
FB004020,WO007911,3,Pricing,2025-09-16
FB007641,WO015239,5,Staff Behaviour,2026-04-02
FB007936,WO015797,4,Staff Behaviour,2026-04-17
FB001838,WO003663,4,Positive Experience,2025-05-25
FB009055,WO018004,4,Service Quality,2026-06-07
FB011637,WO022942,4,Positive Experience,2026-09-10
FB011867,WO023358,4,Positive Experience,2026-09-18
FB005513,WO010926,4,Positive Experience,2025-12-08
FB006833,WO013592,4,Positive Experience,2026-02-20
FB000734,WO001447,5,Staff Behaviour,2025-03-07
FB004175,WO008190,5,Positive Experience,2025-09-27
FB011254,WO022240,3,Turnaround Time,2026-08-27
FB002799,WO005573,5,Positive Experience,2025-07-18
FB007503,WO014910,4,Positive Experience,2026-04-01
FB005236,WO010356,2,Turnaround Time,2025-11-23
FB011146,WO022054,4,Positive Experience,2026-08-21
FB008992,WO017881,4,Positive Experience,2026-06-04
FB007850,WO015642,3,Turnaround Time,2026-04-11
FB003510,WO006913,4,Positive Experience,2025-08-21
FB007495,WO014895,4,Service Quality,2026-03-25
FB010756,WO021310,3,Parts Availability,2026-08-22
FB000766,WO001525,4,Staff Behaviour,2025-03-10
FB004655,WO009146,5,Positive Experience,2025-10-23
FB000925,WO001821,4,Service Quality,2025-03-20
FB011629,WO022926,3,Turnaround Time,2026-09-07
FB004603,WO009051,4,Staff Behaviour,2025-10-21
FB004880,WO009603,5,Positive Experience,2025-11-01
FB000971,WO001909,4,Positive Experience,2025-03-24
FB008857,WO017623,4,Service Quality,2026-05-26
FB001636,WO003233,3,Turnaround Time,2025-05-08
FB002827,WO005630,3,Turnaround Time,2025-07-21
FB007625,WO015199,4,Positive Experience,2026-03-31
FB007040,WO013996,4,Positive Experience,2026-03-05
FB011394,WO022480,5,Positive Experience,2026-08-29
FB001753,WO003491,1,Repeat Issue,2025-05-30
FB007764,WO015475,4,Positive Experience,2026-04-09
FB009597,WO019096,5,Service Quality,2026-06-26
FB000268,WO000522,5,Service Quality,2025-01-25
FB006306,WO012516,4,Staff Behaviour,2026-01-25
FB009737,WO019329,4,Positive Experience,2026-06-30
FB000390,WO000760,5,Service Quality,2025-02-05
FB005158,WO010197,4,Service Quality,2025-11-18
FB007798,WO015541,5,Positive Experience,2026-04-09
FB011175,WO022111,3,Parts Availability,2026-08-29
FB009884,WO019612,5,Staff Behaviour,2026-07-06
FB006917,WO013747,3,Service Quality,2026-02-25
FB004188,WO008219,4,Positive Experience,2025-09-27
FB000897,WO001769,4,Positive Experience,2025-03-17
FB005368,WO010639,4,Service Quality,2025-12-01
FB006530,WO012981,4,Positive Experience,2026-02-07
FB003051,WO006061,4,Service Quality,2025-08-01
FB002408,WO004815,5,Service Quality,2025-06-26
FB011772,WO023178,2,Parts Availability,2026-09-24
FB004151,WO008145,4,Positive Experience,2025-09-24
FB006357,WO012624,5,Positive Experience,2026-01-27
FB002772,WO005510,5,Service Quality,2025-07-15
FB006136,WO012182,4,Staff Behaviour,2026-01-16
FB010650,WO021077,3,Turnaround Time,2026-08-02
FB007063,WO014048,5,Service Quality,2026-03-04
FB001344,WO002670,5,Positive Experience,2025-04-19
FB003666,WO007214,4,Positive Experience,2025-08-30
FB009803,WO019460,4,Staff Behaviour,2026-07-04
FB009389,WO018677,4,Positive Experience,2026-06-21
FB001237,WO002458,4,Service Quality,2025-04-11
FB002641,WO005259,5,Staff Behaviour,2025-07-10
FB007762,WO015472,5,Positive Experience,2026-04-08
FB003730,WO007332,5,Positive Experience,2025-09-01
FB005811,WO011553,4,Positive Experience,2025-12-29
FB008557,WO017046,4,Positive Experience,2026-05-14
FB004016,WO007903,4,Staff Behaviour,2025-09-19
FB005984,WO011901,4,Staff Behaviour,2026-01-08
FB000552,WO001086,5,Positive Experience,2025-02-19
FB009522,WO018951,5,Staff Behaviour,2026-06-24
FB000236,WO000473,4,Service Quality,2025-01-26
FB000186,WO000377,5,Positive Experience,2025-01-20
FB002719,WO005418,5,Positive Experience,2025-07-15
FB004569,WO008966,5,Service Quality,2025-10-16
FB007538,WO014989,4,Staff Behaviour,2026-03-26
FB007437,WO014802,3,Turnaround Time,2026-03-23
FB006275,WO012451,4,Staff Behaviour,2026-01-22
FB005911,WO011761,2,Turnaround Time,2026-01-05
FB007851,WO015643,3,Turnaround Time,2026-04-13
FB007101,WO014123,3,Service Quality,2026-03-07
FB008378,WO016671,4,Service Quality,2026-05-08
FB003503,WO006898,5,Service Quality,2025-08-24
FB003686,WO007246,3,Parts Availability,2025-09-08
FB001333,WO002651,5,Positive Experience,2025-04-17
FB009758,WO019369,4,Staff Behaviour,2026-07-03
FB009357,WO018617,5,Positive Experience,2026-06-17
FB001639,WO003239,4,Positive Experience,2025-05-11
FB008660,WO017236,5,Staff Behaviour,2026-05-18
FB005189,WO010246,5,Positive Experience,2025-11-21
FB001319,WO002627,4,Positive Experience,2025-04-18
FB008671,WO017264,3,Turnaround Time,2026-05-21
FB001768,WO003532,5,Positive Experience,2025-05-19
FB001576,WO003103,3,Parts Availability,2025-05-05
FB009650,WO019182,3,Turnaround Time,2026-07-01
FB005870,WO011676,4,Positive Experience,2025-12-30
FB011580,WO022831,3,Turnaround Time,2026-09-05
FB006919,WO013752,4,Service Quality,2026-02-27
FB007087,WO014094,4,Service Quality,2026-03-07
FB008633,WO017178,5,Staff Behaviour,2026-05-17
FB003198,WO006315,4,Service Quality,2025-08-08
FB008793,WO017495,3,Turnaround Time,2026-05-26
FB006307,WO012518,3,Turnaround Time,2026-01-25
FB006104,WO012108,4,Positive Experience,2026-01-13
FB002576,WO005124,4,Positive Experience,2025-07-07
FB011408,WO022503,4,Service Quality,2026-08-29
FB005934,WO011798,4,Positive Experience,2026-01-04
FB000266,WO000519,4,Service Quality,2025-01-25
FB003596,WO007081,4,Service Quality,2025-08-26
FB003998,WO007864,3,Parts Availability,2025-09-19
FB006937,WO013789,5,Positive Experience,2026-02-27
FB010218,WO020249,2,Parts Availability,2026-07-23
FB007003,WO013921,5,Positive Experience,2026-03-03
FB003152,WO006234,5,Positive Experience,2025-08-05
FB005214,WO010309,3,Turnaround Time,2025-11-24
FB010327,WO020474,4,Service Quality,2026-07-25
FB007143,WO014211,4,Service Quality,2026-03-08
FB005813,WO011559,4,Positive Experience,2025-12-30
FB005286,WO010472,5,Service Quality,2025-11-29
FB001642,WO003246,2,Repeat Issue,2025-05-08
FB000319,WO000623,2,Turnaround Time,2025-01-31
FB006182,WO012254,3,Pricing,2026-01-19
FB011050,WO021854,4,Positive Experience,2026-08-19
FB005888,WO011708,5,Staff Behaviour,2026-01-03
FB008177,WO016263,4,Positive Experience,2026-04-26
FB007756,WO015455,5,Positive Experience,2026-04-08
FB006002,WO011931,5,Service Quality,2026-01-06
FB011369,WO022440,4,Staff Behaviour,2026-08-29
FB002234,WO004463,4,Positive Experience,2025-06-15
FB007600,WO015138,4,Staff Behaviour,2026-03-31
FB001662,WO003286,5,Positive Experience,2025-05-12
FB000901,WO001776,4,Positive Experience,2025-03-17
FB003539,WO006964,4,Service Quality,2025-08-24
FB011058,WO021869,3,Turnaround Time,2026-08-19
FB001113,WO002198,4,Staff Behaviour,2025-03-31
FB008967,WO017821,5,Service Quality,2026-05-31
FB009014,WO017930,4,Positive Experience,2026-06-05
FB005728,WO011363,5,Staff Behaviour,2025-12-23
FB004859,WO009558,3,Turnaround Time,2025-11-02
FB008097,WO016109,4,Positive Experience,2026-04-24
FB000737,WO001459,4,Positive Experience,2025-03-06
FB003462,WO006824,4,Positive Experience,2025-08-19
FB008248,WO016418,5,Positive Experience,2026-04-29
FB002644,WO005267,3,Turnaround Time,2025-07-08
FB011132,WO022013,5,Service Quality,2026-08-21
FB003098,WO006134,3,Turnaround Time,2025-08-01
FB010378,WO020577,4,Positive Experience,2026-07-25
FB005327,WO010552,3,Staff Behaviour,2025-12-01
FB006545,WO013011,5,Positive Experience,2026-02-08
FB009608,WO019112,4,Positive Experience,2026-06-28
FB008692,WO017296,4,Positive Experience,2026-05-20
FB001692,WO003347,5,Service Quality,2025-05-13
FB006441,WO012796,5,Service Quality,2026-02-01
FB003148,WO006229,4,Positive Experience,2025-08-02
FB003020,WO006000,3,Turnaround Time,2025-07-29
FB008379,WO016673,4,Positive Experience,2026-05-07
FB004969,WO009783,4,Service Quality,2025-11-07
FB001977,WO003963,5,Positive Experience,2025-06-03
FB002589,WO005145,4,Positive Experience,2025-07-05
FB005405,WO010717,4,Staff Behaviour,2025-12-04
FB010394,WO020600,3,Turnaround Time,2026-07-27
FB009501,WO018905,3,Turnaround Time,2026-06-25
FB010735,WO021258,4,Service Quality,2026-08-07
FB002124,WO004250,3,Turnaround Time,2025-06-10
FB000407,WO000796,5,Positive Experience,2025-02-06
FB004332,WO008489,4,Positive Experience,2025-10-03
FB002166,WO004332,5,Positive Experience,2025-06-13
FB001861,WO003705,3,Pricing,2025-05-26
FB007645,WO015252,3,Communication,2026-04-04
FB000207,WO000412,5,Positive Experience,2025-01-23
FB004271,WO008362,5,Positive Experience,2025-10-01
FB004628,WO009101,5,Positive Experience,2025-10-20
FB011814,WO023250,3,Turnaround Time,2026-09-15
FB002902,WO005781,5,Service Quality,2025-07-25
FB002694,WO005359,5,Positive Experience,2025-07-12
FB005227,WO010343,4,Positive Experience,2025-11-25
FB010083,WO019981,3,Service Quality,2026-07-15
FB002304,WO004611,4,Positive Experience,2025-06-19
FB008353,WO016627,5,Service Quality,2026-05-05
FB005748,WO011414,5,Service Quality,2025-12-25
FB000177,WO000359,5,Positive Experience,2025-01-17
FB003848,WO007576,5,Positive Experience,2025-09-06
FB008986,WO017873,4,Positive Experience,2026-06-05
FB010854,WO021488,4,Positive Experience,2026-08-11
FB003729,WO007330,5,Positive Experience,2025-09-01
FB002344,WO004694,3,Turnaround Time,2025-06-24
FB000121,WO000253,4,Staff Behaviour,2025-01-13
FB010191,WO020199,5,Positive Experience,2026-07-19
FB005119,WO010091,4,Positive Experience,2025-11-24
FB004633,WO009110,5,Positive Experience,2025-10-21
FB005258,WO010413,5,Positive Experience,2025-11-25
FB011926,WO023480,5,Positive Experience,2026-09-19
FB011875,WO023372,3,Turnaround Time,2026-09-17
FB000032,WO000064,5,Staff Behaviour,2025-01-04
FB007657,WO015271,4,Positive Experience,2026-04-02
FB008823,WO017563,5,Positive Experience,2026-05-26
FB005299,WO010489,4,Positive Experience,2025-11-27
FB005282,WO010466,5,Positive Experience,2025-11-26
FB002976,WO005927,2,Turnaround Time,2025-07-29
FB001704,WO003381,4,Positive Experience,2025-05-15
FB010065,WO019949,3,Turnaround Time,2026-07-16
FB000238,WO000475,5,Staff Behaviour,2025-01-25
FB004368,WO008544,3,Turnaround Time,2025-10-07
FB010323,WO020466,2,Repeat Issue,2026-07-25
FB010771,WO021339,4,Positive Experience,2026-08-09
FB000957,WO001883,5,Staff Behaviour,2025-03-22
FB001719,WO003422,5,Service Quality,2025-05-14
FB012009,WO023651,3,Turnaround Time,2026-09-24
FB011924,WO023478,3,Turnaround Time,2026-09-20
FB006965,WO013847,3,Pricing,2026-02-28
FB007677,WO015314,2,Parts Availability,2026-04-15
FB003494,WO006883,4,Positive Experience,2025-08-24
FB005143,WO010158,3,Turnaround Time,2025-11-20
FB010889,WO021558,4,Positive Experience,2026-08-11
FB004253,WO008336,4,Service Quality,2025-09-28
FB008507,WO016946,4,Staff Behaviour,2026-05-12
FB005882,WO011697,4,Service Quality,2026-01-02
FB006613,WO013138,3,Turnaround Time,2026-02-10
FB006354,WO012620,4,Positive Experience,2026-01-25
FB002524,WO005030,4,Positive Experience,2025-07-01
FB003223,WO006354,5,Positive Experience,2025-08-08
FB007567,WO015046,4,Service Quality,2026-03-27
FB009255,WO018430,3,Turnaround Time,2026-06-15
FB003208,WO006329,3,Parts Availability,2025-08-13
FB002053,WO004128,5,Service Quality,2025-06-06
FB010405,WO020624,4,Staff Behaviour,2026-07-28
FB010951,WO021679,5,Positive Experience,2026-08-16
FB001994,WO003999,4,Staff Behaviour,2025-06-05
FB007375,WO014656,3,Turnaround Time,2026-03-19
FB010852,WO021486,5,Positive Experience,2026-08-13
FB006666,WO013245,5,Staff Behaviour,2026-02-13
FB006928,WO013768,3,Repeat Issue,2026-02-25
FB006584,WO013092,1,Turnaround Time,2026-02-08
FB010915,WO021618,5,Staff Behaviour,2026-08-16
FB000424,WO000827,5,Positive Experience,2025-02-08
FB000887,WO001747,4,Service Quality,2025-03-18
FB006863,WO013647,3,Turnaround Time,2026-02-24
FB002013,WO004039,3,Pricing,2025-06-06
FB010420,WO020659,4,Positive Experience,2026-07-28
FB008369,WO016657,4,Service Quality,2026-05-07
FB001170,WO002313,5,Positive Experience,2025-04-04
FB000752,WO001500,4,Positive Experience,2025-03-07
FB009085,WO018085,4,Positive Experience,2026-06-08
FB005940,WO011814,3,Parts Availability,2026-01-09
FB010179,WO020173,4,Positive Experience,2026-07-17
FB006393,WO012699,4,Service Quality,2026-02-01
FB010801,WO021398,4,Positive Experience,2026-08-10
FB008590,WO017097,4,Positive Experience,2026-05-18
FB009053,WO018001,3,Parts Availability,2026-06-08
FB011359,WO022427,4,Service Quality,2026-08-29
FB011420,WO022523,4,Positive Experience,2026-09-01
FB010144,WO020109,5,Positive Experience,2026-07-15
FB004320,WO008464,3,Pricing,2025-10-03
FB006618,WO013148,4,Service Quality,2026-02-07
FB000155,WO000317,2,Parts Availability,2025-01-25
FB002445,WO004878,5,Positive Experience,2025-06-27
FB001509,WO002986,5,Positive Experience,2025-05-02
FB008563,WO017055,4,Staff Behaviour,2026-05-16
FB001953,WO003907,5,Service Quality,2025-05-30
FB009756,WO019367,5,Service Quality,2026-07-03
FB010399,WO020611,5,Positive Experience,2026-07-25
FB002817,WO005611,3,Turnaround Time,2025-07-18
FB001556,WO003064,3,Parts Availability,2025-05-09
FB001798,WO003584,5,Positive Experience,2025-05-22
FB004314,WO008447,5,Positive Experience,2025-10-02
FB006634,WO013177,4,Positive Experience,2026-02-10
FB004080,WO008008,5,Staff Behaviour,2025-09-21
FB006744,WO013399,4,Positive Experience,2026-02-16
FB009360,WO018624,5,Staff Behaviour,2026-06-20
FB005492,WO010886,3,Turnaround Time,2025-12-10
FB003900,WO007679,4,Positive Experience,2025-09-10
FB012035,WO023696,4,Staff Behaviour,2026-09-23
FB008453,WO016827,3,Turnaround Time,2026-05-10
FB009030,WO017955,4,Positive Experience,2026-06-06
FB006082,WO012074,5,Staff Behaviour,2026-01-11
FB009489,WO018884,3,Turnaround Time,2026-06-23
FB003813,WO007502,3,Pricing,2025-09-08
FB005514,WO010927,5,Positive Experience,2025-12-08
FB004748,WO009320,4,Positive Experience,2025-10-27
FB000770,WO001529,5,Positive Experience,2025-03-07
FB010457,WO020722,5,Service Quality,2026-07-30
FB000865,WO001706,5,Service Quality,2025-03-15
FB011082,WO021928,4,Positive Experience,2026-08-19
FB002262,WO004515,3,Parts Availability,2025-06-21
FB006075,WO012064,4,Staff Behaviour,2026-01-13
FB009910,WO019668,4,Positive Experience,2026-07-10
FB002315,WO004632,5,Service Quality,2025-06-23
FB010761,WO021321,2,Turnaround Time,2026-08-09
FB006793,WO013500,4,Positive Experience,2026-02-18
FB005774,WO011475,4,Positive Experience,2025-12-27
FB009814,WO019486,4,Service Quality,2026-07-05
FB002029,WO004067,5,Positive Experience,2025-06-04
FB001050,WO002065,5,Positive Experience,2025-03-29
FB003587,WO007067,4,Positive Experience,2025-08-25
FB011330,WO022378,4,Service Quality,2026-08-27
FB010192,WO020200,4,Positive Experience,2026-07-18
FB001433,WO002831,3,Turnaround Time,2025-04-24
FB008629,WO017170,2,Turnaround Time,2026-05-20
FB003075,WO006101,4,Positive Experience,2025-07-30
FB001387,WO002746,3,Turnaround Time,2025-04-23
FB000144,WO000298,5,Staff Behaviour,2025-01-15
FB005765,WO011460,5,Positive Experience,2025-12-27
FB009751,WO019359,5,Service Quality,2026-07-01
FB005548,WO010985,3,Turnaround Time,2025-12-12
FB004825,WO009494,5,Positive Experience,2025-11-01
FB003849,WO007577,5,Staff Behaviour,2025-09-07
FB000795,WO001597,3,Pricing,2025-03-10
FB004305,WO008428,5,Positive Experience,2025-10-02
FB003452,WO006806,3,Communication,2025-08-19
FB004856,WO009555,5,Positive Experience,2025-11-02
FB000668,WO001323,4,Positive Experience,2025-03-02
FB007892,WO015727,3,Communication,2026-04-13
FB000962,WO001896,5,Service Quality,2025-03-21
FB001009,WO001979,3,Staff Behaviour,2025-03-24
FB002049,WO004121,3,Turnaround Time,2025-06-07
FB003232,WO006371,3,Service Quality,2025-08-09
FB006880,WO013679,5,Service Quality,2026-02-23
FB001627,WO003213,5,Positive Experience,2025-05-09
FB002507,WO004994,5,Staff Behaviour,2025-07-02
FB005563,WO011024,3,Turnaround Time,2025-12-14
FB008145,WO016205,3,Turnaround Time,2026-04-24
FB007787,WO015520,5,Service Quality,2026-04-08
FB011824,WO023271,5,Service Quality,2026-09-17
FB001412,WO002788,5,Service Quality,2025-04-23
FB004413,WO008639,4,Positive Experience,2025-10-08
FB009945,WO019740,5,Staff Behaviour,2026-07-09
FB011731,WO023113,3,Turnaround Time,2026-09-11
FB009904,WO019652,5,Positive Experience,2026-07-10
FB006261,WO012425,5,Positive Experience,2026-01-24
FB010668,WO021114,5,Positive Experience,2026-08-04
FB004173,WO008185,3,Turnaround Time,2025-09-24
FB011987,WO023614,3,Turnaround Time,2026-09-21
FB011871,WO023364,4,Positive Experience,2026-09-17
FB001377,WO002726,4,Positive Experience,2025-04-19
FB002109,WO004224,5,Positive Experience,2025-06-07
FB000964,WO001898,5,Positive Experience,2025-03-21
FB010505,WO020828,4,Service Quality,2026-07-30
FB010678,WO021143,4,Positive Experience,2026-08-06
FB000166,WO000333,4,Positive Experience,2025-01-17
FB008172,WO016255,4,Positive Experience,2026-04-27
FB000829,WO001653,3,Parts Availability,2025-03-13
FB010384,WO020584,5,Positive Experience,2026-07-24
FB008875,WO017649,5,Service Quality,2026-05-28
FB000267,WO000521,4,Positive Experience,2025-01-27
FB004990,WO009835,5,Positive Experience,2025-11-09
FB002061,WO004143,5,Positive Experience,2025-06-06
FB004487,WO008814,4,Staff Behaviour,2025-10-13
FB008442,WO016806,3,Turnaround Time,2026-05-10
FB004384,WO008575,4,Service Quality,2025-10-06
FB007548,WO015010,4,Staff Behaviour,2026-03-26
FB003071,WO006094,3,Turnaround Time,2025-08-03
FB001867,WO003715,5,Staff Behaviour,2025-05-24
FB004479,WO008796,4,Positive Experience,2025-10-11
FB000948,WO001870,4,Positive Experience,2025-03-22
FB010426,WO020667,5,Positive Experience,2026-07-26
FB005890,WO011718,4,Staff Behaviour,2026-01-02
FB004968,WO009780,3,Turnaround Time,2025-11-08
FB002186,WO004368,3,Parts Availability,2025-06-21
FB008219,WO016350,2,Turnaround Time,2026-04-28
FB003019,WO005999,5,Service Quality,2025-07-29
FB008758,WO017437,4,Positive Experience,2026-05-23
FB006016,WO011955,3,Turnaround Time,2026-01-09
FB000042,WO000084,2,Turnaround Time,2025-01-07
FB002615,WO005207,3,Turnaround Time,2025-07-07
FB008011,WO015942,5,Positive Experience,2026-04-20
FB007092,WO014108,4,Positive Experience,2026-03-05
FB009057,WO018006,5,Service Quality,2026-06-05
FB000055,WO000113,4,Service Quality,2025-01-07
FB011234,WO022208,4,Positive Experience,2026-08-27
FB010945,WO021668,5,Positive Experience,2026-08-15
FB008462,WO016842,5,Positive Experience,2026-05-09
FB003230,WO006368,4,Service Quality,2025-08-09
FB006951,WO013823,4,Positive Experience,2026-02-27
FB001016,WO001993,4,Staff Behaviour,2025-03-27
FB002683,WO005343,3,Communication,2025-07-13
FB005743,WO011402,4,Positive Experience,2025-12-25
FB009857,WO019564,5,Positive Experience,2026-07-06
FB009460,WO018820,4,Service Quality,2026-06-23
FB001160,WO002296,5,Service Quality,2025-04-06
FB011178,WO022116,4,Positive Experience,2026-08-25
FB011211,WO022168,4,Service Quality,2026-08-25
FB006396,WO012706,4,Service Quality,2026-01-31
FB006155,WO012214,5,Service Quality,2026-01-15
FB000596,WO001177,5,Staff Behaviour,2025-02-23
FB000812,WO001623,5,Positive Experience,2025-03-13
FB008508,WO016950,3,Turnaround Time,2026-05-14
FB002415,WO004829,4,Staff Behaviour,2025-06-29
FB009320,WO018549,4,Service Quality,2026-06-19
FB000486,WO000946,4,Positive Experience,2025-02-12
FB010229,WO020266,3,Turnaround Time,2026-07-21
FB009112,WO018135,4,Positive Experience,2026-06-07
FB002051,WO004124,4,Positive Experience,2025-06-08
FB008736,WO017388,5,Positive Experience,2026-05-22
FB003540,WO006965,3,Turnaround Time,2025-08-24
FB005023,WO009902,4,Positive Experience,2025-11-11
FB008713,WO017342,4,Positive Experience,2026-05-23
FB008305,WO016536,4,Positive Experience,2026-05-04
FB002390,WO004782,4,Service Quality,2025-06-24
FB004473,WO008785,4,Service Quality,2025-10-10
FB006946,WO013816,3,Communication,2026-02-26
FB000902,WO001778,4,Positive Experience,2025-03-17
FB011783,WO023202,5,Staff Behaviour,2026-09-13
FB005427,WO010760,4,Positive Experience,2025-12-06
FB007984,WO015890,5,Staff Behaviour,2026-04-17
FB008953,WO017790,5,Positive Experience,2026-06-01
FB012043,WO023711,4,Service Quality,2026-09-23
FB005663,WO011235,3,Repeat Issue,2025-12-18
FB001056,WO002075,4,Positive Experience,2025-03-28
FB004674,WO009185,4,Positive Experience,2025-10-23
FB006553,WO013027,4,Positive Experience,2026-02-07
FB008909,WO017713,3,Turnaround Time,2026-05-29
FB008627,WO017165,2,Turnaround Time,2026-05-20
FB005442,WO010785,3,Parts Availability,2025-12-11
FB005208,WO010295,5,Staff Behaviour,2025-11-23
FB001397,WO002764,4,Positive Experience,2025-04-22
FB010708,WO021208,4,Positive Experience,2026-08-05
FB011706,WO023072,4,Positive Experience,2026-09-11
FB008294,WO016516,4,Positive Experience,2026-05-03
FB007845,WO015630,5,Service Quality,2026-04-10
FB001688,WO003342,2,Turnaround Time,2025-05-13
FB003213,WO006338,5,Service Quality,2025-08-08
FB008186,WO016276,5,Service Quality,2026-04-26
FB004056,WO007971,5,Service Quality,2025-09-18
FB004917,WO009675,5,Positive Experience,2025-11-05
FB009812,WO019476,3,Turnaround Time,2026-07-03
FB005807,WO011548,4,Positive Experience,2025-12-26
FB000814,WO001625,4,Service Quality,2025-03-10
FB000857,WO001694,5,Service Quality,2025-03-16
FB008225,WO016359,4,Positive Experience,2026-04-30
FB003829,WO007535,4,Service Quality,2025-09-08
FB010203,WO020224,4,Service Quality,2026-07-19
FB003068,WO006088,5,Positive Experience,2025-08-01
FB005700,WO011306,5,Service Quality,2025-12-21
FB006662,WO013231,5,Positive Experience,2026-02-11
FB011355,WO022423,5,Staff Behaviour,2026-08-31
FB008405,WO016735,5,Positive Experience,2026-05-08
FB003724,WO007320,3,Turnaround Time,2025-09-02
FB001386,WO002745,2,Turnaround Time,2025-04-21
FB009327,WO018565,4,Positive Experience,2026-06-19
FB008715,WO017348,4,Positive Experience,2026-05-21
FB003272,WO006446,5,Service Quality,2025-08-09
FB009506,WO018916,5,Positive Experience,2026-06-24
FB010549,WO020898,4,Positive Experience,2026-07-31
FB000068,WO000136,5,Positive Experience,2025-01-06
FB006282,WO012465,5,Service Quality,2026-01-23
FB011268,WO022267,5,Positive Experience,2026-08-25
FB005689,WO011287,5,Positive Experience,2025-12-21
FB003987,WO007836,4,Positive Experience,2025-09-14
FB008778,WO017473,3,Turnaround Time,2026-05-24
FB008333,WO016588,5,Positive Experience,2026-05-05
FB005927,WO011787,5,Service Quality,2026-01-03
FB002283,WO004559,5,Service Quality,2025-06-21
FB003283,WO006469,4,Positive Experience,2025-08-09
FB000654,WO001294,5,Service Quality,2025-02-28
FB006867,WO013656,4,Staff Behaviour,2026-02-24
FB011586,WO022842,3,Communication,2026-09-05
FB010436,WO020680,4,Positive Experience,2026-07-25
FB005763,WO011457,4,Positive Experience,2025-12-27
FB006119,WO012144,5,Service Quality,2026-01-14
FB005788,WO011515,4,Positive Experience,2025-12-27
FB000827,WO001649,4,Positive Experience,2025-03-12
FB011844,WO023313,4,Service Quality,2026-09-16
FB005602,WO011104,3,Turnaround Time,2025-12-13
FB010425,WO020666,4,Service Quality,2026-07-26
FB000118,WO000246,5,Positive Experience,2025-01-12
FB011035,WO021820,5,Positive Experience,2026-08-20
FB011697,WO023061,5,Service Quality,2026-09-13
FB000984,WO001938,4,Service Quality,2025-03-22
FB004566,WO008956,3,Communication,2025-10-15
FB003997,WO007861,4,Positive Experience,2025-09-16
FB005676,WO011256,4,Staff Behaviour,2025-12-17
FB003818,WO007508,4,Positive Experience,2025-09-08
FB005092,WO010040,5,Staff Behaviour,2025-11-14
FB007276,WO014463,3,Pricing,2026-03-14
FB010695,WO021182,4,Positive Experience,2026-08-07
FB012230,WO024047,3,Turnaround Time,2026-09-30
FB004562,WO008952,4,Positive Experience,2025-10-17
FB005014,WO009883,5,Staff Behaviour,2025-11-13
FB003446,WO006797,5,Service Quality,2025-08-20
FB000264,WO000517,5,Positive Experience,2025-01-26
FB002940,WO005853,5,Positive Experience,2025-07-27
FB005455,WO010813,5,Staff Behaviour,2025-12-07
FB000580,WO001141,4,Positive Experience,2025-02-21
FB010044,WO019911,3,Turnaround Time,2026-07-11
FB007753,WO015450,2,Parts Availability,2026-04-11
FB006622,WO013158,5,Service Quality,2026-02-11
FB007901,WO015740,4,Service Quality,2026-04-16
FB011991,WO023619,5,Positive Experience,2026-09-20
FB009722,WO019304,4,Positive Experience,2026-07-03
FB006839,WO013602,4,Positive Experience,2026-02-23
FB002845,WO005674,3,Parts Availability,2025-08-02
FB007902,WO015741,5,Positive Experience,2026-04-16
FB001844,WO003674,4,Positive Experience,2025-05-23
FB006047,WO012012,4,Positive Experience,2026-01-08
FB005650,WO011212,5,Positive Experience,2025-12-18
FB000225,WO000451,5,Positive Experience,2025-01-22
FB006890,WO013695,3,Staff Behaviour,2026-02-25
FB003735,WO007342,5,Positive Experience,2025-09-04
FB001063,WO002092,4,Positive Experience,2025-03-30
FB003536,WO006959,4,Service Quality,2025-08-22
FB001011,WO001984,3,Service Quality,2025-03-24
FB003854,WO007586,4,Service Quality,2025-09-09
FB001940,WO003884,5,Positive Experience,2025-05-31
FB004355,WO008524,4,Positive Experience,2025-10-05
FB006336,WO012582,4,Service Quality,2026-01-27
FB012012,WO023654,4,Positive Experience,2026-09-23
FB001915,WO003828,4,Positive Experience,2025-05-27
FB007113,WO014149,4,Service Quality,2026-03-16
FB010601,WO020984,4,Staff Behaviour,2026-08-01
FB002423,WO004847,4,Staff Behaviour,2025-06-27
FB004198,WO008238,4,Staff Behaviour,2025-09-27
FB004336,WO008493,5,Staff Behaviour,2025-10-04
FB004346,WO008506,4,Service Quality,2025-10-05
FB009082,WO018077,5,Positive Experience,2026-06-07
FB007969,WO015858,4,Positive Experience,2026-04-18
FB000944,WO001864,3,Parts Availability,2025-03-31
FB002267,WO004522,4,Positive Experience,2025-06-17
FB007900,WO015739,4,Service Quality,2026-04-13
FB002821,WO005621,4,Staff Behaviour,2025-07-18
FB000064,WO000128,4,Staff Behaviour,2025-01-06
FB005778,WO011492,5,Service Quality,2025-12-27
FB007069,WO014058,5,Positive Experience,2026-03-04
FB007357,WO014609,4,Service Quality,2026-03-22
FB007363,WO014628,4,Positive Experience,2026-03-18
FB006753,WO013417,3,Parts Availability,2026-02-23
FB011561,WO022797,3,Communication,2026-09-07
FB000788,WO001578,3,Staff Behaviour,2025-03-08
FB011233,WO022207,4,Service Quality,2026-08-24
FB008422,WO016769,4,Positive Experience,2026-05-10
FB004492,WO008820,4,Positive Experience,2025-10-11
FB001669,WO003297,5,Positive Experience,2025-05-11
FB000947,WO001868,5,Positive Experience,2025-03-20
FB008865,WO017637,5,Positive Experience,2026-05-27
FB005644,WO011195,3,Turnaround Time,2025-12-17
FB001357,WO002693,4,Positive Experience,2025-04-20
FB005132,WO010129,5,Positive Experience,2025-11-20
FB011473,WO022618,5,Positive Experience,2026-09-01
FB009105,WO018122,4,Positive Experience,2026-06-08
FB010393,WO020598,5,Service Quality,2026-07-24
FB007052,WO014020,5,Positive Experience,2026-03-04
FB002983,WO005935,3,Pricing,2025-07-26
FB009573,WO019055,5,Positive Experience,2026-06-26
FB003219,WO006349,4,Service Quality,2025-08-09
FB002468,WO004928,4,Service Quality,2025-06-29
FB004179,WO008197,5,Service Quality,2025-09-27
FB002616,WO005211,3,Turnaround Time,2025-07-07
FB011274,WO022280,5,Service Quality,2026-08-25
FB005920,WO011778,3,Repeat Issue,2026-01-03
FB010142,WO020105,4,Positive Experience,2026-07-15
FB011103,WO021963,4,Service Quality,2026-08-20
FB009356,WO018615,5,Positive Experience,2026-06-20
FB007778,WO015503,5,Positive Experience,2026-04-08
FB002797,WO005569,4,Positive Experience,2025-07-20
FB003170,WO006262,3,Turnaround Time,2025-08-05
FB006856,WO013633,5,Positive Experience,2026-02-23
FB000602,WO001188,5,Positive Experience,2025-02-21
FB012211,WO024012,3,Turnaround Time,2026-10-02
FB004502,WO008838,4,Service Quality,2025-10-14
FB000249,WO000489,5,Positive Experience,2025-01-26
FB004195,WO008230,5,Service Quality,2025-09-28
FB011559,WO022794,5,Positive Experience,2026-09-06
FB012081,WO023787,3,Repeat Issue,2026-09-26
FB001251,WO002486,4,Service Quality,2025-04-11
FB007643,WO015241,5,Service Quality,2026-04-02
FB001566,WO003084,4,Staff Behaviour,2025-05-03
FB007819,WO015579,5,Service Quality,2026-04-12
FB009736,WO019327,5,Positive Experience,2026-07-01
FB007510,WO014920,1,Parts Availability,2026-03-31
FB005838,WO011618,5,Positive Experience,2025-12-31
FB006064,WO012048,5,Positive Experience,2026-01-09
FB006971,WO013862,4,Service Quality,2026-03-01
FB003189,WO006302,5,Positive Experience,2025-08-08
FB011075,WO021910,5,Positive Experience,2026-08-20
FB000706,WO001404,3,Parts Availability,2025-03-07
FB007442,WO014814,4,Positive Experience,2026-03-21
FB003481,WO006856,4,Positive Experience,2025-08-20
FB002268,WO004528,4,Positive Experience,2025-06-20
FB012131,WO023880,4,Positive Experience,2026-09-26
FB006556,WO013031,2,Communication,2026-02-06
FB002442,WO004871,5,Positive Experience,2025-06-30
FB011413,WO022510,5,Positive Experience,2026-09-01
FB010160,WO020134,4,Positive Experience,2026-07-18
FB008142,WO016199,4,Staff Behaviour,2026-04-27
FB001770,WO003535,4,Positive Experience,2025-05-21
FB002581,WO005131,5,Positive Experience,2025-07-07
FB008079,WO016073,4,Service Quality,2026-04-23
FB009400,WO018703,4,Service Quality,2026-06-21
FB005065,WO009984,4,Staff Behaviour,2025-11-16
FB002972,WO005922,4,Positive Experience,2025-07-27
FB004477,WO008792,4,Positive Experience,2025-10-12
FB007788,WO015522,5,Positive Experience,2026-04-08
FB007580,WO015073,3,Turnaround Time,2026-03-29
FB006109,WO012121,4,Service Quality,2026-01-14
FB004696,WO009235,5,Staff Behaviour,2025-10-23
FB002811,WO005595,4,Staff Behaviour,2025-07-21
FB004784,WO009400,4,Service Quality,2025-10-29
FB003397,WO006694,5,Positive Experience,2025-08-16
FB004466,WO008771,2,Repeat Issue,2025-10-11
FB010619,WO021016,5,Positive Experience,2026-08-02
FB001521,WO003005,4,Positive Experience,2025-04-30
FB006550,WO013023,5,Staff Behaviour,2026-02-06
FB006970,WO013861,5,Staff Behaviour,2026-03-02
FB003421,WO006748,4,Staff Behaviour,2025-08-16
FB006472,WO012865,5,Positive Experience,2026-02-03
FB000960,WO001889,3,Turnaround Time,2025-03-23
FB001629,WO003218,5,Positive Experience,2025-05-07
FB005002,WO009858,4,Positive Experience,2025-11-09
FB010372,WO020560,4,Positive Experience,2026-07-26
FB002502,WO004989,4,Positive Experience,2025-07-01
FB003725,WO007321,5,Positive Experience,2025-09-02
FB005946,WO011826,4,Positive Experience,2026-01-05
FB004512,WO008857,2,Turnaround Time,2025-10-14
FB007400,WO014696,4,Positive Experience,2026-03-21
FB008763,WO017448,5,Staff Behaviour,2026-05-24
FB000614,WO001208,5,Service Quality,2025-02-22
FB005686,WO011278,4,Positive Experience,2025-12-19
FB004272,WO008366,4,Positive Experience,2025-09-30
FB011244,WO022224,5,Service Quality,2026-08-24
FB002826,WO005628,3,Turnaround Time,2025-07-18
FB001560,WO003071,4,Positive Experience,2025-05-04
FB003506,WO006905,4,Positive Experience,2025-08-21
FB008829,WO017573,5,Service Quality,2026-05-26
FB003881,WO007641,4,Positive Experience,2025-09-10
FB000308,WO000604,4,Positive Experience,2025-01-28
FB007713,WO015373,5,Positive Experience,2026-04-05
FB008600,WO017117,4,Service Quality,2026-05-19
FB003187,WO006295,4,Positive Experience,2025-08-06
FB005767,WO011462,5,Positive Experience,2025-12-27
FB005572,WO011036,5,Service Quality,2025-12-13
FB003974,WO007813,3,Turnaround Time,2025-09-15
FB002911,WO005798,5,Positive Experience,2025-07-22
FB001046,WO002060,5,Staff Behaviour,2025-03-27
FB001382,WO002736,5,Staff Behaviour,2025-04-19
FB012076,WO023776,4,Staff Behaviour,2026-09-25
FB007621,WO015185,4,Positive Experience,2026-04-02
FB006484,WO012886,5,Positive Experience,2026-02-05
FB006812,WO013536,5,Positive Experience,2026-02-21
FB005461,WO010826,3,Turnaround Time,2025-12-08
FB005322,WO010543,5,Staff Behaviour,2025-11-27
FB008119,WO016147,5,Positive Experience,2026-04-25
FB011011,WO021775,5,Positive Experience,2026-08-16
FB007594,WO015119,3,Pricing,2026-03-28
FB001619,WO003196,4,Positive Experience,2025-05-07
FB000074,WO000146,4,Positive Experience,2025-01-08
FB011667,WO023003,3,Turnaround Time,2026-09-10
FB011423,WO022527,3,Turnaround Time,2026-09-02
FB006324,WO012559,4,Service Quality,2026-01-26
FB006638,WO013183,4,Positive Experience,2026-02-10
FB010676,WO021139,5,Service Quality,2026-08-03
FB004533,WO008896,3,Turnaround Time,2025-10-16
FB009909,WO019661,4,Positive Experience,2026-07-07
FB010747,WO021289,3,Parts Availability,2026-08-09
FB001069,WO002102,4,Positive Experience,2025-03-29
FB009535,WO018978,4,Service Quality,2026-06-23
FB000058,WO000116,5,Positive Experience,2025-01-07
FB009858,WO019565,3,Turnaround Time,2026-07-04
FB005045,WO009938,5,Positive Experience,2025-11-12
FB003633,WO007151,4,Service Quality,2025-08-30
FB000562,WO001117,4,Positive Experience,2025-02-18
FB004379,WO008565,3,Parts Availability,2025-10-13
FB005118,WO010088,3,Repeat Issue,2025-11-15
FB000360,WO000701,3,Pricing,2025-02-02
FB003001,WO005960,4,Positive Experience,2025-07-26
FB007248,WO014402,4,Service Quality,2026-03-13
FB007496,WO014896,5,Service Quality,2026-03-24
FB004855,WO009550,5,Positive Experience,2025-11-02
FB005901,WO011738,4,Positive Experience,2026-01-04
FB012094,WO023815,4,Positive Experience,2026-09-25
FB004535,WO008903,5,Positive Experience,2025-10-14
FB008752,WO017424,4,Positive Experience,2026-05-24
FB006330,WO012571,4,Positive Experience,2026-01-26
FB008231,WO016375,5,Service Quality,2026-04-29
FB005389,WO010679,4,Positive Experience,2025-12-03
FB005553,WO010992,5,Positive Experience,2025-12-12
FB008314,WO016556,4,Positive Experience,2026-05-02
FB003700,WO007273,4,Positive Experience,2025-09-01
FB002028,WO004065,4,Positive Experience,2025-06-03
FB004273,WO008367,5,Positive Experience,2025-09-30
FB006650,WO013207,4,Positive Experience,2026-02-13
FB000338,WO000665,4,Positive Experience,2025-01-31
FB010101,WO020017,3,Turnaround Time,2026-07-14
FB009091,WO018092,5,Positive Experience,2026-06-08
FB008558,WO017047,5,Positive Experience,2026-05-14
FB009172,WO018255,4,Positive Experience,2026-06-10
FB007829,WO015598,3,Repeat Issue,2026-04-12
FB002447,WO004882,4,Positive Experience,2025-06-27
FB011430,WO022536,3,Communication,2026-08-31
FB010674,WO021135,5,Positive Experience,2026-08-04
FB008637,WO017188,5,Service Quality,2026-05-19
FB010307,WO020422,5,Positive Experience,2026-07-24
FB003559,WO007002,4,Positive Experience,2025-08-26
FB003522,WO006932,3,Parts Availability,2025-08-25
FB000054,WO000112,4,Service Quality,2025-01-07
FB007941,WO015810,5,Positive Experience,2026-04-17
FB009189,WO018295,5,Positive Experience,2026-06-12
FB006521,WO012965,5,Positive Experience,2026-02-06
FB010502,WO020823,5,Positive Experience,2026-07-30
FB012196,WO023990,5,Positive Experience,2026-09-29
FB005622,WO011150,4,Positive Experience,2025-12-17
FB001683,WO003331,5,Positive Experience,2025-05-10
FB009811,WO019475,3,Repeat Issue,2026-07-06
FB010352,WO020527,4,Service Quality,2026-07-23
FB010781,WO021362,3,Turnaround Time,2026-08-09
FB010879,WO021537,3,Parts Availability,2026-08-21
FB011727,WO023107,4,Service Quality,2026-09-13
FB003858,WO007594,5,Positive Experience,2025-09-11
FB003994,WO007857,4,Staff Behaviour,2025-09-18
FB002106,WO004216,4,Positive Experience,2025-06-09
FB002606,WO005183,3,Repeat Issue,2025-07-05
FB002557,WO005092,4,Service Quality,2025-07-05
FB009241,WO018406,2,Turnaround Time,2026-06-16
FB011165,WO022094,4,Positive Experience,2026-08-23
FB007684,WO015326,5,Staff Behaviour,2026-04-06
FB002386,WO004776,4,Positive Experience,2025-06-27
FB002667,WO005312,4,Positive Experience,2025-07-10
FB006735,WO013383,5,Service Quality,2026-02-14
FB009433,WO018779,3,Parts Availability,2026-06-24
FB010410,WO020639,2,Turnaround Time,2026-07-28
FB011992,WO023620,3,Turnaround Time,2026-09-24
FB002293,WO004582,5,Staff Behaviour,2025-06-19
FB004862,WO009562,5,Positive Experience,2025-11-03
FB002485,WO004958,3,Parts Availability,2025-07-02
FB007644,WO015243,4,Service Quality,2026-04-01
FB012105,WO023835,5,Service Quality,2026-09-25
FB008847,WO017608,4,Service Quality,2026-05-27
FB010895,WO021581,4,Positive Experience,2026-08-15
FB006723,WO013363,3,Turnaround Time,2026-02-15
FB006152,WO012208,5,Staff Behaviour,2026-01-16
FB006821,WO013565,5,Positive Experience,2026-02-20
FB007114,WO014151,5,Service Quality,2026-03-07
FB007696,WO015348,4,Service Quality,2026-04-04
FB007343,WO014581,5,Positive Experience,2026-03-16
FB002781,WO005525,4,Positive Experience,2025-07-16
FB005241,WO010369,4,Service Quality,2025-11-23
FB000487,WO000948,4,Positive Experience,2025-02-13
FB004829,WO009501,5,Service Quality,2025-10-30
FB010977,WO021722,3,Turnaround Time,2026-08-18
FB010987,WO021739,3,Repeat Issue,2026-08-17
FB010875,WO021526,5,Positive Experience,2026-08-13
FB008844,WO017603,1,Repeat Issue,2026-05-28
FB001672,WO003305,3,Turnaround Time,2025-05-10
FB001926,WO003853,4,Positive Experience,2025-05-30
FB009109,WO018131,4,Staff Behaviour,2026-06-06
FB004431,WO008685,4,Service Quality,2025-10-09
FB007648,WO015256,5,Positive Experience,2026-04-05
FB002608,WO005186,4,Positive Experience,2025-07-07
FB002059,WO004138,5,Service Quality,2025-06-05
FB009684,WO019240,5,Service Quality,2026-06-30
FB001385,WO002742,4,Staff Behaviour,2025-04-22
FB011292,WO022311,4,Positive Experience,2026-08-26
FB009981,WO019805,1,Repeat Issue,2026-07-11
FB009696,WO019264,5,Positive Experience,2026-07-01
FB006668,WO013248,3,Service Quality,2026-02-12
FB003706,WO007281,2,Turnaround Time,2025-08-31
FB012055,WO023732,5,Positive Experience,2026-09-23
FB001368,WO002717,3,Turnaround Time,2025-04-22
FB009473,WO018849,3,Turnaround Time,2026-06-21
FB002678,WO005331,4,Service Quality,2025-07-11
FB012061,WO023743,3,Turnaround Time,2026-09-25
FB011749,WO023145,4,Staff Behaviour,2026-09-14
FB008514,WO016959,5,Positive Experience,2026-05-13
FB001982,WO003974,4,Positive Experience,2025-06-01
FB005262,WO010423,4,Positive Experience,2025-11-25
FB003795,WO007465,4,Service Quality,2025-09-05
FB000553,WO001088,3,Parts Availability,2025-03-04
FB010863,WO021505,5,Positive Experience,2026-08-12
FB012159,WO023932,5,Positive Experience,2026-09-27
FB008104,WO016120,5,Positive Experience,2026-04-22
FB007230,WO014373,5,Positive Experience,2026-03-11
FB006725,WO013367,5,Positive Experience,2026-02-16
FB001423,WO002810,5,Positive Experience,2025-04-25
FB011212,WO022169,4,Positive Experience,2026-08-23
FB007068,WO014057,5,Positive Experience,2026-03-05
FB006997,WO013911,3,Communication,2026-03-02
FB001625,WO003208,5,Service Quality,2025-05-06
FB002357,WO004721,4,Positive Experience,2025-06-24
FB002435,WO004864,5,Service Quality,2025-06-30
FB008729,WO017373,4,Positive Experience,2026-05-23
FB000325,WO000634,5,Positive Experience,2025-01-30
FB007512,WO014927,3,Turnaround Time,2026-03-26
FB006311,WO012530,4,Service Quality,2026-01-26
FB003099,WO006135,4,Service Quality,2025-08-02
FB003440,WO006785,4,Positive Experience,2025-08-20
FB005527,WO010944,3,Turnaround Time,2025-12-10
FB006232,WO012371,3,Parts Availability,2026-01-22
FB012136,WO023886,4,Positive Experience,2026-09-26
FB009859,WO019566,4,Positive Experience,2026-07-06
FB008390,WO016702,4,Service Quality,2026-05-08
FB011046,WO021844,4,Service Quality,2026-08-17
FB001959,WO003920,5,Service Quality,2025-05-31
FB007620,WO015181,4,Positive Experience,2026-03-31
FB010989,WO021742,4,Positive Experience,2026-08-17
FB009271,WO018460,2,Turnaround Time,2026-06-15
FB002640,WO005258,5,Positive Experience,2025-07-08
FB006502,WO012933,5,Positive Experience,2026-02-03
FB007166,WO014253,2,Turnaround Time,2026-03-11
FB010514,WO020846,5,Positive Experience,2026-07-30
FB008264,WO016448,2,Communication,2026-05-01
FB011381,WO022461,4,Positive Experience,2026-08-30
FB000010,WO000017,4,Positive Experience,2025-01-01
FB005990,WO011912,3,Pricing,2026-01-07
FB004250,WO008330,4,Positive Experience,2025-09-29
FB001562,WO003074,5,Staff Behaviour,2025-05-04
FB004364,WO008538,4,Positive Experience,2025-10-06
FB002372,WO004747,5,Service Quality,2025-06-26
FB008437,WO016794,4,Positive Experience,2026-05-11
FB001928,WO003860,5,Positive Experience,2025-05-30
FB010525,WO020862,5,Positive Experience,2026-07-29
FB005600,WO011099,3,Turnaround Time,2025-12-13
FB003690,WO007252,4,Positive Experience,2025-09-01
FB010732,WO021255,5,Positive Experience,2026-08-07
FB005410,WO010733,4,Service Quality,2025-12-05
FB007274,WO014458,4,Positive Experience,2026-03-13
FB010041,WO019906,5,Positive Experience,2026-07-11
FB003063,WO006080,4,Service Quality,2025-08-02
FB008912,WO017719,5,Positive Experience,2026-05-31
FB009309,WO018531,4,Positive Experience,2026-06-16
FB008916,WO017723,3,Staff Behaviour,2026-05-28
FB002800,WO005575,3,Repeat Issue,2025-07-19
FB001567,WO003085,5,Staff Behaviour,2025-05-05
FB004226,WO008291,3,Turnaround Time,2025-09-30
FB004015,WO007902,4,Positive Experience,2025-09-16
FB000009,WO000015,4,Staff Behaviour,2025-01-04
FB011506,WO022685,2,Turnaround Time,2026-09-05
FB002542,WO005068,4,Positive Experience,2025-07-03
FB007427,WO014781,3,Parts Availability,2026-04-06
FB010114,WO020044,5,Positive Experience,2026-07-16
FB002228,WO004450,4,Service Quality,2025-06-17
FB006516,WO012955,4,Positive Experience,2026-02-06
FB002869,WO005721,4,Staff Behaviour,2025-07-22
FB002143,WO004283,5,Positive Experience,2025-06-11
FB008427,WO016780,5,Service Quality,2026-05-08
FB009797,WO019445,4,Positive Experience,2026-07-04
FB000334,WO000656,4,Staff Behaviour,2025-02-01
FB007289,WO014478,3,Parts Availability,2026-03-24
FB001043,WO002054,4,Service Quality,2025-03-29
FB000211,WO000418,5,Service Quality,2025-01-23
FB009285,WO018488,4,Positive Experience,2026-06-16
FB008446,WO016811,4,Positive Experience,2026-05-11
FB003756,WO007384,4,Positive Experience,2025-09-05
FB000034,WO000067,4,Service Quality,2025-01-04
FB011000,WO021760,3,Turnaround Time,2026-08-18
FB004243,WO008319,3,Service Quality,2025-09-28
FB010890,WO021565,2,Parts Availability,2026-08-21
FB000642,WO001271,5,Staff Behaviour,2025-02-27
FB008863,WO017630,4,Positive Experience,2026-05-28
FB004106,WO008065,4,Positive Experience,2025-09-22
FB008803,WO017517,3,Turnaround Time,2026-05-25
FB009486,WO018879,5,Positive Experience,2026-06-25
FB011979,WO023606,5,Positive Experience,2026-09-20
FB007014,WO013947,4,Positive Experience,2026-03-01
FB001878,WO003738,3,Turnaround Time,2025-05-24
FB006471,WO012864,4,Service Quality,2026-01-31
FB009095,WO018098,5,Positive Experience,2026-06-09
FB008332,WO016587,3,Turnaround Time,2026-05-07
FB004059,WO007975,5,Service Quality,2025-09-21
FB011534,WO022751,4,Service Quality,2026-09-05
FB001224,WO002434,4,Service Quality,2025-04-12
FB003391,WO006684,3,Turnaround Time,2025-08-18
FB010060,WO019944,1,Turnaround Time,2026-07-15
FB000929,WO001832,3,Communication,2025-03-21
FB001458,WO002895,5,Service Quality,2025-04-27
FB000358,WO000696,4,Staff Behaviour,2025-02-07
FB002489,WO004965,3,Repeat Issue,2025-07-01
FB007912,WO015759,5,Staff Behaviour,2026-04-15
FB011985,WO023612,2,Turnaround Time,2026-09-23
FB001315,WO002617,5,Positive Experience,2025-04-18
FB001066,WO002098,5,Service Quality,2025-03-27
FB012100,WO023828,5,Positive Experience,2026-09-26
FB005138,WO010140,4,Staff Behaviour,2025-11-17
FB007515,WO014931,4,Service Quality,2026-03-26
FB007044,WO014004,4,Staff Behaviour,2026-03-06
FB011519,WO022711,3,Parts Availability,2026-09-07
FB004057,WO007973,5,Staff Behaviour,2025-09-19
FB002420,WO004838,5,Positive Experience,2025-06-28
FB006759,WO013430,4,Service Quality,2026-02-15
FB005853,WO011642,3,Staff Behaviour,2026-01-01
FB001183,WO002331,3,Turnaround Time,2025-04-07
FB002662,WO005304,2,Turnaround Time,2025-07-10
FB006031,WO011986,3,Parts Availability,2026-01-11
FB000870,WO001717,4,Positive Experience,2025-03-15
FB002955,WO005879,4,Positive Experience,2025-07-26
FB006712,WO013346,4,Positive Experience,2026-02-15
FB006860,WO013640,5,Service Quality,2026-02-22
FB012174,WO023959,5,Service Quality,2026-09-29
FB005156,WO010191,3,Turnaround Time,2025-11-19
FB002141,WO004281,2,Parts Availability,2025-06-16
FB008329,WO016580,5,Staff Behaviour,2026-05-02
FB011904,WO023433,5,Positive Experience,2026-09-17
FB008034,WO015987,5,Positive Experience,2026-04-23
FB009787,WO019424,5,Positive Experience,2026-07-04
FB002745,WO005462,4,Service Quality,2025-07-17
FB009614,WO019126,3,Turnaround Time,2026-06-26
FB011935,WO023506,4,Positive Experience,2026-09-20
FB003384,WO006675,5,Positive Experience,2025-08-16
FB008782,WO017479,4,Service Quality,2026-05-23
FB011344,WO022407,5,Positive Experience,2026-08-29
FB002840,WO005659,2,Parts Availability,2025-08-02
FB008167,WO016242,4,Service Quality,2026-04-27
FB008941,WO017773,5,Service Quality,2026-05-30
FB009716,WO019297,4,Service Quality,2026-07-01
FB011884,WO023390,5,Service Quality,2026-09-16
FB007401,WO014701,4,Service Quality,2026-03-21
FB008891,WO017681,5,Positive Experience,2026-05-29
FB006820,WO013560,5,Positive Experience,2026-02-22
FB006434,WO012777,5,Service Quality,2026-01-29
FB005388,WO010678,4,Positive Experience,2025-12-01
FB000190,WO000386,5,Positive Experience,2025-01-18
FB008697,WO017304,4,Positive Experience,2026-05-20
FB007640,WO015238,5,Staff Behaviour,2026-04-02
FB008775,WO017468,5,Positive Experience,2026-05-23
FB007308,WO014508,2,Parts Availability,2026-03-22
FB001151,WO002281,5,Service Quality,2025-04-06
FB004635,WO009116,4,Positive Experience,2025-10-22
FB004699,WO009241,5,Service Quality,2025-10-25
FB008926,WO017749,3,Turnaround Time,2026-05-29
FB009560,WO019025,5,Positive Experience,2026-06-26
FB006145,WO012196,3,Turnaround Time,2026-01-15
FB006552,WO013026,5,Staff Behaviour,2026-02-05
FB002225,WO004444,4,Staff Behaviour,2025-06-15
FB005383,WO010665,4,Positive Experience,2025-12-02
FB007737,WO015413,4,Staff Behaviour,2026-04-06
FB008096,WO016107,5,Service Quality,2026-04-23
FB000196,WO000394,4,Positive Experience,2025-01-18
FB005797,WO011532,5,Service Quality,2025-12-27
FB007236,WO014384,5,Positive Experience,2026-03-13
FB005974,WO011886,4,Positive Experience,2026-01-06
FB008151,WO016215,4,Staff Behaviour,2026-04-26
FB010870,WO021521,5,Positive Experience,2026-08-12
FB005588,WO011072,5,Positive Experience,2025-12-14
FB005122,WO010103,4,Positive Experience,2025-11-17
FB009253,WO018426,2,Turnaround Time,2026-06-13
FB002145,WO004286,5,Positive Experience,2025-06-10
FB001632,WO003225,4,Staff Behaviour,2025-05-08
FB009996,WO019837,5,Positive Experience,2026-07-13
FB009092,WO018093,5,Service Quality,2026-06-06
FB009719,WO019301,2,Turnaround Time,2026-07-01
FB003392,WO006685,4,Positive Experience,2025-08-18
FB000796,WO001598,4,Service Quality,2025-03-13
FB011718,WO023091,2,Parts Availability,2026-09-14
FB003679,WO007238,5,Positive Experience,2025-08-31
FB003558,WO007001,3,Turnaround Time,2025-08-25
FB006062,WO012044,4,Positive Experience,2026-01-11
FB007391,WO014685,5,Positive Experience,2026-03-18
FB005231,WO010348,3,Repeat Issue,2025-11-24
FB007810,WO015563,4,Positive Experience,2026-04-12
FB000911,WO001794,5,Positive Experience,2025-03-19
FB012140,WO023890,2,Turnaround Time,2026-09-29
FB009888,WO019622,4,Positive Experience,2026-07-06
FB000101,WO000206,3,Turnaround Time,2025-01-11
FB007772,WO015495,4,Staff Behaviour,2026-04-08
FB012083,WO023790,4,Positive Experience,2026-09-27
FB001859,WO003702,5,Positive Experience,2025-05-23
FB012215,WO024021,5,Positive Experience,2026-09-29
FB003300,WO006497,4,Positive Experience,2025-08-09
FB011963,WO023572,4,Positive Experience,2026-09-19
FB007971,WO015860,5,Positive Experience,2026-04-19
FB007059,WO014037,4,Service Quality,2026-03-05
FB011201,WO022146,2,Turnaround Time,2026-08-24
FB001161,WO002297,5,Service Quality,2025-04-06
FB004986,WO009826,5,Service Quality,2025-11-08
FB000560,WO001111,4,Positive Experience,2025-02-21
FB008647,WO017206,5,Staff Behaviour,2026-05-18
FB004882,WO009606,4,Service Quality,2025-11-03
FB000295,WO000577,5,Staff Behaviour,2025-01-27
FB003201,WO006318,5,Service Quality,2025-08-05
FB000443,WO000859,5,Staff Behaviour,2025-02-11
FB012212,WO024013,5,Staff Behaviour,2026-09-30
FB004584,WO009008,4,Positive Experience,2025-10-17
FB010202,WO020223,4,Service Quality,2026-07-19
FB003953,WO007781,5,Positive Experience,2025-09-13
FB011945,WO023543,2,Parts Availability,2026-09-25
FB006407,WO012728,5,Positive Experience,2026-01-29
FB011908,WO023444,3,Turnaround Time,2026-09-18
FB003562,WO007014,4,Positive Experience,2025-08-23
FB009770,WO019398,4,Service Quality,2026-07-02
FB011778,WO023195,3,Turnaround Time,2026-09-14
FB000623,WO001229,5,Positive Experience,2025-02-23
FB009003,WO017900,5,Positive Experience,2026-06-03
FB009588,WO019077,4,Positive Experience,2026-06-25
FB008959,WO017802,4,Service Quality,2026-05-31
FB007397,WO014692,4,Staff Behaviour,2026-03-20
FB004692,WO009226,4,Positive Experience,2025-10-24
FB006959,WO013835,3,Parts Availability,2026-02-28
FB010680,WO021149,3,Turnaround Time,2026-08-05
FB006881,WO013680,4,Positive Experience,2026-02-23
FB003261,WO006424,4,Positive Experience,2025-08-11
FB002466,WO004923,4,Positive Experience,2025-06-30
FB010477,WO020772,4,Service Quality,2026-07-30
FB001815,WO003618,4,Positive Experience,2025-05-22
FB010476,WO020771,4,Positive Experience,2026-07-28
FB010468,WO020741,4,Positive Experience,2026-07-28
FB006269,WO012437,5,Service Quality,2026-01-20
FB007395,WO014689,4,Service Quality,2026-03-18
FB005283,WO010467,5,Positive Experience,2025-11-28
FB009853,WO019559,2,Parts Availability,2026-07-15
FB004732,WO009296,5,Positive Experience,2025-10-26
FB006486,WO012889,3,Pricing,2026-02-05
FB011608,WO022884,4,Positive Experience,2026-09-05
FB004038,WO007944,5,Service Quality,2025-09-20
FB003983,WO007828,3,Turnaround Time,2025-09-18
FB009987,WO019820,4,Staff Behaviour,2026-07-10
FB011095,WO021951,3,Turnaround Time,2026-08-19
FB000260,WO000509,3,Turnaround Time,2025-01-24
FB001191,WO002345,5,Positive Experience,2025-04-08
FB003491,WO006879,4,Positive Experience,2025-08-22
FB005447,WO010800,5,Positive Experience,2025-12-06
FB000158,WO000322,3,Repeat Issue,2025-01-16
FB004359,WO008531,5,Service Quality,2025-10-05
FB004124,WO008098,2,Repeat Issue,2025-09-24
FB006837,WO013597,4,Positive Experience,2026-02-23
FB008985,WO017872,4,Positive Experience,2026-06-02
FB001207,WO002383,4,Positive Experience,2025-04-09
FB009831,WO019523,3,Communication,2026-07-05
FB005285,WO010469,5,Service Quality,2025-11-27
FB000611,WO001203,4,Positive Experience,2025-02-23
FB011788,WO023208,3,Turnaround Time,2026-09-16
FB003599,WO007086,4,Service Quality,2025-08-30
FB011431,WO022537,3,Turnaround Time,2026-09-01
FB012078,WO023781,3,Repeat Issue,2026-09-25
FB011501,WO022675,4,Positive Experience,2026-09-10
FB006557,WO013033,3,Turnaround Time,2026-02-08
FB000908,WO001791,3,Pricing,2025-03-17
FB007193,WO014301,5,Positive Experience,2026-03-11
FB001041,WO002051,5,Service Quality,2025-03-26
FB011669,WO023006,5,Staff Behaviour,2026-09-09
FB009220,WO018363,4,Positive Experience,2026-06-12
FB006962,WO013842,5,Staff Behaviour,2026-02-27
FB009334,WO018580,4,Service Quality,2026-06-16
FB007099,WO014118,5,Service Quality,2026-03-07
FB005698,WO011303,4,Positive Experience,2025-12-19
FB002618,WO005213,4,Positive Experience,2025-07-08
FB000815,WO001626,5,Positive Experience,2025-03-11
FB008457,WO016833,5,Positive Experience,2026-05-11
FB000884,WO001736,4,Positive Experience,2025-03-17
FB008262,WO016446,3,Turnaround Time,2026-04-30
FB011442,WO022561,3,Parts Availability,2026-09-05
FB005684,WO011274,5,Service Quality,2025-12-18
FB007997,WO015912,4,Staff Behaviour,2026-04-20
FB006764,WO013439,5,Positive Experience,2026-02-16
FB008811,WO017537,5,Positive Experience,2026-05-28
FB000667,WO001320,4,Service Quality,2025-03-01
FB012170,WO023950,4,Positive Experience,2026-09-26
FB006088,WO012083,3,Turnaround Time,2026-01-12
FB004767,WO009362,5,Positive Experience,2025-10-28
FB011406,WO022500,3,Repeat Issue,2026-09-01
FB007630,WO015213,3,Repeat Issue,2026-04-02
FB008132,WO016176,5,Staff Behaviour,2026-04-24
FB004298,WO008413,4,Positive Experience,2025-10-03
FB007246,WO014398,3,Turnaround Time,2026-03-14
FB000305,WO000598,4,Positive Experience,2025-01-31
FB006165,WO012229,2,Repeat Issue,2026-01-18
FB003752,WO007378,5,Positive Experience,2025-09-03
FB001019,WO001996,3,Parts Availability,2025-03-29
FB012107,WO023837,4,Positive Experience,2026-09-27
FB000446,WO000862,5,Staff Behaviour,2025-02-11
FB004229,WO008297,4,Positive Experience,2025-09-29
FB009991,WO019827,3,Turnaround Time,2026-07-13
FB010033,WO019895,4,Positive Experience,2026-07-13
FB008267,WO016451,4,Staff Behaviour,2026-05-01
FB011947,WO023546,5,Staff Behaviour,2026-09-20
FB012054,WO023731,5,Positive Experience,2026-09-25
FB006067,WO012051,4,Service Quality,2026-01-10
FB003501,WO006896,4,Positive Experience,2025-08-23
FB011208,WO022160,2,Turnaround Time,2026-08-23
FB007020,WO013954,4,Staff Behaviour,2026-03-03
FB008141,WO016195,4,Positive Experience,2026-04-27
FB006173,WO012238,4,Staff Behaviour,2026-01-16
FB004538,WO008908,3,Waiting Time,2025-10-15
FB010068,WO019954,4,Service Quality,2026-07-15
FB012207,WO024006,2,Turnaround Time,2026-10-02
FB004161,WO008160,3,Turnaround Time,2025-09-25
FB006641,WO013192,5,Positive Experience,2026-02-11
FB007094,WO014111,4,Positive Experience,2026-03-08
FB002277,WO004547,4,Staff Behaviour,2025-06-18
FB010447,WO020705,4,Staff Behaviour,2026-07-26
FB004966,WO009778,4,Service Quality,2025-11-09
FB005110,WO010076,4,Positive Experience,2025-11-15
FB005975,WO011889,3,Parts Availability,2026-01-09
FB003766,WO007401,5,Positive Experience,2025-09-05
FB004955,WO009749,5,Staff Behaviour,2025-11-07
FB010379,WO020578,3,Turnaround Time,2026-07-27
FB004743,WO009314,3,Waiting Time,2025-10-26
FB004098,WO008049,4,Service Quality,2025-09-23
FB009805,WO019462,3,Turnaround Time,2026-07-03
FB000563,WO001118,5,Service Quality,2025-02-19
FB002320,WO004641,4,Positive Experience,2025-06-22
FB003095,WO006128,5,Service Quality,2025-07-31
FB005041,WO009929,3,Staff Behaviour,2025-11-13
FB007509,WO014919,5,Service Quality,2026-03-24
FB005762,WO011456,5,Positive Experience,2025-12-26
FB003370,WO006645,3,Repeat Issue,2025-08-14
FB002479,WO004946,5,Positive Experience,2025-06-29
FB004036,WO007936,3,Repeat Issue,2025-09-20
FB005016,WO009887,3,Turnaround Time,2025-11-12
FB000380,WO000740,4,Positive Experience,2025-02-05
FB006020,WO011962,4,Staff Behaviour,2026-01-09
FB001107,WO002190,5,Positive Experience,2025-04-03
FB008779,WO017475,5,Positive Experience,2026-05-24
FB009048,WO017993,4,Positive Experience,2026-06-06
FB000159,WO000323,4,Positive Experience,2025-01-18
FB002461,WO004913,5,Staff Behaviour,2025-06-29
FB003669,WO007219,5,Positive Experience,2025-08-29
FB011943,WO023530,4,Staff Behaviour,2026-09-21
FB006810,WO013534,4,Service Quality,2026-02-19
FB004747,WO009319,5,Service Quality,2025-10-26
FB008411,WO016752,4,Positive Experience,2026-05-10
FB009081,WO018076,5,Service Quality,2026-06-06
FB004265,WO008355,4,Positive Experience,2025-10-02
FB001085,WO002138,5,Positive Experience,2025-03-31
FB002470,WO004930,2,Turnaround Time,2025-06-29
FB003132,WO006200,4,Service Quality,2025-08-03
FB003470,WO006838,4,Service Quality,2025-08-21
FB011460,WO022589,2,Parts Availability,2026-09-05
FB011462,WO022596,3,Turnaround Time,2026-09-01
FB000554,WO001094,5,Service Quality,2025-02-19
FB004275,WO008371,4,Positive Experience,2025-09-30
FB007908,WO015753,4,Service Quality,2026-04-15
FB001334,WO002652,5,Positive Experience,2025-04-19
FB001830,WO003646,5,Positive Experience,2025-05-23
FB001697,WO003361,4,Service Quality,2025-05-14
FB002370,WO004745,5,Service Quality,2025-06-26
FB008818,WO017554,4,Staff Behaviour,2026-05-27
FB008864,WO017635,5,Service Quality,2026-05-27
FB011317,WO022360,5,Service Quality,2026-08-28
FB011206,WO022156,4,Positive Experience,2026-08-23
FB005250,WO010394,3,Turnaround Time,2025-11-25
FB002743,WO005459,4,Positive Experience,2025-07-15
FB007550,WO015014,3,Staff Behaviour,2026-03-26
FB008571,WO017071,3,Turnaround Time,2026-05-15
FB009577,WO019061,4,Staff Behaviour,2026-06-25
FB000344,WO000674,4,Service Quality,2025-02-03
FB006463,WO012849,5,Service Quality,2026-02-01
FB009024,WO017944,4,Positive Experience,2026-06-03
FB009018,WO017934,5,Positive Experience,2026-06-02
FB009115,WO018139,4,Positive Experience,2026-06-07
FB002645,WO005271,4,Positive Experience,2025-07-08
FB009844,WO019547,3,Turnaround Time,2026-07-07
FB002504,WO004991,4,Service Quality,2025-07-02
FB011806,WO023237,3,Turnaround Time,2026-09-15
FB006677,WO013260,4,Service Quality,2026-02-11
FB006781,WO013473,3,Staff Behaviour,2026-02-16
FB005169,WO010210,5,Service Quality,2025-11-19
FB005001,WO009854,4,Service Quality,2025-11-11
FB009068,WO018036,4,Service Quality,2026-06-05
FB001067,WO002100,3,Turnaround Time,2025-03-31
FB011679,WO023032,5,Service Quality,2026-09-09
FB007962,WO015850,4,Staff Behaviour,2026-04-16
FB010760,WO021317,3,Turnaround Time,2026-08-08
FB000208,WO000413,4,Staff Behaviour,2025-01-23
FB010089,WO020001,4,Positive Experience,2026-07-14
FB006108,WO012120,5,Service Quality,2026-01-15
FB011085,WO021932,3,Turnaround Time,2026-08-21
FB006985,WO013893,4,Positive Experience,2026-02-28
FB008993,WO017885,3,Turnaround Time,2026-06-01
FB006028,WO011980,5,Staff Behaviour,2026-01-10
FB009952,WO019756,3,Turnaround Time,2026-07-11
FB005519,WO010934,4,Staff Behaviour,2025-12-09
FB006194,WO012279,3,Parts Availability,2026-01-21
FB006608,WO013132,5,Positive Experience,2026-02-08
FB004112,WO008074,2,Turnaround Time,2025-09-22
FB006476,WO012870,4,Positive Experience,2026-02-02
FB004350,WO008516,3,Parts Availability,2025-10-14
FB009142,WO018201,4,Positive Experience,2026-06-09
FB001080,WO002131,3,Service Quality,2025-03-30
FB003738,WO007345,5,Service Quality,2025-09-04
FB010422,WO020661,3,Turnaround Time,2026-07-25
FB008824,WO017565,4,Service Quality,2026-05-26
FB008684,WO017286,4,Service Quality,2026-05-20
FB001088,WO002149,4,Positive Experience,2025-03-29
FB002204,WO004407,5,Positive Experience,2025-06-16
FB007870,WO015681,5,Positive Experience,2026-04-13
FB000779,WO001558,5,Positive Experience,2025-03-11
FB004341,WO008499,4,Positive Experience,2025-10-03
FB005640,WO011190,4,Positive Experience,2025-12-18
FB005424,WO010754,3,Staff Behaviour,2025-12-04
FB006410,WO012731,4,Positive Experience,2026-01-28
FB009557,WO019015,4,Service Quality,2026-06-24
FB010611,WO020997,4,Positive Experience,2026-08-01
FB005464,WO010832,4,Positive Experience,2025-12-06
FB002219,WO004429,4,Service Quality,2025-06-17
FB007456,WO014835,4,Positive Experience,2026-03-22
FB007817,WO015577,5,Positive Experience,2026-04-12
FB002296,WO004596,4,Staff Behaviour,2025-06-21
FB008304,WO016535,5,Service Quality,2026-05-05
FB009652,WO019186,2,Turnaround Time,2026-06-29
FB009298,WO018515,3,Turnaround Time,2026-06-18
FB000445,WO000861,3,Turnaround Time,2025-02-13
FB004996,WO009847,4,Positive Experience,2025-11-10
FB003411,WO006732,5,Positive Experience,2025-08-16
FB002648,WO005274,2,Repeat Issue,2025-07-11
FB007126,WO014175,3,Turnaround Time,2026-03-09
FB001136,WO002246,5,Service Quality,2025-04-05
FB008293,WO016515,4,Service Quality,2026-05-02
FB007210,WO014332,4,Service Quality,2026-03-11
FB011433,WO022546,5,Positive Experience,2026-09-01
FB005665,WO011237,4,Positive Experience,2025-12-29
FB007493,WO014893,5,Service Quality,2026-03-23
FB002135,WO004270,5,Positive Experience,2025-06-12
FB002724,WO005427,4,Positive Experience,2025-07-13
FB011143,WO022044,4,Positive Experience,2026-08-22
FB002715,WO005406,4,Staff Behaviour,2025-07-12
FB003311,WO006514,5,Service Quality,2025-08-14
FB000162,WO000329,2,Parts Availability,2025-01-22
FB002493,WO004973,4,Positive Experience,2025-06-30
FB011543,WO022767,5,Positive Experience,2026-09-06
FB008511,WO016956,3,Turnaround Time,2026-05-12
FB007459,WO014839,4,Positive Experience,2026-03-22
FB001172,WO002316,5,Positive Experience,2025-04-07
FB006741,WO013391,4,Positive Experience,2026-02-16
FB000046,WO000091,4,Staff Behaviour,2025-01-07
FB008376,WO016669,4,Positive Experience,2026-05-05
FB004830,WO009502,4,Staff Behaviour,2025-11-02
FB003088,WO006119,5,Positive Experience,2025-08-01
FB008906,WO017703,4,Staff Behaviour,2026-05-30
FB003489,WO006876,4,Service Quality,2025-08-22
FB006300,WO012505,4,Positive Experience,2026-01-24
FB004597,WO009034,4,Staff Behaviour,2025-10-17
FB010703,WO021195,4,Positive Experience,2026-08-07
FB005793,WO011527,4,Positive Experience,2025-12-27
FB002725,WO005429,4,Positive Experience,2025-07-14
FB001100,WO002173,5,Staff Behaviour,2025-03-29
FB000771,WO001532,4,Staff Behaviour,2025-03-07
FB004999,WO009850,5,Positive Experience,2025-11-10
FB009054,WO018002,4,Service Quality,2026-06-05
FB011311,WO022349,3,Turnaround Time,2026-08-29
FB010923,WO021632,4,Service Quality,2026-08-13
FB004282,WO008388,5,Positive Experience,2025-10-03
FB000831,WO001658,5,Positive Experience,2025-03-15
FB006128,WO012163,4,Staff Behaviour,2026-01-14
FB008326,WO016575,5,Positive Experience,2026-05-03
FB003475,WO006843,4,Service Quality,2025-08-20
FB007861,WO015660,2,Turnaround Time,2026-04-12
FB011863,WO023352,3,Parts Availability,2026-09-23
FB003350,WO006595,3,Parts Availability,2025-08-24
FB005304,WO010497,5,Positive Experience,2025-11-30
FB001232,WO002448,4,Service Quality,2025-04-10
FB005336,WO010567,2,Turnaround Time,2025-11-29
FB005487,WO010878,4,Staff Behaviour,2025-12-07
FB004295,WO008409,3,Communication,2025-10-01
FB009029,WO017954,4,Positive Experience,2026-06-05
FB011953,WO023555,4,Positive Experience,2026-09-20
FB004539,WO008909,4,Positive Experience,2025-10-15
FB001638,WO003238,3,Service Quality,2025-05-11
FB004292,WO008406,3,Communication,2025-10-01
FB001299,WO002588,2,Parts Availability,2025-04-28
FB002276,WO004546,5,Positive Experience,2025-06-20
FB010385,WO020585,4,Positive Experience,2026-07-27
FB007472,WO014860,3,Turnaround Time,2026-03-24
FB005808,WO011549,2,Parts Availability,2026-01-09
FB002146,WO004287,5,Service Quality,2025-06-12
FB009775,WO019404,3,Parts Availability,2026-07-08
FB012062,WO023749,4,Staff Behaviour,2026-09-24
FB004746,WO009317,3,Turnaround Time,2025-10-28
FB002463,WO004920,2,Repeat Issue,2025-07-01
FB005833,WO011603,5,Service Quality,2025-12-30
FB007929,WO015783,5,Service Quality,2026-04-17
FB006924,WO013758,4,Staff Behaviour,2026-02-26
FB000556,WO001098,5,Positive Experience,2025-02-20
FB011078,WO021919,3,Service Quality,2026-08-18
FB007233,WO014377,4,Service Quality,2026-03-11
FB011488,WO022646,4,Positive Experience,2026-09-03
FB006500,WO012928,4,Positive Experience,2026-02-04
FB007089,WO014100,3,Parts Availability,2026-03-22
FB002108,WO004218,4,Positive Experience,2025-06-08
FB008479,WO016888,3,Turnaround Time,2026-05-13
FB003282,WO006467,4,Service Quality,2025-08-11
FB009111,WO018134,3,Turnaround Time,2026-06-11
FB002272,WO004535,4,Service Quality,2025-06-17
FB011750,WO023146,4,Staff Behaviour,2026-09-11
FB004896,WO009635,5,Staff Behaviour,2025-11-06
FB005036,WO009921,4,Positive Experience,2025-11-11
FB010209,WO020232,1,Parts Availability,2026-07-27
FB005722,WO011355,4,Service Quality,2025-12-20
FB001573,WO003096,4,Positive Experience,2025-05-04
FB002290,WO004573,5,Positive Experience,2025-06-18
FB012014,WO023656,5,Service Quality,2026-09-22
FB005503,WO010906,5,Positive Experience,2025-12-11
FB007212,WO014337,4,Service Quality,2026-03-10
FB000892,WO001761,5,Service Quality,2025-03-16
FB006679,WO013266,4,Service Quality,2026-02-11
FB011076,WO021912,4,Positive Experience,2026-08-19
FB001309,WO002608,4,Service Quality,2025-04-17
FB006415,WO012739,4,Service Quality,2026-02-01
FB005845,WO011628,3,Communication,2025-12-30
FB005200,WO010274,5,Service Quality,2025-11-23
FB002786,WO005536,5,Service Quality,2025-07-17
FB001122,WO002218,4,Positive Experience,2025-04-03
FB008695,WO017300,4,Positive Experience,2026-05-23
FB007719,WO015385,5,Positive Experience,2026-04-06
FB011662,WO022993,5,Staff Behaviour,2026-09-08
FB012145,WO023897,4,Positive Experience,2026-09-27
FB007067,WO014056,4,Service Quality,2026-03-05
FB011481,WO022632,4,Positive Experience,2026-09-04
FB007653,WO015262,5,Positive Experience,2026-04-02
FB009745,WO019346,4,Staff Behaviour,2026-07-03
FB008560,WO017050,4,Positive Experience,2026-05-14
FB002754,WO005476,3,Parts Availability,2025-07-23
FB011856,WO023335,4,Positive Experience,2026-09-17
FB006035,WO011993,5,Service Quality,2026-01-08
FB001961,WO003924,4,Positive Experience,2025-06-01
FB002354,WO004716,4,Positive Experience,2025-06-22
FB004659,WO009151,4,Positive Experience,2025-10-23
FB001155,WO002287,4,Service Quality,2025-04-04
FB009406,WO018722,4,Service Quality,2026-06-20
FB008041,WO015997,5,Positive Experience,2026-04-22
FB000324,WO000632,4,Positive Experience,2025-01-31
FB002429,WO004855,3,Turnaround Time,2025-06-28
FB002831,WO005640,2,Parts Availability,2025-08-05
FB010237,WO020279,4,Positive Experience,2026-07-20
FB008918,WO017726,3,Turnaround Time,2026-06-01
FB011190,WO022130,3,Pricing,2026-08-22
FB002841,WO005660,5,Positive Experience,2025-07-20
FB009259,WO018439,2,Turnaround Time,2026-06-14
FB005773,WO011473,5,Positive Experience,2025-12-26
FB005393,WO010687,3,Repeat Issue,2025-12-05
FB010025,WO019883,3,Turnaround Time,2026-07-12
FB005179,WO010225,4,Positive Experience,2025-11-22
FB009258,WO018438,3,Service Quality,2026-06-13
FB000584,WO001151,4,Positive Experience,2025-02-22
FB010531,WO020870,4,Service Quality,2026-07-30
FB004885,WO009613,5,Positive Experience,2025-11-02
FB002552,WO005085,5,Service Quality,2025-07-03
FB010275,WO020358,2,Parts Availability,2026-07-26
FB001211,WO002398,4,Positive Experience,2025-04-09
FB008086,WO016088,3,Turnaround Time,2026-04-25
FB010456,WO020718,5,Positive Experience,2026-07-30
FB003871,WO007622,2,Turnaround Time,2025-09-09
FB008421,WO016768,4,Positive Experience,2026-05-07
FB004207,WO008255,5,Positive Experience,2025-09-27
FB006706,WO013337,4,Service Quality,2026-02-14
FB001304,WO002595,4,Positive Experience,2025-04-18
FB012226,WO024038,3,Turnaround Time,2026-10-03
FB009750,WO019355,3,Communication,2026-07-03
FB000954,WO001878,5,Service Quality,2025-03-23
FB006912,WO013738,3,Service Quality,2026-02-25
FB011189,WO022129,5,Service Quality,2026-08-22
FB009567,WO019042,3,Turnaround Time,2026-06-25
FB012101,WO023829,5,Positive Experience,2026-09-28
FB009913,WO019674,4,Service Quality,2026-07-08
FB003428,WO006764,3,Turnaround Time,2025-08-21
FB007347,WO014592,5,Positive Experience,2026-03-19
FB000976,WO001921,4,Positive Experience,2025-03-21
FB006440,WO012794,5,Positive Experience,2026-02-01
FB007046,WO014006,4,Positive Experience,2026-03-05
FB006693,WO013307,4,Staff Behaviour,2026-02-14
FB009708,WO019284,5,Positive Experience,2026-06-29
FB010370,WO020557,5,Positive Experience,2026-07-26
FB003995,WO007858,5,Service Quality,2025-09-16
FB001703,WO003377,5,Positive Experience,2025-05-13
FB005275,WO010454,3,Parts Availability,2025-11-29
FB010880,WO021538,3,Turnaround Time,2026-08-11
FB002338,WO004679,2,Turnaround Time,2025-06-22
FB004665,WO009161,5,Positive Experience,2025-10-21
FB008850,WO017612,3,Turnaround Time,2026-05-27
FB009610,WO019118,4,Positive Experience,2026-06-29
FB000628,WO001241,4,Staff Behaviour,2025-02-26
FB010460,WO020726,2,Turnaround Time,2026-07-29
FB010134,WO020086,2,Turnaround Time,2026-07-18
FB007782,WO015513,4,Positive Experience,2026-04-10
FB007189,WO014295,4,Staff Behaviour,2026-03-09
FB005672,WO011251,4,Positive Experience,2025-12-17
FB002322,WO004644,3,Turnaround Time,2025-06-20
FB010527,WO020864,5,Positive Experience,2026-08-01
FB001240,WO002466,4,Positive Experience,2025-04-11
FB011673,WO023014,3,Turnaround Time,2026-09-09
FB001611,WO003182,4,Positive Experience,2025-05-08
FB008944,WO017779,2,Turnaround Time,2026-06-02
FB010015,WO019867,3,Turnaround Time,2026-07-11
FB004004,WO007881,4,Positive Experience,2025-09-15
FB010225,WO020262,4,Positive Experience,2026-07-20
FB011882,WO023384,4,Positive Experience,2026-09-19
FB002867,WO005719,5,Staff Behaviour,2025-07-21
FB002737,WO005453,3,Parts Availability,2025-07-15
FB004299,WO008415,4,Staff Behaviour,2025-10-03
FB000038,WO000076,4,Staff Behaviour,2025-01-04
FB011432,WO022539,4,Positive Experience,2026-09-01
FB005266,WO010433,3,Parts Availability,2025-12-08
FB012111,WO023845,4,Staff Behaviour,2026-09-25
FB003986,WO007834,2,Parts Availability,2025-09-19
FB010981,WO021731,5,Positive Experience,2026-08-14
FB009919,WO019685,5,Positive Experience,2026-07-07
FB003167,WO006257,4,Service Quality,2025-08-06
FB002717,WO005412,5,Service Quality,2025-07-13
FB011159,WO022080,5,Service Quality,2026-08-21
FB001419,WO002800,5,Staff Behaviour,2025-04-22
FB007711,WO015370,3,Turnaround Time,2026-04-04
FB010811,WO021416,4,Positive Experience,2026-08-11
FB008055,WO016023,4,Service Quality,2026-04-23
FB008544,WO017015,5,Positive Experience,2026-05-13
FB007585,WO015089,3,Repeat Issue,2026-03-29
FB005603,WO011105,4,Positive Experience,2025-12-14
FB002946,WO005864,4,Staff Behaviour,2025-07-24
FB011185,WO022125,4,Positive Experience,2026-08-24
FB003806,WO007492,4,Positive Experience,2025-09-05
FB008638,WO017189,5,Service Quality,2026-05-21
FB001997,WO004005,4,Positive Experience,2025-06-03
FB005094,WO010043,5,Staff Behaviour,2025-11-15
FB004552,WO008931,4,Positive Experience,2025-10-15
FB008375,WO016668,3,Parts Availability,2026-05-13
FB008894,WO017688,5,Positive Experience,2026-05-28
FB002375,WO004750,4,Positive Experience,2025-06-24
FB000557,WO001103,3,Repeat Issue,2025-02-19
FB007805,WO015557,4,Service Quality,2026-04-12
FB007820,WO015583,5,Staff Behaviour,2026-04-11
FB010055,WO019935,3,Turnaround Time,2026-07-13
FB004294,WO008408,4,Service Quality,2025-10-03
FB003393,WO006688,5,Positive Experience,2025-08-17
FB001485,WO002945,4,Positive Experience,2025-04-30
FB009510,WO018925,3,Turnaround Time,2026-06-26
FB004630,WO009106,5,Service Quality,2025-10-20
FB010145,WO020110,4,Positive Experience,2026-07-16
FB010750,WO021293,4,Positive Experience,2026-08-08
FB000215,WO000426,4,Service Quality,2025-01-23
FB005601,WO011102,3,Repeat Issue,2025-12-15
FB011958,WO023562,2,Turnaround Time,2026-09-19
FB003267,WO006438,4,Positive Experience,2025-08-11
FB009738,WO019330,3,Turnaround Time,2026-07-02
FB009237,WO018396,5,Positive Experience,2026-06-14
FB006563,WO013048,5,Staff Behaviour,2026-02-06
FB001765,WO003525,3,Turnaround Time,2025-05-20
FB005474,WO010855,2,Parts Availability,2025-12-11
FB007490,WO014887,4,Positive Experience,2026-03-26
FB002131,WO004263,4,Positive Experience,2025-06-11
FB007873,WO015688,3,Turnaround Time,2026-04-16
FB000220,WO000440,5,Positive Experience,2025-01-24
FB008772,WO017464,4,Positive Experience,2026-05-23
FB004888,WO009617,2,Turnaround Time,2025-11-05
FB003946,WO007772,5,Positive Experience,2025-09-13
FB007019,WO013953,4,Staff Behaviour,2026-03-04
FB008120,WO016150,5,Positive Experience,2026-04-23
FB006678,WO013263,5,Positive Experience,2026-02-11
FB001098,WO002171,5,Positive Experience,2025-03-30
FB006387,WO012681,3,Repeat Issue,2026-01-27
FB001189,WO002341,3,Pricing,2025-04-07
FB009441,WO018789,3,Turnaround Time,2026-06-23
FB005950,WO011838,5,Positive Experience,2026-01-04
FB001668,WO003296,4,Positive Experience,2025-05-13
FB009702,WO019275,2,Parts Availability,2026-07-07
FB002971,WO005921,3,Parts Availability,2025-07-28
FB007048,WO014010,4,Positive Experience,2026-03-03
FB008665,WO017254,4,Staff Behaviour,2026-05-20
FB008737,WO017390,5,Staff Behaviour,2026-05-24
FB005103,WO010063,4,Staff Behaviour,2025-11-16
FB009049,WO017995,5,Positive Experience,2026-06-07
FB000842,WO001677,3,Communication,2025-03-15
FB006111,WO012124,4,Staff Behaviour,2026-01-12
FB009140,WO018195,2,Turnaround Time,2026-06-12
FB006337,WO012583,4,Positive Experience,2026-01-24
FB006925,WO013760,4,Positive Experience,2026-02-25
FB010008,WO019855,3,Parts Availability,2026-07-16
FB007895,WO015730,3,Communication,2026-04-13
FB006246,WO012391,4,Service Quality,2026-01-20
FB002871,WO005723,5,Positive Experience,2025-07-24
FB010800,WO021397,4,Positive Experience,2026-08-13
FB001725,WO003431,4,Staff Behaviour,2025-05-14
FB006774,WO013462,3,Turnaround Time,2026-02-16
FB011951,WO023551,4,Positive Experience,2026-09-21
FB007002,WO013920,3,Turnaround Time,2026-03-02
FB010361,WO020544,4,Service Quality,2026-07-25
FB005183,WO010235,4,Positive Experience,2025-11-20
FB009623,WO019143,5,Staff Behaviour,2026-06-28
FB009841,WO019541,3,Communication,2026-07-07
FB007636,WO015230,5,Staff Behaviour,2026-04-03
FB009044,WO017987,4,Service Quality,2026-06-03
FB005203,WO010285,3,Turnaround Time,2025-11-23
FB009963,WO019775,5,Positive Experience,2026-07-10
FB004558,WO008944,4,Service Quality,2025-10-15
FB006317,WO012544,5,Positive Experience,2026-01-25
FB003802,WO007486,2,Turnaround Time,2025-09-07
FB005944,WO011820,4,Positive Experience,2026-01-05
FB006840,WO013604,4,Staff Behaviour,2026-02-22
FB006817,WO013547,5,Positive Experience,2026-02-19
FB000860,WO001697,5,Positive Experience,2025-03-13
FB012241,WO024073,4,Positive Experience,2026-10-01
FB008714,WO017345,4,Positive Experience,2026-05-23
FB004648,WO009136,3,Parts Availability,2025-10-27
FB010338,WO020498,5,Positive Experience,2026-07-25
FB004704,WO009251,5,Positive Experience,2025-10-26
FB003022,WO006003,4,Positive Experience,2025-07-28
FB005243,WO010379,4,Positive Experience,2025-11-26
FB000430,WO000838,3,Turnaround Time,2025-02-08
FB008796,WO017503,4,Positive Experience,2026-05-28
FB006591,WO013101,4,Service Quality,2026-02-07
FB002699,WO005369,3,Turnaround Time,2025-07-12
FB010541,WO020888,4,Service Quality,2026-07-31
FB007607,WO015153,5,Service Quality,2026-03-31
FB010638,WO021056,4,Positive Experience,2026-08-02
FB006599,WO013114,4,Positive Experience,2026-02-08
FB008943,WO017778,4,Positive Experience,2026-05-30
FB002889,WO005755,3,Pricing,2025-07-22
FB009914,WO019675,4,Positive Experience,2026-07-10
FB009999,WO019841,4,Positive Experience,2026-07-13
FB009260,WO018440,3,Turnaround Time,2026-06-13
FB001409,WO002784,4,Positive Experience,2025-04-25
FB007951,WO015833,5,Staff Behaviour,2026-04-18
FB007317,WO014533,4,Service Quality,2026-03-17
FB011944,WO023542,4,Positive Experience,2026-09-20
FB001513,WO002994,5,Staff Behaviour,2025-04-29
FB003144,WO006222,4,Positive Experience,2025-08-02
FB010691,WO021175,4,Positive Experience,2026-08-05
FB009413,WO018741,4,Service Quality,2026-06-20
FB007387,WO014675,3,Turnaround Time,2026-03-21
FB005825,WO011589,5,Service Quality,2025-12-28
FB010509,WO020837,4,Positive Experience,2026-07-29
FB010784,WO021367,4,Positive Experience,2026-08-11
FB004802,WO009442,4,Staff Behaviour,2025-10-31
FB006779,WO013470,4,Positive Experience,2026-02-16
FB008523,WO016977,3,Communication,2026-05-12
FB000311,WO000608,5,Positive Experience,2025-01-28
FB004636,WO009117,4,Positive Experience,2025-10-20
FB007871,WO015686,3,Turnaround Time,2026-04-11
FB008529,WO016992,3,Turnaround Time,2026-05-15
FB007564,WO015039,4,Positive Experience,2026-03-28
FB004532,WO008895,4,Positive Experience,2025-10-14
FB010233,WO020273,4,Positive Experience,2026-07-18
FB001850,WO003686,3,Staff Behaviour,2025-05-25
