vehicle_id,customer_id,model,variant,vehicle_category,battery_kwh,model_year,purchase_date,mileage_km
V00001,CU00001,Ather Rizta,Rizta S 2.9kWh,Family,2.9,2026,2026-08-22,1048.0
V00002,CU00002,Ather Rizta,Rizta Z 2.9kWh,Family,2.9,2025,2025-01-05,18091.0
V00003,CU00003,Ather Rizta,Rizta Z 3.7kWh,Family,3.7,2024,2024-12-08,19648.0
V00004,CU00004,Ather 450X,450X 3.7kWh,Performance,3.7,2021,2021-07-11,48060.0
V00005,CU00005,Ather 450X,450X 3.7kWh,Performance,3.7,2025,2025-07-05,12121.0
V00006,CU00006,Ather Rizta,Rizta Z 3.7kWh,Family,3.7,2026,2026-03-28,4223.0
V00007,CU00006,Ather Rizta,Rizta Z 2.9kWh,Family,2.9,2025,2025-10-11,8374.0
V00008,CU00007,Ather 450X,450X 2.9kWh,Performance,2.9,2025,2025-10-21,6215.0
V00009,CU00007,Ather Rizta,Rizta Z 2.9kWh,Family,2.9,2026,2026-03-30,5589.0
V00010,CU00008,Ather 450 Apex,450 Apex 3.7kWh,Performance,3.7,2025,2025-06-26,13537.0
V00011,CU00009,Ather 450X,450X 2.9kWh,Performance,2.9,2026,2026-06-18,2995.0
V00012,CU00010,Ather 450X,450X 2.9kWh,Performance,2.9,2026,2026-02-07,7492.0
V00013,CU00011,Ather Rizta,Rizta Z 2.9kWh,Family,2.9,2025,2025-11-29,11349.0
V00014,CU00012,Ather 450X,450X 2.9kWh,Performance,2.9,2024,2024-02-28,20338.0
V00015,CU00013,Ather 450 Apex,450 Apex 3.7kWh,Performance,3.7,2024,2024-05-12,34820.0
V00016,CU00013,Ather 450 Apex,450 Apex 3.7kWh,Performance,3.7,2025,2025-01-18,14317.0
V00017,CU00014,Ather 450X,450X 3.7kWh,Performance,3.7,2022,2022-02-28,46841.0
V00018,CU00015,Ather Rizta,Rizta S 2.9kWh,Family,2.9,2026,2026-05-04,4748.0
V00019,CU00016,Ather 450X,450X 2.9kWh,Performance,2.9,2023,2023-03-09,22187.0
V00020,CU00017,Ather Rizta,Rizta Z 2.9kWh,Family,2.9,2025,2025-05-09,14761.0
V00021,CU00018,Ather 450X,450X 2.9kWh,Performance,2.9,2024,2024-03-26,16754.0
V00022,CU00019,Ather 450X,450X 2.9kWh,Performance,2.9,2024,2024-09-22,8596.0
V00023,CU00020,Ather Rizta,Rizta S 2.9kWh,Family,2.9,2024,2024-10-05,21329.0
V00024,CU00021,Ather Rizta,Rizta S 2.9kWh,Family,2.9,2025,2025-10-03,9859.0
V00025,CU00022,Ather Rizta,Rizta Z 2.9kWh,Family,2.9,2026,2026-03-31,18612.0
V00026,CU00022,Ather 450X,450X 3.7kWh,Performance,3.7,2024,2024-04-11,57923.0
V00027,CU00022,Ather 450X,450X 2.9kWh,Performance,2.9,2021,2021-11-09,201933.0
V00028,CU00022,Ather Rizta,Rizta S 2.9kWh,Family,2.9,2026,2026-04-30,11564.0
V00029,CU00022,Ather 450X,450X 2.9kWh,Performance,2.9,2020,2020-12-28,158080.0
V00030,CU00022,Ather Rizta,Rizta Z 2.9kWh,Family,2.9,2025,2025-05-26,39830.0
V00031,CU00023,Ather 450X,450X 3.7kWh,Performance,3.7,2023,2023-01-23,27806.0
V00032,CU00024,Ather Rizta,Rizta Z 3.7kWh,Family,3.7,2026,2026-04-13,4733.0
V00033,CU00025,Ather 450 Apex,450 Apex 3.7kWh,Performance,3.7,2025,2025-10-29,9432.0
V00034,CU00026,Ather 450X,450X 2.9kWh,Performance,2.9,2024,2024-10-10,17034.0
V00035,CU00027,Ather Rizta,Rizta Z 3.7kWh,Family,3.7,2025,2025-09-15,10057.0
V00036,CU00028,Ather Rizta,Rizta S 2.9kWh,Family,2.9,2026,2026-02-13,7125.0
V00037,CU00029,Ather Rizta,Rizta Z 3.7kWh,Family,3.7,2025,2025-01-28,10665.0
V00038,CU00030,Ather Rizta,Rizta Z 3.7kWh,Family,3.7,2025,2025-08-14,4761.0
V00039,CU00031,Ather Rizta,Rizta Z 2.9kWh,Family,2.9,2025,2025-04-06,14975.0
V00040,CU00032,Ather Rizta,Rizta Z 2.9kWh,Family,2.9,2025,2025-05-17,18221.0
V00041,CU00033,Ather Rizta,Rizta Z 3.7kWh,Family,3.7,2024,2024-09-30,30874.0
V00042,CU00034,Ather Rizta,Rizta S 2.9kWh,Family,2.9,2025,2025-07-17,8994.0
V00043,CU00034,Ather 450X,450X 3.7kWh,Performance,3.7,2025,2025-12-18,6491.0
V00044,CU00035,Ather Rizta,Rizta S 2.9kWh,Family,2.9,2025,2025-01-17,15365.0
V00045,CU00036,Ather 450X,450X 3.7kWh,Performance,3.7,2025,2025-06-28,7171.0
V00046,CU00036,Ather Rizta,Rizta Z 3.7kWh,Family,3.7,2026,2026-01-23,8823.0
V00047,CU00037,Ather 450X,450X 2.9kWh,Performance,2.9,2024,2024-12-04,25300.0
V00048,CU00038,Ather 450X,450X 2.9kWh,Performance,2.9,2021,2021-06-26,35579.0
V00049,CU00039,Ather 450X,450X 3.7kWh,Performance,3.7,2024,2024-11-11,16291.0
V00050,CU00040,Ather 450X,450X 2.9kWh,Performance,2.9,2022,2022-04-27,32469.0
V00051,CU00041,Ather 450X,450X 2.9kWh,Performance,2.9,2023,2023-01-28,53050.0
V00052,CU00042,Ather 450X,450X 3.7kWh,Performance,3.7,2023,2023-12-01,18618.0
V00053,CU00043,Ather 450 Apex,450 Apex 3.7kWh,Performance,3.7,2026,2026-03-20,5628.0
V00054,CU00044,Ather 450X,450X 2.9kWh,Performance,2.9,2025,2025-02-16,13977.0
V00055,CU00045,Ather 450X,450X 3.7kWh,Performance,3.7,2026,2026-08-31,871.0
V00056,CU00046,Ather 450X,450X 3.7kWh,Performance,3.7,2021,2021-05-05,41812.0
V00057,CU00047,Ather 450 Apex,450 Apex 3.7kWh,Performance,3.7,2024,2024-05-09,23528.0
V00058,CU00048,Ather 450X,450X 2.9kWh,Performance,2.9,2023,2023-07-17,39854.0
V00059,CU00049,Ather Rizta,Rizta Z 3.7kWh,Family,3.7,2024,2024-08-04,14905.0
V00060,CU00050,Ather 450 Apex,450 Apex 3.7kWh,Performance,3.7,2025,2025-09-12,7190.0
V00061,CU00051,Ather 450X,450X 2.9kWh,Performance,2.9,2020,2020-04-11,50638.0
V00062,CU00052,Ather Rizta,Rizta Z 3.7kWh,Family,3.7,2025,2025-11-23,10802.0
V00063,CU00053,Ather Rizta,Rizta S 2.9kWh,Family,2.9,2026,2026-02-18,14543.0
V00064,CU00053,Ather Rizta,Rizta S 2.9kWh,Family,2.9,2026,2026-02-19,12697.0
V00065,CU00053,Ather Rizta,Rizta Z 2.9kWh,Family,2.9,2026,2026-08-24,2575.0
V00066,CU00053,Ather Rizta,Rizta Z 3.7kWh,Family,3.7,2026,2026-04-29,7647.0
V00067,CU00053,Ather Rizta,Rizta Z 3.7kWh,Family,3.7,2026,2026-03-22,10927.0
V00068,CU00053,Ather 450X,450X 3.7kWh,Performance,3.7,2025,2025-11-01,28251.0
V00069,CU00053,Ather 450X,450X 3.7kWh,Performance,3.7,2024,2024-09-08,30080.0
V00070,CU00053,Ather 450X,450X 3.7kWh,Performance,3.7,2022,2022-12-07,106677.0
V00071,CU00053,Ather 450X,450X 3.7kWh,Performance,3.7,2025,2025-07-11,37060.0
V00072,CU00053,Ather Rizta,Rizta Z 3.7kWh,Family,3.7,2026,2026-01-25,20573.0
V00073,CU00053,Ather 450X,450X 2.9kWh,Performance,2.9,2020,2020-08-15,191820.0
V00074,CU00053,Ather 450X,450X 2.9kWh,Performance,2.9,2026,2026-06-12,7013.0
V00075,CU00053,Ather 450X,450X 2.9kWh,Performance,2.9,2026,2026-02-22,8800.0
V00076,CU00053,Ather 450X,450X 2.9kWh,Performance,2.9,2022,2022-06-10,193301.0
V00077,CU00054,Ather Rizta,Rizta Z 2.9kWh,Family,2.9,2026,2026-04-22,3621.0
V00078,CU00055,Ather 450 Apex,450 Apex 3.7kWh,Performance,3.7,2024,2024-03-19,9469.0
V00079,CU00056,Ather 450X,450X 2.9kWh,Performance,2.9,2020,2020-12-17,54095.0
V00080,CU00057,Ather 450X,450X 2.9kWh,Performance,2.9,2025,2025-11-11,8370.0
V00081,CU00058,Ather 450X,450X 2.9kWh,Performance,2.9,2021,2021-11-23,27507.0
V00082,CU00059,Ather Rizta,Rizta S 2.9kWh,Family,2.9,2024,2024-07-24,19699.0
V00083,CU00059,Ather 450X,450X 2.9kWh,Performance,2.9,2024,2024-05-13,28720.0
V00084,CU00060,Ather 450X,450X 3.7kWh,Performance,3.7,2025,2025-10-26,8841.0
V00085,CU00061,Ather 450X,450X 3.7kWh,Performance,3.7,2024,2024-03-30,41495.0
V00086,CU00061,Ather 450X,450X 2.9kWh,Performance,2.9,2020,2020-03-23,130576.0
V00087,CU00062,Ather 450X,450X 2.9kWh,Performance,2.9,2024,2024-10-27,20231.0
V00088,CU00063,Ather 450X,450X 3.7kWh,Performance,3.7,2025,2025-12-20,6980.0
V00089,CU00064,Ather Rizta,Rizta S 2.9kWh,Family,2.9,2025,2025-11-04,11026.0
V00090,CU00065,Ather Rizta,Rizta Z 2.9kWh,Family,2.9,2026,2026-03-10,3527.0
V00091,CU00066,Ather 450X,450X 3.7kWh,Performance,3.7,2022,2022-12-03,38709.0
V00092,CU00067,Ather 450X,450X 3.7kWh,Performance,3.7,2025,2025-01-26,16036.0
V00093,CU00068,Ather 450X,450X 3.7kWh,Performance,3.7,2025,2025-11-17,6257.0
V00094,CU00069,Ather Rizta,Rizta Z 3.7kWh,Family,3.7,2025,2025-05-26,14050.0
V00095,CU00070,Ather 450X,450X 2.9kWh,Performance,2.9,2022,2022-12-01,36510.0
V00096,CU00071,Ather 450X,450X 3.7kWh,Performance,3.7,2025,2025-12-22,26778.0
V00097,CU00071,Ather 450X,450X 2.9kWh,Performance,2.9,2020,2020-06-12,214078.0
V00098,CU00071,Ather 450X,450X 2.9kWh,Performance,2.9,2022,2022-04-03,130453.0
V00099,CU00071,Ather Rizta,Rizta Z 3.7kWh,Family,3.7,2024,2024-08-17,79264.0
V00100,CU00071,Ather Rizta,Rizta Z 2.9kWh,Family,2.9,2025,2025-09-23,30018.0
V00101,CU00071,Ather Rizta,Rizta Z 3.7kWh,Family,3.7,2025,2025-03-05,49946.0
V00102,CU00071,Ather 450X,450X 3.7kWh,Performance,3.7,2021,2021-01-11,119044.0
V00103,CU00071,Ather 450X,450X 2.9kWh,Performance,2.9,2023,2023-04-13,123780.0
V00104,CU00071,Ather 450X,450X 3.7kWh,Performance,3.7,2021,2021-12-08,130505.0
V00105,CU00071,Ather Rizta,Rizta Z 2.9kWh,Family,2.9,2025,2025-08-12,36203.0
V00106,CU00072,Ather Rizta,Rizta S 2.9kWh,Family,2.9,2025,2025-10-02,6513.0
V00107,CU00073,Ather 450 Apex,450 Apex 3.7kWh,Performance,3.7,2025,2025-07-24,12275.0
V00108,CU00074,Ather 450X,450X 2.9kWh,Performance,2.9,2022,2022-07-29,34460.0
V00109,CU00075,Ather Rizta,Rizta S 2.9kWh,Family,2.9,2026,2026-09-05,605.0
V00110,CU00076,Ather Rizta,Rizta S 2.9kWh,Family,2.9,2026,2026-02-14,7691.0
V00111,CU00077,Ather Rizta,Rizta Z 3.7kWh,Family,3.7,2024,2024-07-17,69196.0
V00112,CU00077,Ather 450X,450X 3.7kWh,Performance,3.7,2022,2022-09-25,114384.0
V00113,CU00077,Ather Rizta,Rizta Z 3.7kWh,Family,3.7,2025,2025-06-16,31497.0
V00114,CU00077,Ather 450X,450X 2.9kWh,Performance,2.9,2024,2024-08-29,71332.0
V00115,CU00077,Ather 450X,450X 3.7kWh,Performance,3.7,2025,2025-11-06,20211.0
V00116,CU00077,Ather 450X,450X 2.9kWh,Performance,2.9,2024,2024-09-15,65095.0
V00117,CU00077,Ather Rizta,Rizta Z 2.9kWh,Family,2.9,2025,2025-01-30,60082.0
V00118,CU00077,Ather Rizta,Rizta S 2.9kWh,Family,2.9,2025,2025-05-31,47604.0
V00119,CU00077,Ather Rizta,Rizta S 2.9kWh,Family,2.9,2025,2025-09-24,30360.0
V00120,CU00077,Ather Rizta,Rizta Z 3.7kWh,Family,3.7,2026,2026-05-14,8013.0
V00121,CU00077,Ather 450X,450X 3.7kWh,Performance,3.7,2021,2021-11-18,155311.0
V00122,CU00077,Ather 450X,450X 2.9kWh,Performance,2.9,2025,2025-07-30,29207.0
V00123,CU00078,Ather Rizta,Rizta S 2.9kWh,Family,2.9,2025,2025-05-23,7350.0
V00124,CU00079,Ather 450X,450X 2.9kWh,Performance,2.9,2025,2025-06-04,12767.0
V00125,CU00080,Ather Rizta,Rizta Z 2.9kWh,Family,2.9,2026,2026-01-14,7060.0
V00126,CU00081,Ather 450 Apex,450 Apex 3.7kWh,Performance,3.7,2024,2024-04-06,26881.0
V00127,CU00082,Ather Rizta,Rizta Z 3.7kWh,Family,3.7,2025,2025-08-13,10042.0
V00128,CU00083,Ather 450X,450X 2.9kWh,Performance,2.9,2023,2023-03-11,31629.0
V00129,CU00084,Ather Rizta,Rizta Z 2.9kWh,Family,2.9,2026,2026-04-26,5600.0
V00130,CU00085,Ather 450 Apex,450 Apex 3.7kWh,Performance,3.7,2024,2024-09-30,16204.0
V00131,CU00086,Ather 450X,450X 3.7kWh,Performance,3.7,2021,2021-02-24,45110.0
V00132,CU00087,Ather 450X,450X 2.9kWh,Performance,2.9,2024,2024-08-03,22180.0
V00133,CU00087,Ather Rizta,Rizta Z 3.7kWh,Family,3.7,2024,2024-07-02,15513.0
V00134,CU00087,Ather 450X,450X 3.7kWh,Performance,3.7,2025,2025-08-23,16789.0
V00135,CU00088,Ather 450X,450X 2.9kWh,Performance,2.9,2021,2021-09-08,43957.0
V00136,CU00089,Ather 450X,450X 2.9kWh,Performance,2.9,2024,2024-02-24,16516.0
V00137,CU00090,Ather 450X,450X 3.7kWh,Performance,3.7,2022,2022-06-05,33159.0
V00138,CU00091,Ather Rizta,Rizta S 2.9kWh,Family,2.9,2024,2024-09-20,9860.0
V00139,CU00092,Ather Rizta,Rizta S 2.9kWh,Family,2.9,2025,2025-06-01,15115.0
V00140,CU00093,Ather 450 Apex,450 Apex 3.7kWh,Performance,3.7,2025,2025-03-06,16209.0
V00141,CU00094,Ather Rizta,Rizta S 2.9kWh,Family,2.9,2025,2025-06-07,15990.0
V00142,CU00095,Ather Rizta,Rizta Z 2.9kWh,Family,2.9,2025,2025-12-23,5879.0
V00143,CU00096,Ather 450X,450X 2.9kWh,Performance,2.9,2024,2024-01-02,25704.0
V00144,CU00097,Ather Rizta,Rizta S 2.9kWh,Family,2.9,2026,2026-07-14,1687.0
V00145,CU00098,Ather Rizta,Rizta Z 2.9kWh,Family,2.9,2025,2025-07-23,11467.0
V00146,CU00098,Ather 450X,450X 3.7kWh,Performance,3.7,2022,2022-02-01,39021.0
V00147,CU00099,Ather 450X,450X 3.7kWh,Performance,3.7,2025,2025-12-15,26315.0
V00148,CU00099,Ather Rizta,Rizta Z 2.9kWh,Family,2.9,2025,2025-06-20,34438.0
V00149,CU00099,Ather Rizta,Rizta S 2.9kWh,Family,2.9,2025,2025-03-12,43288.0
V00150,CU00099,Ather Rizta,Rizta S 2.9kWh,Family,2.9,2025,2025-12-31,14159.0
V00151,CU00099,Ather Rizta,Rizta S 2.9kWh,Family,2.9,2024,2024-10-20,32799.0
V00152,CU00100,Ather 450X,450X 3.7kWh,Performance,3.7,2025,2025-11-30,7449.0
V00153,CU00101,Ather 450X,450X 3.7kWh,Performance,3.7,2022,2022-04-20,40983.0
V00154,CU00102,Ather 450X,450X 3.7kWh,Performance,3.7,2026,2026-03-08,4764.0
V00155,CU00102,Ather Rizta,Rizta S 2.9kWh,Family,2.9,2024,2024-12-03,19073.0
V00156,CU00103,Ather Rizta,Rizta Z 3.7kWh,Family,3.7,2024,2024-10-08,20614.0
V00157,CU00104,Ather 450 Apex,450 Apex 3.7kWh,Performance,3.7,2025,2025-03-11,28676.0
V00158,CU00104,Ather Rizta,Rizta Z 2.9kWh,Family,2.9,2026,2026-07-19,3111.0
V00159,CU00104,Ather Rizta,Rizta S 2.9kWh,Family,2.9,2025,2025-09-01,19631.0
V00160,CU00104,Ather 450X,450X 2.9kWh,Performance,2.9,2021,2021-07-26,84227.0
V00161,CU00104,Ather 450X,450X 3.7kWh,Performance,3.7,2024,2024-05-08,45219.0
V00162,CU00104,Ather 450X,450X 2.9kWh,Performance,2.9,2026,2026-05-13,5026.0
V00163,CU00105,Ather 450X,450X 2.9kWh,Performance,2.9,2024,2024-12-31,19917.0
V00164,CU00106,Ather 450X,450X 3.7kWh,Performance,3.7,2023,2023-07-08,39938.0
V00165,CU00107,Ather Rizta,Rizta Z 2.9kWh,Family,2.9,2026,2026-06-24,2141.0
V00166,CU00108,Ather Rizta,Rizta Z 2.9kWh,Family,2.9,2025,2025-04-18,15105.0
V00167,CU00109,Ather Rizta,Rizta Z 2.9kWh,Family,2.9,2024,2024-12-26,8761.0
V00168,CU00110,Ather 450X,450X 3.7kWh,Performance,3.7,2021,2021-04-11,75806.0
V00169,CU00111,Ather 450X,450X 3.7kWh,Performance,3.7,2021,2021-03-23,54965.0
V00170,CU00112,Ather Rizta,Rizta Z 3.7kWh,Family,3.7,2026,2026-04-23,2836.0
V00171,CU00113,Ather 450X,450X 3.7kWh,Performance,3.7,2022,2022-05-20,42920.0
V00172,CU00114,Ather Rizta,Rizta Z 2.9kWh,Family,2.9,2025,2025-12-11,3650.0
V00173,CU00115,Ather 450X,450X 2.9kWh,Performance,2.9,2023,2023-06-16,36445.0
V00174,CU00116,Ather Rizta,Rizta Z 3.7kWh,Family,3.7,2026,2026-09-06,878.0
V00175,CU00117,Ather 450X,450X 3.7kWh,Performance,3.7,2022,2022-04-07,47094.0
V00176,CU00118,Ather 450X,450X 2.9kWh,Performance,2.9,2025,2025-07-21,10890.0
V00177,CU00119,Ather Rizta,Rizta S 2.9kWh,Family,2.9,2025,2025-06-24,6894.0
V00178,CU00120,Ather 450X,450X 3.7kWh,Performance,3.7,2026,2026-08-28,937.0
V00179,CU00121,Ather 450X,450X 2.9kWh,Performance,2.9,2021,2021-07-27,43136.0
V00180,CU00122,Ather 450X,450X 3.7kWh,Performance,3.7,2021,2021-12-02,32662.0
V00181,CU00123,Ather 450X,450X 3.7kWh,Performance,3.7,2026,2026-02-18,5222.0
V00182,CU00124,Ather 450X,450X 3.7kWh,Performance,3.7,2022,2022-12-13,28681.0
V00183,CU00125,Ather Rizta,Rizta S 2.9kWh,Family,2.9,2024,2024-07-27,26668.0
V00184,CU00126,Ather Rizta,Rizta Z 2.9kWh,Family,2.9,2026,2026-06-09,2776.0
V00185,CU00127,Ather 450 Apex,450 Apex 3.7kWh,Performance,3.7,2025,2025-09-08,9578.0
V00186,CU00128,Ather 450X,450X 3.7kWh,Performance,3.7,2026,2026-06-15,3345.0
V00187,CU00129,Ather 450X,450X 2.9kWh,Performance,2.9,2025,2025-12-10,8224.0
V00188,CU00130,Ather 450X,450X 3.7kWh,Performance,3.7,2024,2024-08-09,16357.0
V00189,CU00131,Ather 450X,450X 3.7kWh,Performance,3.7,2020,2020-04-30,58623.0
V00190,CU00132,Ather Rizta,Rizta S 2.9kWh,Family,2.9,2025,2025-09-14,8663.0
V00191,CU00133,Ather Rizta,Rizta Z 2.9kWh,Family,2.9,2025,2025-08-01,35987.0
V00192,CU00133,Ather Rizta,Rizta S 2.9kWh,Family,2.9,2025,2025-10-21,21249.0
V00193,CU00133,Ather 450X,450X 2.9kWh,Performance,2.9,2021,2021-09-07,101402.0
V00194,CU00133,Ather 450X,450X 2.9kWh,Performance,2.9,2025,2025-08-24,32690.0
V00195,CU00133,Ather Rizta,Rizta Z 2.9kWh,Family,2.9,2026,2026-02-03,23054.0
V00196,CU00133,Ather Rizta,Rizta S 2.9kWh,Family,2.9,2024,2024-11-01,62204.0
V00197,CU00133,Ather Rizta,Rizta S 2.9kWh,Family,2.9,2026,2026-03-15,19118.0
V00198,CU00133,Ather 450X,450X 3.7kWh,Performance,3.7,2022,2022-03-22,183117.0
V00199,CU00133,Ather 450X,450X 3.7kWh,Performance,3.7,2024,2024-09-15,45423.0
V00200,CU00133,Ather 450X,450X 2.9kWh,Performance,2.9,2023,2023-03-22,92575.0
V00201,CU00133,Ather 450X,450X 3.7kWh,Performance,3.7,2026,2026-04-04,14998.0
V00202,CU00134,Ather Rizta,Rizta Z 2.9kWh,Family,2.9,2025,2025-07-25,14586.0
V00203,CU00135,Ather Rizta,Rizta Z 3.7kWh,Family,3.7,2024,2024-07-08,19299.0
V00204,CU00135,Ather Rizta,Rizta S 2.9kWh,Family,2.9,2025,2025-12-10,6800.0
V00205,CU00136,Ather Rizta,Rizta S 2.9kWh,Family,2.9,2025,2025-02-26,15077.0
V00206,CU00137,Ather Rizta,Rizta Z 3.7kWh,Family,3.7,2026,2026-07-21,2073.0
V00207,CU00137,Ather 450X,450X 3.7kWh,Performance,3.7,2026,2026-08-08,2044.0
V00208,CU00137,Ather 450 Apex,450 Apex 3.7kWh,Performance,3.7,2025,2025-06-30,24121.0
V00209,CU00137,Ather 450X,450X 2.9kWh,Performance,2.9,2021,2021-07-09,33641.0
V00210,CU00137,Ather Rizta,Rizta S 2.9kWh,Family,2.9,2025,2025-03-22,19498.0
V00211,CU00138,Ather Rizta,Rizta S 2.9kWh,Family,2.9,2025,2025-11-12,9849.0
V00212,CU00139,Ather Rizta,Rizta Z 2.9kWh,Family,2.9,2024,2024-10-29,22504.0
V00213,CU00139,Ather Rizta,Rizta Z 2.9kWh,Family,2.9,2025,2025-03-09,22037.0
V00214,CU00140,Ather 450X,450X 3.7kWh,Performance,3.7,2024,2024-04-21,24438.0
V00215,CU00141,Ather 450X,450X 2.9kWh,Performance,2.9,2023,2023-04-24,36609.0
V00216,CU00142,Ather Rizta,Rizta Z 3.7kWh,Family,3.7,2024,2024-06-16,22598.0
V00217,CU00143,Ather Rizta,Rizta Z 2.9kWh,Family,2.9,2025,2025-06-14,15692.0
V00218,CU00144,Ather 450 Apex,450 Apex 3.7kWh,Performance,3.7,2026,2026-08-14,887.0
V00219,CU00145,Ather 450X,450X 3.7kWh,Performance,3.7,2022,2022-10-23,25691.0
V00220,CU00146,Ather 450X,450X 2.9kWh,Performance,2.9,2024,2024-09-14,14648.0
V00221,CU00147,Ather 450 Apex,450 Apex 3.7kWh,Performance,3.7,2025,2025-05-06,9001.0
V00222,CU00148,Ather Rizta,Rizta S 2.9kWh,Family,2.9,2025,2025-02-25,14770.0
V00223,CU00149,Ather 450X,450X 3.7kWh,Performance,3.7,2020,2020-12-09,58371.0
V00224,CU00149,Ather Rizta,Rizta S 2.9kWh,Family,2.9,2025,2025-09-13,7830.0
V00225,CU00150,Ather Rizta,Rizta S 2.9kWh,Family,2.9,2025,2025-11-08,8676.0
V00226,CU00151,Ather 450 Apex,450 Apex 3.7kWh,Performance,3.7,2024,2024-07-19,12981.0
V00227,CU00152,Ather Rizta,Rizta Z 2.9kWh,Family,2.9,2024,2024-10-12,19468.0
V00228,CU00153,Ather 450X,450X 3.7kWh,Performance,3.7,2025,2025-11-04,5180.0
V00229,CU00154,Ather 450X,450X 2.9kWh,Performance,2.9,2022,2022-11-25,43776.0
V00230,CU00155,Ather Rizta,Rizta Z 2.9kWh,Family,2.9,2025,2025-04-29,9881.0
V00231,CU00156,Ather 450X,450X 2.9kWh,Performance,2.9,2025,2025-02-26,15324.0
V00232,CU00156,Ather Rizta,Rizta Z 3.7kWh,Family,3.7,2026,2026-09-04,989.0
V00233,CU00157,Ather Rizta,Rizta S 2.9kWh,Family,2.9,2024,2024-07-16,13018.0
V00234,CU00158,Ather 450X,450X 2.9kWh,Performance,2.9,2022,2022-06-23,45007.0
V00235,CU00159,Ather 450 Apex,450 Apex 3.7kWh,Performance,3.7,2026,2026-02-25,8532.0
V00236,CU00159,Ather Rizta,Rizta Z 3.7kWh,Family,3.7,2025,2025-03-16,30083.0
V00237,CU00159,Ather 450X,450X 3.7kWh,Performance,3.7,2020,2020-05-10,121388.0
V00238,CU00160,Ather 450X,450X 2.9kWh,Performance,2.9,2022,2022-01-19,50465.0
V00239,CU00161,Ather 450 Apex,450 Apex 3.7kWh,Performance,3.7,2024,2024-11-07,17856.0
V00240,CU00162,Ather Rizta,Rizta Z 3.7kWh,Family,3.7,2026,2026-08-16,918.0
V00241,CU00163,Ather Rizta,Rizta S 2.9kWh,Family,2.9,2025,2025-10-10,7442.0
V00242,CU00164,Ather Rizta,Rizta S 2.9kWh,Family,2.9,2026,2026-07-24,1874.0
V00243,CU00165,Ather 450X,450X 3.7kWh,Performance,3.7,2023,2023-04-26,43990.0
V00244,CU00166,Ather 450X,450X 2.9kWh,Performance,2.9,2023,2023-04-19,30117.0
V00245,CU00167,Ather Rizta,Rizta S 2.9kWh,Family,2.9,2025,2025-12-21,3668.0
V00246,CU00168,Ather 450 Apex,450 Apex 3.7kWh,Performance,3.7,2024,2024-04-17,17029.0
V00247,CU00169,Ather 450X,450X 3.7kWh,Performance,3.7,2025,2025-04-22,14010.0
V00248,CU00170,Ather 450X,450X 3.7kWh,Performance,3.7,2026,2026-08-11,1752.0
V00249,CU00171,Ather Rizta,Rizta Z 2.9kWh,Family,2.9,2025,2025-11-17,8432.0
V00250,CU00172,Ather Rizta,Rizta Z 2.9kWh,Family,2.9,2024,2024-12-02,11333.0
V00251,CU00173,Ather 450X,450X 3.7kWh,Performance,3.7,2024,2024-11-30,10867.0
V00252,CU00174,Ather Rizta,Rizta Z 3.7kWh,Family,3.7,2026,2026-03-09,6298.0
V00253,CU00174,Ather 450 Apex,450 Apex 3.7kWh,Performance,3.7,2025,2025-09-22,11136.0
V00254,CU00175,Ather 450X,450X 3.7kWh,Performance,3.7,2023,2023-07-31,26393.0
V00255,CU00176,Ather 450X,450X 2.9kWh,Performance,2.9,2024,2024-01-27,11832.0
V00256,CU00177,Ather Rizta,Rizta S 2.9kWh,Family,2.9,2025,2025-10-13,5258.0
V00257,CU00178,Ather Rizta,Rizta Z 3.7kWh,Family,3.7,2024,2024-09-03,18059.0
V00258,CU00179,Ather 450 Apex,450 Apex 3.7kWh,Performance,3.7,2026,2026-08-31,834.0
V00259,CU00180,Ather 450X,450X 2.9kWh,Performance,2.9,2022,2022-09-25,35341.0
V00260,CU00181,Ather Rizta,Rizta Z 2.9kWh,Family,2.9,2024,2024-10-14,23626.0
V00261,CU00182,Ather Rizta,Rizta S 2.9kWh,Family,2.9,2026,2026-03-02,6764.0
V00262,CU00182,Ather 450X,450X 3.7kWh,Performance,3.7,2026,2026-08-21,990.0
V00263,CU00183,Ather Rizta,Rizta Z 3.7kWh,Family,3.7,2025,2025-01-23,16636.0
V00264,CU00184,Ather 450 Apex,450 Apex 3.7kWh,Performance,3.7,2024,2024-06-07,28591.0
V00265,CU00185,Ather 450X,450X 3.7kWh,Performance,3.7,2025,2025-01-08,18604.0
V00266,CU00186,Ather 450X,450X 3.7kWh,Performance,3.7,2026,2026-06-07,1694.0
V00267,CU00187,Ather 450X,450X 3.7kWh,Performance,3.7,2023,2023-06-26,43111.0
V00268,CU00187,Ather Rizta,Rizta Z 2.9kWh,Family,2.9,2026,2026-02-09,6836.0
V00269,CU00187,Ather 450X,450X 3.7kWh,Performance,3.7,2025,2025-12-04,16127.0
V00270,CU00187,Ather Rizta,Rizta Z 3.7kWh,Family,3.7,2025,2025-11-02,14661.0
V00271,CU00187,Ather Rizta,Rizta Z 2.9kWh,Family,2.9,2025,2025-05-05,25310.0
V00272,CU00187,Ather Rizta,Rizta Z 2.9kWh,Family,2.9,2025,2025-01-12,17413.0
V00273,CU00188,Ather Rizta,Rizta Z 3.7kWh,Family,3.7,2025,2025-06-02,15989.0
V00274,CU00189,Ather 450 Apex,450 Apex 3.7kWh,Performance,3.7,2025,2025-12-07,9320.0
V00275,CU00190,Ather Rizta,Rizta Z 2.9kWh,Family,2.9,2025,2025-06-16,21431.0
V00276,CU00190,Ather 450X,450X 2.9kWh,Performance,2.9,2023,2023-11-30,74593.0
V00277,CU00190,Ather Rizta,Rizta Z 3.7kWh,Family,3.7,2024,2024-10-30,63360.0
V00278,CU00190,Ather Rizta,Rizta Z 2.9kWh,Family,2.9,2026,2026-01-17,28850.0
V00279,CU00190,Ather 450X,450X 2.9kWh,Performance,2.9,2023,2023-09-01,107171.0
V00280,CU00190,Ather Rizta,Rizta S 2.9kWh,Family,2.9,2026,2026-08-18,4032.0
V00281,CU00190,Ather 450X,450X 3.7kWh,Performance,3.7,2026,2026-05-23,13282.0
V00282,CU00190,Ather 450X,450X 2.9kWh,Performance,2.9,2024,2024-05-08,93966.0
V00283,CU00190,Ather 450X,450X 2.9kWh,Performance,2.9,2020,2020-11-15,202676.0
V00284,CU00190,Ather Rizta,Rizta Z 3.7kWh,Family,3.7,2025,2025-09-25,28166.0
V00285,CU00190,Ather Rizta,Rizta S 2.9kWh,Family,2.9,2026,2026-05-09,13288.0
V00286,CU00190,Ather 450X,450X 2.9kWh,Performance,2.9,2023,2023-04-15,106687.0
V00287,CU00190,Ather 450X,450X 2.9kWh,Performance,2.9,2026,2026-03-03,19213.0
V00288,CU00190,Ather 450X,450X 3.7kWh,Performance,3.7,2023,2023-04-29,89039.0
V00289,CU00190,Ather 450X,450X 3.7kWh,Performance,3.7,2022,2022-08-19,108508.0
V00290,CU00191,Ather Rizta,Rizta Z 3.7kWh,Family,3.7,2026,2026-06-28,2474.0
V00291,CU00192,Ather 450X,450X 2.9kWh,Performance,2.9,2021,2021-11-20,54101.0
V00292,CU00193,Ather 450X,450X 3.7kWh,Performance,3.7,2021,2021-08-03,61749.0
V00293,CU00194,Ather Rizta,Rizta Z 2.9kWh,Family,2.9,2026,2026-05-17,5591.0
V00294,CU00195,Ather Rizta,Rizta S 2.9kWh,Family,2.9,2025,2025-01-04,22747.0
V00295,CU00196,Ather 450X,450X 3.7kWh,Performance,3.7,2023,2023-05-24,38913.0
V00296,CU00197,Ather Rizta,Rizta Z 3.7kWh,Family,3.7,2025,2025-04-12,11373.0
V00297,CU00198,Ather Rizta,Rizta S 2.9kWh,Family,2.9,2025,2025-08-29,7581.0
V00298,CU00199,Ather 450X,450X 2.9kWh,Performance,2.9,2025,2025-11-29,6680.0
V00299,CU00200,Ather 450X,450X 2.9kWh,Performance,2.9,2024,2024-07-04,34968.0
V00300,CU00201,Ather 450X,450X 3.7kWh,Performance,3.7,2023,2023-09-06,32646.0
V00301,CU00202,Ather 450X,450X 3.7kWh,Performance,3.7,2020,2020-01-26,52218.0
V00302,CU00203,Ather Rizta,Rizta Z 2.9kWh,Family,2.9,2024,2024-09-07,21971.0
V00303,CU00204,Ather 450 Apex,450 Apex 3.7kWh,Performance,3.7,2024,2024-10-06,9145.0
V00304,CU00205,Ather Rizta,Rizta Z 2.9kWh,Family,2.9,2025,2025-12-19,5690.0
V00305,CU00206,Ather Rizta,Rizta Z 3.7kWh,Family,3.7,2026,2026-09-03,2104.0
V00306,CU00206,Ather Rizta,Rizta S 2.9kWh,Family,2.9,2025,2025-12-15,23717.0
V00307,CU00206,Ather 450X,450X 3.7kWh,Performance,3.7,2022,2022-08-20,125016.0
V00308,CU00206,Ather Rizta,Rizta S 2.9kWh,Family,2.9,2026,2026-05-09,8488.0
V00309,CU00206,Ather Rizta,Rizta Z 2.9kWh,Family,2.9,2025,2025-04-22,39853.0
V00310,CU00206,Ather 450X,450X 3.7kWh,Performance,3.7,2021,2021-01-06,205849.0
V00311,CU00206,Ather 450X,450X 2.9kWh,Performance,2.9,2025,2025-12-04,26114.0
V00312,CU00206,Ather 450X,450X 3.7kWh,Performance,3.7,2023,2023-03-07,112015.0
V00313,CU00206,Ather Rizta,Rizta Z 3.7kWh,Family,3.7,2026,2026-02-24,15313.0
V00314,CU00206,Ather 450X,450X 3.7kWh,Performance,3.7,2023,2023-05-13,111710.0
V00315,CU00206,Ather 450X,450X 2.9kWh,Performance,2.9,2020,2020-06-14,203183.0
V00316,CU00206,Ather 450X,450X 3.7kWh,Performance,3.7,2021,2021-10-29,146815.0
V00317,CU00206,Ather 450X,450X 3.7kWh,Performance,3.7,2022,2022-06-06,103854.0
V00318,CU00206,Ather Rizta,Rizta Z 2.9kWh,Family,2.9,2025,2025-06-12,42902.0
V00319,CU00206,Ather 450X,450X 2.9kWh,Performance,2.9,2023,2023-12-19,83267.0
V00320,CU00206,Ather 450X,450X 2.9kWh,Performance,2.9,2021,2021-01-05,153783.0
V00321,CU00206,Ather 450X,450X 2.9kWh,Performance,2.9,2020,2020-10-29,202258.0
V00322,CU00206,Ather 450X,450X 3.7kWh,Performance,3.7,2020,2020-12-08,165319.0
V00323,CU00206,Ather Rizta,Rizta Z 3.7kWh,Family,3.7,2024,2024-09-02,73881.0
V00324,CU00207,Ather Rizta,Rizta S 2.9kWh,Family,2.9,2025,2025-12-15,9731.0
V00325,CU00208,Ather Rizta,Rizta Z 2.9kWh,Family,2.9,2024,2024-11-03,25067.0
V00326,CU00209,Ather Rizta,Rizta S 2.9kWh,Family,2.9,2025,2025-10-30,22979.0
V00327,CU00209,Ather Rizta,Rizta S 2.9kWh,Family,2.9,2025,2025-10-09,6964.0
V00328,CU00209,Ather 450X,450X 2.9kWh,Performance,2.9,2020,2020-02-26,78568.0
V00329,CU00209,Ather 450X,450X 2.9kWh,Performance,2.9,2022,2022-06-15,59553.0
V00330,CU00210,Ather 450 Apex,450 Apex 3.7kWh,Performance,3.7,2024,2024-07-29,20096.0
V00331,CU00211,Ather 450X,450X 2.9kWh,Performance,2.9,2024,2024-01-28,32352.0
V00332,CU00212,Ather Rizta,Rizta Z 3.7kWh,Family,3.7,2026,2026-02-06,6134.0
V00333,CU00213,Ather 450X,450X 3.7kWh,Performance,3.7,2021,2021-04-26,33888.0
V00334,CU00214,Ather Rizta,Rizta S 2.9kWh,Family,2.9,2026,2026-08-25,1232.0
V00335,CU00215,Ather Rizta,Rizta S 2.9kWh,Family,2.9,2024,2024-08-25,20047.0
V00336,CU00216,Ather Rizta,Rizta S 2.9kWh,Family,2.9,2025,2025-03-31,13118.0
V00337,CU00217,Ather Rizta,Rizta Z 2.9kWh,Family,2.9,2025,2025-05-13,14206.0
V00338,CU00218,Ather Rizta,Rizta S 2.9kWh,Family,2.9,2024,2024-11-29,21547.0
V00339,CU00218,Ather 450 Apex,450 Apex 3.7kWh,Performance,3.7,2026,2026-08-19,1339.0
V00340,CU00219,Ather Rizta,Rizta Z 2.9kWh,Family,2.9,2025,2025-08-16,14741.0
V00341,CU00220,Ather Rizta,Rizta S 2.9kWh,Family,2.9,2025,2025-07-07,9285.0
V00342,CU00221,Ather Rizta,Rizta Z 3.7kWh,Family,3.7,2026,2026-07-01,2071.0
V00343,CU00222,Ather Rizta,Rizta Z 3.7kWh,Family,3.7,2025,2025-03-22,12272.0
V00344,CU00223,Ather Rizta,Rizta Z 2.9kWh,Family,2.9,2024,2024-07-24,16490.0
V00345,CU00224,Ather Rizta,Rizta Z 2.9kWh,Family,2.9,2025,2025-04-04,15503.0
V00346,CU00225,Ather 450 Apex,450 Apex 3.7kWh,Performance,3.7,2024,2024-08-01,17817.0
V00347,CU00226,Ather 450X,450X 2.9kWh,Performance,2.9,2023,2023-11-14,26768.0
V00348,CU00227,Ather Rizta,Rizta Z 3.7kWh,Family,3.7,2026,2026-05-14,3779.0
V00349,CU00228,Ather Rizta,Rizta Z 2.9kWh,Family,2.9,2026,2026-02-20,6969.0
V00350,CU00229,Ather 450X,450X 2.9kWh,Performance,2.9,2020,2020-08-24,49780.0
V00351,CU00230,Ather Rizta,Rizta Z 2.9kWh,Family,2.9,2024,2024-09-10,84653.0
V00352,CU00230,Ather Rizta,Rizta Z 3.7kWh,Family,3.7,2026,2026-08-29,2259.0
V00353,CU00230,Ather 450X,450X 3.7kWh,Performance,3.7,2026,2026-04-24,9017.0
V00354,CU00230,Ather 450X,450X 3.7kWh,Performance,3.7,2025,2025-11-14,29913.0
V00355,CU00230,Ather Rizta,Rizta Z 2.9kWh,Family,2.9,2025,2025-12-15,26697.0
V00356,CU00230,Ather Rizta,Rizta Z 3.7kWh,Family,3.7,2026,2026-07-13,6845.0
V00357,CU00230,Ather 450X,450X 2.9kWh,Performance,2.9,2020,2020-12-11,217799.0
V00358,CU00230,Ather Rizta,Rizta S 2.9kWh,Family,2.9,2026,2026-03-02,16091.0
V00359,CU00230,Ather 450X,450X 3.7kWh,Performance,3.7,2025,2025-03-27,46536.0
V00360,CU00230,Ather 450X,450X 3.7kWh,Performance,3.7,2023,2023-07-01,152044.0
V00361,CU00230,Ather 450X,450X 2.9kWh,Performance,2.9,2026,2026-06-01,11153.0
V00362,CU00230,Ather Rizta,Rizta Z 3.7kWh,Family,3.7,2025,2025-03-09,56518.0
V00363,CU00230,Ather Rizta,Rizta Z 2.9kWh,Family,2.9,2026,2026-08-19,3493.0
V00364,CU00230,Ather Rizta,Rizta S 2.9kWh,Family,2.9,2025,2025-03-16,52033.0
V00365,CU00230,Ather 450X,450X 3.7kWh,Performance,3.7,2022,2022-07-20,99962.0
V00366,CU00230,Ather 450X,450X 3.7kWh,Performance,3.7,2024,2024-03-16,91357.0
V00367,CU00230,Ather 450X,450X 3.7kWh,Performance,3.7,2022,2022-06-13,115911.0
V00368,CU00230,Ather 450X,450X 2.9kWh,Performance,2.9,2024,2024-06-25,76641.0
V00369,CU00230,Ather 450X,450X 3.7kWh,Performance,3.7,2024,2024-02-09,94503.0
V00370,CU00230,Ather 450X,450X 3.7kWh,Performance,3.7,2020,2020-04-16,149821.0
V00371,CU00231,Ather 450X,450X 3.7kWh,Performance,3.7,2020,2020-08-28,71364.0
V00372,CU00231,Ather 450X,450X 2.9kWh,Performance,2.9,2025,2025-02-04,20378.0
V00373,CU00232,Ather Rizta,Rizta Z 3.7kWh,Family,3.7,2025,2025-06-05,16409.0
V00374,CU00233,Ather 450X,450X 2.9kWh,Performance,2.9,2023,2023-10-05,29186.0
V00375,CU00233,Ather Rizta,Rizta S 2.9kWh,Family,2.9,2024,2024-09-16,19141.0
V00376,CU00234,Ather 450X,450X 2.9kWh,Performance,2.9,2022,2022-06-26,17485.0
V00377,CU00235,Ather 450X,450X 3.7kWh,Performance,3.7,2024,2024-03-20,30965.0
V00378,CU00236,Ather 450X,450X 3.7kWh,Performance,3.7,2021,2021-05-04,50507.0
V00379,CU00237,Ather Rizta,Rizta Z 3.7kWh,Family,3.7,2025,2025-10-04,11165.0
V00380,CU00238,Ather Rizta,Rizta Z 3.7kWh,Family,3.7,2024,2024-07-04,17431.0
V00381,CU00239,Ather Rizta,Rizta Z 2.9kWh,Family,2.9,2026,2026-07-02,2380.0
V00382,CU00240,Ather 450X,450X 3.7kWh,Performance,3.7,2020,2020-07-09,66891.0
V00383,CU00241,Ather 450X,450X 3.7kWh,Performance,3.7,2022,2022-12-21,37568.0
V00384,CU00242,Ather Rizta,Rizta Z 3.7kWh,Family,3.7,2025,2025-01-23,21413.0
V00385,CU00243,Ather 450X,450X 2.9kWh,Performance,2.9,2022,2022-09-20,38554.0
V00386,CU00244,Ather Rizta,Rizta S 2.9kWh,Family,2.9,2024,2024-07-11,24635.0
V00387,CU00245,Ather Rizta,Rizta S 2.9kWh,Family,2.9,2025,2025-02-27,14984.0
V00388,CU00246,Ather 450 Apex,450 Apex 3.7kWh,Performance,3.7,2025,2025-04-02,10741.0
V00389,CU00247,Ather Rizta,Rizta Z 3.7kWh,Family,3.7,2025,2025-10-09,11024.0
V00390,CU00248,Ather Rizta,Rizta S 2.9kWh,Family,2.9,2026,2026-04-24,2903.0
V00391,CU00248,Ather 450X,450X 3.7kWh,Performance,3.7,2020,2020-01-18,61646.0
V00392,CU00249,Ather Rizta,Rizta Z 3.7kWh,Family,3.7,2026,2026-08-31,1074.0
V00393,CU00250,Ather 450 Apex,450 Apex 3.7kWh,Performance,3.7,2024,2024-06-10,22166.0
V00394,CU00251,Ather 450X,450X 2.9kWh,Performance,2.9,2023,2023-06-07,37455.0
V00395,CU00252,Ather Rizta,Rizta Z 2.9kWh,Family,2.9,2026,2026-06-16,1707.0
V00396,CU00253,Ather Rizta,Rizta Z 3.7kWh,Family,3.7,2025,2025-10-01,17819.0
V00397,CU00253,Ather 450 Apex,450 Apex 3.7kWh,Performance,3.7,2025,2025-10-14,13402.0
V00398,CU00254,Ather Rizta,Rizta Z 2.9kWh,Family,2.9,2026,2026-05-10,3983.0
V00399,CU00255,Ather Rizta,Rizta S 2.9kWh,Family,2.9,2026,2026-02-28,7180.0
V00400,CU00256,Ather 450X,450X 3.7kWh,Performance,3.7,2025,2025-05-09,14829.0
V00401,CU00257,Ather Rizta,Rizta Z 3.7kWh,Family,3.7,2026,2026-08-04,1360.0
V00402,CU00257,Ather 450X,450X 3.7kWh,Performance,3.7,2020,2020-01-31,57963.0
V00403,CU00258,Ather Rizta,Rizta Z 2.9kWh,Family,2.9,2026,2026-01-20,8892.0
V00404,CU00259,Ather Rizta,Rizta Z 2.9kWh,Family,2.9,2025,2025-10-07,8921.0
V00405,CU00260,Ather 450X,450X 3.7kWh,Performance,3.7,2020,2020-07-31,74848.0
V00406,CU00261,Ather 450X,450X 2.9kWh,Performance,2.9,2025,2025-03-17,9670.0
V00407,CU00261,Ather 450X,450X 2.9kWh,Performance,2.9,2022,2022-05-09,51289.0
V00408,CU00262,Ather 450X,450X 3.7kWh,Performance,3.7,2026,2026-01-11,7834.0
V00409,CU00263,Ather 450X,450X 3.7kWh,Performance,3.7,2022,2022-04-07,33398.0
V00410,CU00264,Ather Rizta,Rizta S 2.9kWh,Family,2.9,2025,2025-06-21,6326.0
V00411,CU00265,Ather 450X,450X 3.7kWh,Performance,3.7,2020,2020-10-25,171762.0
V00412,CU00265,Ather 450X,450X 2.9kWh,Performance,2.9,2023,2023-02-24,61299.0
V00413,CU00265,Ather 450X,450X 2.9kWh,Performance,2.9,2022,2022-07-02,106559.0
V00414,CU00265,Ather Rizta,Rizta Z 3.7kWh,Family,3.7,2026,2026-03-07,21131.0
V00415,CU00265,Ather Rizta,Rizta Z 2.9kWh,Family,2.9,2025,2025-12-07,16859.0
V00416,CU00265,Ather Rizta,Rizta Z 3.7kWh,Family,3.7,2025,2025-01-24,48121.0
V00417,CU00265,Ather Rizta,Rizta Z 2.9kWh,Family,2.9,2024,2024-11-14,55436.0
V00418,CU00265,Ather 450X,450X 2.9kWh,Performance,2.9,2021,2021-07-10,144642.0
V00419,CU00265,Ather 450X,450X 3.7kWh,Performance,3.7,2022,2022-05-09,137493.0
V00420,CU00265,Ather Rizta,Rizta Z 2.9kWh,Family,2.9,2025,2025-04-14,47409.0
V00421,CU00265,Ather Rizta,Rizta S 2.9kWh,Family,2.9,2024,2024-09-02,68974.0
V00422,CU00265,Ather 450X,450X 3.7kWh,Performance,3.7,2024,2024-06-06,51687.0
V00423,CU00265,Ather Rizta,Rizta Z 2.9kWh,Family,2.9,2026,2026-01-28,19222.0
V00424,CU00265,Ather Rizta,Rizta Z 3.7kWh,Family,3.7,2025,2025-01-05,38539.0
V00425,CU00266,Ather 450X,450X 2.9kWh,Performance,2.9,2021,2021-04-08,60387.0
V00426,CU00267,Ather 450X,450X 2.9kWh,Performance,2.9,2021,2021-06-12,56365.0
V00427,CU00268,Ather Rizta,Rizta S 2.9kWh,Family,2.9,2025,2025-10-10,32440.0
V00428,CU00268,Ather 450X,450X 3.7kWh,Performance,3.7,2025,2025-09-24,30154.0
V00429,CU00268,Ather Rizta,Rizta Z 2.9kWh,Family,2.9,2025,2025-02-12,39485.0
V00430,CU00268,Ather Rizta,Rizta Z 2.9kWh,Family,2.9,2025,2025-07-27,28773.0
V00431,CU00268,Ather Rizta,Rizta S 2.9kWh,Family,2.9,2026,2026-01-11,18617.0
V00432,CU00268,Ather Rizta,Rizta S 2.9kWh,Family,2.9,2025,2025-02-23,49905.0
V00433,CU00268,Ather Rizta,Rizta S 2.9kWh,Family,2.9,2026,2026-04-15,15709.0
V00434,CU00268,Ather 450X,450X 3.7kWh,Performance,3.7,2022,2022-08-01,96863.0
V00435,CU00268,Ather Rizta,Rizta Z 2.9kWh,Family,2.9,2025,2025-05-07,53312.0
V00436,CU00268,Ather 450X,450X 2.9kWh,Performance,2.9,2026,2026-05-29,8855.0
V00437,CU00268,Ather Rizta,Rizta Z 2.9kWh,Family,2.9,2026,2026-08-21,2005.0
V00438,CU00268,Ather 450X,450X 2.9kWh,Performance,2.9,2024,2024-08-20,65858.0
V00439,CU00268,Ather 450X,450X 2.9kWh,Performance,2.9,2021,2021-02-14,174211.0
V00440,CU00268,Ather Rizta,Rizta S 2.9kWh,Family,2.9,2025,2025-12-31,21531.0
V00441,CU00269,Ather 450X,450X 2.9kWh,Performance,2.9,2022,2022-04-28,39122.0
V00442,CU00270,Ather Rizta,Rizta S 2.9kWh,Family,2.9,2025,2025-10-07,10014.0
V00443,CU00271,Ather 450X,450X 3.7kWh,Performance,3.7,2022,2022-01-15,16606.0
V00444,CU00272,Ather Rizta,Rizta S 2.9kWh,Family,2.9,2026,2026-06-12,1418.0
V00445,CU00273,Ather Rizta,Rizta S 2.9kWh,Family,2.9,2025,2025-11-02,6092.0
V00446,CU00274,Ather 450X,450X 2.9kWh,Performance,2.9,2020,2020-10-20,62551.0
V00447,CU00275,Ather 450X,450X 2.9kWh,Performance,2.9,2020,2020-07-10,59991.0
V00448,CU00276,Ather 450X,450X 2.9kWh,Performance,2.9,2021,2021-09-28,27073.0
V00449,CU00277,Ather 450X,450X 2.9kWh,Performance,2.9,2020,2020-11-02,93062.0
V00450,CU00278,Ather 450 Apex,450 Apex 3.7kWh,Performance,3.7,2025,2025-06-20,11344.0
V00451,CU00279,Ather Rizta,Rizta Z 2.9kWh,Family,2.9,2025,2025-01-26,19717.0
V00452,CU00280,Ather Rizta,Rizta Z 3.7kWh,Family,3.7,2025,2025-12-18,7853.0
V00453,CU00281,Ather 450X,450X 2.9kWh,Performance,2.9,2022,2022-05-19,55281.0
V00454,CU00282,Ather 450 Apex,450 Apex 3.7kWh,Performance,3.7,2024,2024-10-22,18536.0
V00455,CU00283,Ather Rizta,Rizta S 2.9kWh,Family,2.9,2026,2026-08-06,1337.0
V00456,CU00284,Ather Rizta,Rizta S 2.9kWh,Family,2.9,2026,2026-01-21,5373.0
V00457,CU00285,Ather 450X,450X 3.7kWh,Performance,3.7,2024,2024-01-28,19869.0
V00458,CU00286,Ather Rizta,Rizta Z 2.9kWh,Family,2.9,2025,2025-11-21,9456.0
V00459,CU00287,Ather 450X,450X 3.7kWh,Performance,3.7,2024,2024-05-17,31183.0
V00460,CU00288,Ather 450X,450X 3.7kWh,Performance,3.7,2025,2025-01-13,16997.0
V00461,CU00289,Ather 450X,450X 3.7kWh,Performance,3.7,2025,2025-11-17,6272.0
V00462,CU00290,Ather 450X,450X 3.7kWh,Performance,3.7,2023,2023-06-21,25050.0
V00463,CU00291,Ather 450X,450X 3.7kWh,Performance,3.7,2025,2025-10-27,6510.0
V00464,CU00292,Ather 450X,450X 2.9kWh,Performance,2.9,2024,2024-10-21,21273.0
V00465,CU00293,Ather 450X,450X 3.7kWh,Performance,3.7,2021,2021-08-26,50749.0
V00466,CU00293,Ather Rizta,Rizta S 2.9kWh,Family,2.9,2024,2024-06-24,20616.0
V00467,CU00294,Ather Rizta,Rizta Z 2.9kWh,Family,2.9,2025,2025-11-16,10183.0
V00468,CU00295,Ather Rizta,Rizta Z 3.7kWh,Family,3.7,2024,2024-09-17,19638.0
V00469,CU00296,Ather 450X,450X 3.7kWh,Performance,3.7,2021,2021-01-02,57031.0
V00470,CU00297,Ather Rizta,Rizta Z 3.7kWh,Family,3.7,2024,2024-12-04,19889.0
V00471,CU00298,Ather Rizta,Rizta S 2.9kWh,Family,2.9,2026,2026-01-08,8249.0
V00472,CU00299,Ather 450X,450X 3.7kWh,Performance,3.7,2024,2024-04-04,18756.0
V00473,CU00300,Ather 450X,450X 2.9kWh,Performance,2.9,2022,2022-11-07,71403.0
V00474,CU00301,Ather 450X,450X 3.7kWh,Performance,3.7,2020,2020-03-29,85967.0
V00475,CU00302,Ather 450X,450X 2.9kWh,Performance,2.9,2023,2023-05-19,20546.0
V00476,CU00303,Ather 450 Apex,450 Apex 3.7kWh,Performance,3.7,2026,2026-04-03,5444.0
V00477,CU00304,Ather Rizta,Rizta S 2.9kWh,Family,2.9,2026,2026-01-24,6612.0
V00478,CU00304,Ather Rizta,Rizta S 2.9kWh,Family,2.9,2026,2026-07-04,1839.0
V00479,CU00305,Ather Rizta,Rizta Z 2.9kWh,Family,2.9,2025,2025-07-06,5283.0
V00480,CU00306,Ather 450X,450X 2.9kWh,Performance,2.9,2023,2023-12-11,34667.0
V00481,CU00307,Ather 450X,450X 3.7kWh,Performance,3.7,2026,2026-04-19,4812.0
V00482,CU00308,Ather 450X,450X 3.7kWh,Performance,3.7,2020,2020-07-22,89650.0
V00483,CU00309,Ather Rizta,Rizta S 2.9kWh,Family,2.9,2024,2024-06-23,65145.0
V00484,CU00309,Ather 450X,450X 3.7kWh,Performance,3.7,2021,2021-11-03,119102.0
V00485,CU00309,Ather Rizta,Rizta Z 3.7kWh,Family,3.7,2024,2024-11-28,50446.0
V00486,CU00309,Ather Rizta,Rizta Z 3.7kWh,Family,3.7,2025,2025-03-20,55965.0
V00487,CU00309,Ather Rizta,Rizta Z 3.7kWh,Family,3.7,2026,2026-02-28,20462.0
V00488,CU00309,Ather 450X,450X 2.9kWh,Performance,2.9,2021,2021-01-06,119546.0
V00489,CU00309,Ather Rizta,Rizta S 2.9kWh,Family,2.9,2026,2026-06-24,7417.0
V00490,CU00309,Ather 450X,450X 3.7kWh,Performance,3.7,2026,2026-03-07,15031.0
V00491,CU00309,Ather 450X,450X 3.7kWh,Performance,3.7,2023,2023-09-22,57044.0
V00492,CU00310,Ather Rizta,Rizta Z 3.7kWh,Family,3.7,2024,2024-06-24,18958.0
V00493,CU00311,Ather 450X,450X 2.9kWh,Performance,2.9,2025,2025-02-15,16744.0
V00494,CU00312,Ather 450X,450X 3.7kWh,Performance,3.7,2021,2021-10-19,37927.0
V00495,CU00313,Ather Rizta,Rizta Z 3.7kWh,Family,3.7,2025,2025-05-08,19817.0
V00496,CU00313,Ather 450X,450X 2.9kWh,Performance,2.9,2020,2020-05-30,52536.0
V00497,CU00314,Ather Rizta,Rizta S 2.9kWh,Family,2.9,2026,2026-05-14,1419.0
V00498,CU00315,Ather 450X,450X 3.7kWh,Performance,3.7,2023,2023-02-03,31321.0
V00499,CU00316,Ather Rizta,Rizta S 2.9kWh,Family,2.9,2026,2026-07-01,2251.0
V00500,CU00317,Ather Rizta,Rizta Z 3.7kWh,Family,3.7,2025,2025-07-18,11007.0
V00501,CU00318,Ather 450X,450X 3.7kWh,Performance,3.7,2023,2023-10-06,33001.0
V00502,CU00319,Ather Rizta,Rizta Z 3.7kWh,Family,3.7,2024,2024-06-24,18836.0
V00503,CU00320,Ather Rizta,Rizta S 2.9kWh,Family,2.9,2025,2025-10-30,9284.0
V00504,CU00321,Ather Rizta,Rizta S 2.9kWh,Family,2.9,2024,2024-08-30,21444.0
V00505,CU00322,Ather 450X,450X 3.7kWh,Performance,3.7,2025,2025-04-20,8588.0
V00506,CU00323,Ather 450X,450X 2.9kWh,Performance,2.9,2020,2020-06-23,52760.0
V00507,CU00324,Ather Rizta,Rizta S 2.9kWh,Family,2.9,2024,2024-08-16,22451.0
V00508,CU00325,Ather 450X,450X 3.7kWh,Performance,3.7,2026,2026-08-19,909.0
V00509,CU00326,Ather Rizta,Rizta Z 2.9kWh,Family,2.9,2025,2025-03-12,14694.0
V00510,CU00327,Ather 450 Apex,450 Apex 3.7kWh,Performance,3.7,2025,2025-12-02,8396.0
V00511,CU00328,Ather Rizta,Rizta Z 3.7kWh,Family,3.7,2025,2025-01-13,23660.0
V00512,CU00329,Ather 450X,450X 2.9kWh,Performance,2.9,2022,2022-12-08,22935.0
V00513,CU00329,Ather Rizta,Rizta S 2.9kWh,Family,2.9,2026,2026-05-25,3966.0
V00514,CU00330,Ather 450X,450X 2.9kWh,Performance,2.9,2021,2021-02-21,71451.0
V00515,CU00331,Ather 450X,450X 3.7kWh,Performance,3.7,2025,2025-10-13,30177.0
V00516,CU00331,Ather 450X,450X 2.9kWh,Performance,2.9,2022,2022-02-04,114385.0
V00517,CU00331,Ather 450X,450X 2.9kWh,Performance,2.9,2021,2021-08-09,162623.0
V00518,CU00331,Ather Rizta,Rizta Z 3.7kWh,Family,3.7,2024,2024-12-26,29995.0
V00519,CU00331,Ather 450X,450X 2.9kWh,Performance,2.9,2023,2023-01-24,110908.0
V00520,CU00331,Ather 450X,450X 3.7kWh,Performance,3.7,2026,2026-03-10,22281.0
V00521,CU00331,Ather Rizta,Rizta S 2.9kWh,Family,2.9,2026,2026-06-07,10533.0
V00522,CU00331,Ather 450X,450X 3.7kWh,Performance,3.7,2021,2021-03-10,168936.0
V00523,CU00331,Ather Rizta,Rizta S 2.9kWh,Family,2.9,2026,2026-03-12,17292.0
V00524,CU00331,Ather Rizta,Rizta Z 2.9kWh,Family,2.9,2025,2025-01-20,57904.0
V00525,CU00331,Ather 450X,450X 3.7kWh,Performance,3.7,2023,2023-10-06,97125.0
V00526,CU00331,Ather 450X,450X 2.9kWh,Performance,2.9,2022,2022-04-08,137949.0
V00527,CU00331,Ather Rizta,Rizta S 2.9kWh,Family,2.9,2025,2025-11-17,27244.0
V00528,CU00331,Ather Rizta,Rizta Z 2.9kWh,Family,2.9,2024,2024-10-28,54698.0
V00529,CU00331,Ather 450X,450X 2.9kWh,Performance,2.9,2025,2025-07-04,52474.0
V00530,CU00331,Ather Rizta,Rizta S 2.9kWh,Family,2.9,2025,2025-01-14,80597.0
V00531,CU00332,Ather 450X,450X 3.7kWh,Performance,3.7,2022,2022-03-12,52400.0
V00532,CU00333,Ather 450 Apex,450 Apex 3.7kWh,Performance,3.7,2025,2025-06-09,8935.0
V00533,CU00334,Ather 450 Apex,450 Apex 3.7kWh,Performance,3.7,2025,2025-07-01,9413.0
V00534,CU00335,Ather 450X,450X 2.9kWh,Performance,2.9,2023,2023-04-05,33752.0
V00535,CU00336,Ather Rizta,Rizta Z 3.7kWh,Family,3.7,2025,2025-10-27,10669.0
V00536,CU00337,Ather 450X,450X 2.9kWh,Performance,2.9,2026,2026-06-04,3383.0
V00537,CU00338,Ather 450X,450X 2.9kWh,Performance,2.9,2023,2023-05-13,21034.0
V00538,CU00339,Ather Rizta,Rizta Z 2.9kWh,Family,2.9,2026,2026-07-27,2015.0
V00539,CU00340,Ather 450X,450X 3.7kWh,Performance,3.7,2024,2024-11-20,19660.0
V00540,CU00341,Ather 450X,450X 3.7kWh,Performance,3.7,2025,2025-02-10,19151.0
V00541,CU00342,Ather 450X,450X 2.9kWh,Performance,2.9,2023,2023-02-22,31254.0
V00542,CU00343,Ather Rizta,Rizta Z 3.7kWh,Family,3.7,2024,2024-10-07,14844.0
V00543,CU00344,Ather Rizta,Rizta S 2.9kWh,Family,2.9,2026,2026-03-23,5973.0
V00544,CU00345,Ather 450X,450X 3.7kWh,Performance,3.7,2024,2024-02-21,25872.0
V00545,CU00346,Ather Rizta,Rizta Z 2.9kWh,Family,2.9,2025,2025-04-11,10243.0
V00546,CU00347,Ather 450X,450X 2.9kWh,Performance,2.9,2022,2022-01-28,52894.0
V00547,CU00348,Ather 450X,450X 2.9kWh,Performance,2.9,2025,2025-12-16,4349.0
V00548,CU00349,Ather 450 Apex,450 Apex 3.7kWh,Performance,3.7,2026,2026-07-21,1408.0
V00549,CU00350,Ather 450X,450X 3.7kWh,Performance,3.7,2023,2023-06-10,27501.0
V00550,CU00351,Ather Rizta,Rizta S 2.9kWh,Family,2.9,2025,2025-12-02,8221.0
V00551,CU00352,Ather Rizta,Rizta Z 3.7kWh,Family,3.7,2025,2025-09-14,11927.0
V00552,CU00353,Ather 450X,450X 3.7kWh,Performance,3.7,2021,2021-10-17,26589.0
V00553,CU00354,Ather 450 Apex,450 Apex 3.7kWh,Performance,3.7,2024,2024-10-17,18322.0
V00554,CU00355,Ather 450X,450X 3.7kWh,Performance,3.7,2024,2024-02-16,23309.0
V00555,CU00356,Ather 450X,450X 2.9kWh,Performance,2.9,2022,2022-05-04,32050.0
V00556,CU00357,Ather Rizta,Rizta S 2.9kWh,Family,2.9,2025,2025-11-04,6175.0
V00557,CU00357,Ather Rizta,Rizta S 2.9kWh,Family,2.9,2025,2025-12-27,7729.0
V00558,CU00358,Ather 450X,450X 2.9kWh,Performance,2.9,2023,2023-10-22,16893.0
V00559,CU00359,Ather 450X,450X 3.7kWh,Performance,3.7,2025,2025-09-21,9908.0
V00560,CU00360,Ather 450X,450X 2.9kWh,Performance,2.9,2025,2025-10-17,10267.0
V00561,CU00361,Ather Rizta,Rizta S 2.9kWh,Family,2.9,2024,2024-10-30,22256.0
V00562,CU00362,Ather Rizta,Rizta S 2.9kWh,Family,2.9,2025,2025-06-18,9202.0
V00563,CU00363,Ather 450X,450X 2.9kWh,Performance,2.9,2021,2021-04-29,44250.0
V00564,CU00364,Ather 450 Apex,450 Apex 3.7kWh,Performance,3.7,2025,2025-01-30,12276.0
V00565,CU00365,Ather Rizta,Rizta S 2.9kWh,Family,2.9,2025,2025-10-24,10361.0
V00566,CU00366,Ather 450X,450X 2.9kWh,Performance,2.9,2025,2025-03-24,8938.0
V00567,CU00367,Ather Rizta,Rizta Z 2.9kWh,Family,2.9,2025,2025-03-04,15738.0
V00568,CU00368,Ather Rizta,Rizta S 2.9kWh,Family,2.9,2025,2025-11-17,8095.0
V00569,CU00369,Ather 450 Apex,450 Apex 3.7kWh,Performance,3.7,2024,2024-12-25,15393.0
V00570,CU00370,Ather Rizta,Rizta S 2.9kWh,Family,2.9,2024,2024-11-21,11596.0
V00571,CU00371,Ather Rizta,Rizta Z 2.9kWh,Family,2.9,2025,2025-03-25,18644.0
V00572,CU00372,Ather Rizta,Rizta S 2.9kWh,Family,2.9,2025,2025-07-30,13554.0
V00573,CU00373,Ather Rizta,Rizta Z 3.7kWh,Family,3.7,2024,2024-10-07,14626.0
V00574,CU00374,Ather Rizta,Rizta Z 2.9kWh,Family,2.9,2026,2026-05-10,4137.0
V00575,CU00375,Ather Rizta,Rizta S 2.9kWh,Family,2.9,2024,2024-06-05,15805.0
V00576,CU00376,Ather Rizta,Rizta Z 2.9kWh,Family,2.9,2024,2024-10-04,16445.0
V00577,CU00377,Ather 450X,450X 2.9kWh,Performance,2.9,2021,2021-05-22,37401.0
V00578,CU00378,Ather 450 Apex,450 Apex 3.7kWh,Performance,3.7,2026,2026-08-08,1491.0
V00579,CU00379,Ather 450X,450X 3.7kWh,Performance,3.7,2020,2020-11-12,42650.0
V00580,CU00380,Ather Rizta,Rizta Z 3.7kWh,Family,3.7,2025,2025-06-05,11897.0
V00581,CU00381,Ather 450X,450X 2.9kWh,Performance,2.9,2022,2022-04-30,43898.0
V00582,CU00382,Ather 450 Apex,450 Apex 3.7kWh,Performance,3.7,2024,2024-11-08,13435.0
V00583,CU00383,Ather Rizta,Rizta Z 2.9kWh,Family,2.9,2024,2024-11-03,17208.0
V00584,CU00384,Ather Rizta,Rizta Z 3.7kWh,Family,3.7,2026,2026-05-01,5683.0
V00585,CU00385,Ather Rizta,Rizta S 2.9kWh,Family,2.9,2026,2026-08-30,794.0
V00586,CU00386,Ather 450X,450X 2.9kWh,Performance,2.9,2025,2025-11-11,10040.0
V00587,CU00387,Ather Rizta,Rizta Z 2.9kWh,Family,2.9,2026,2026-02-13,4881.0
V00588,CU00388,Ather 450X,450X 2.9kWh,Performance,2.9,2022,2022-08-09,40504.0
V00589,CU00389,Ather 450X,450X 3.7kWh,Performance,3.7,2025,2025-11-14,6975.0
V00590,CU00390,Ather Rizta,Rizta Z 3.7kWh,Family,3.7,2025,2025-01-22,14317.0
V00591,CU00391,Ather 450X,450X 2.9kWh,Performance,2.9,2025,2025-11-24,9978.0
V00592,CU00392,Ather Rizta,Rizta Z 3.7kWh,Family,3.7,2025,2025-12-22,8056.0
V00593,CU00393,Ather Rizta,Rizta S 2.9kWh,Family,2.9,2024,2024-10-22,14759.0
V00594,CU00394,Ather 450X,450X 3.7kWh,Performance,3.7,2020,2020-04-28,78313.0
V00595,CU00395,Ather 450X,450X 3.7kWh,Performance,3.7,2025,2025-05-18,8655.0
V00596,CU00396,Ather Rizta,Rizta S 2.9kWh,Family,2.9,2026,2026-08-24,443.0
V00597,CU00397,Ather Rizta,Rizta S 2.9kWh,Family,2.9,2025,2025-05-18,11351.0
V00598,CU00398,Ather 450X,450X 3.7kWh,Performance,3.7,2022,2022-07-01,32034.0
V00599,CU00399,Ather 450X,450X 2.9kWh,Performance,2.9,2023,2023-07-15,92951.0
V00600,CU00399,Ather Rizta,Rizta Z 3.7kWh,Family,3.7,2026,2026-07-17,8041.0
V00601,CU00399,Ather 450X,450X 3.7kWh,Performance,3.7,2020,2020-10-24,133042.0
V00602,CU00399,Ather 450X,450X 3.7kWh,Performance,3.7,2025,2025-08-05,19042.0
V00603,CU00399,Ather 450X,450X 3.7kWh,Performance,3.7,2023,2023-04-02,139577.0
V00604,CU00399,Ather Rizta,Rizta Z 2.9kWh,Family,2.9,2024,2024-11-24,57690.0
V00605,CU00399,Ather 450X,450X 2.9kWh,Performance,2.9,2025,2025-02-10,59918.0
V00606,CU00399,Ather Rizta,Rizta S 2.9kWh,Family,2.9,2025,2025-12-03,17651.0
V00607,CU00399,Ather 450X,450X 2.9kWh,Performance,2.9,2023,2023-04-15,82304.0
V00608,CU00399,Ather 450X,450X 3.7kWh,Performance,3.7,2026,2026-03-01,15116.0
V00609,CU00399,Ather 450X,450X 3.7kWh,Performance,3.7,2021,2021-11-10,201105.0
V00610,CU00399,Ather 450X,450X 2.9kWh,Performance,2.9,2021,2021-12-25,141573.0
V00611,CU00399,Ather Rizta,Rizta S 2.9kWh,Family,2.9,2024,2024-11-15,66939.0
V00612,CU00399,Ather Rizta,Rizta Z 2.9kWh,Family,2.9,2025,2025-03-31,31491.0
V00613,CU00400,Ather 450X,450X 2.9kWh,Performance,2.9,2024,2024-09-12,20952.0
V00614,CU00401,Ather Rizta,Rizta Z 2.9kWh,Family,2.9,2025,2025-04-17,42527.0
V00615,CU00401,Ather 450X,450X 2.9kWh,Performance,2.9,2026,2026-06-18,9774.0
V00616,CU00401,Ather 450X,450X 3.7kWh,Performance,3.7,2024,2024-05-17,84221.0
V00617,CU00401,Ather 450X,450X 2.9kWh,Performance,2.9,2024,2024-08-17,71888.0
V00618,CU00401,Ather 450X,450X 3.7kWh,Performance,3.7,2022,2022-09-19,126115.0
V00619,CU00401,Ather Rizta,Rizta S 2.9kWh,Family,2.9,2024,2024-12-08,56725.0
V00620,CU00401,Ather Rizta,Rizta S 2.9kWh,Family,2.9,2024,2024-10-09,48494.0
V00621,CU00401,Ather Rizta,Rizta S 2.9kWh,Family,2.9,2025,2025-03-29,61401.0
V00622,CU00401,Ather 450X,450X 3.7kWh,Performance,3.7,2024,2024-04-28,85124.0
V00623,CU00401,Ather Rizta,Rizta Z 2.9kWh,Family,2.9,2026,2026-07-08,7939.0
V00624,CU00401,Ather 450X,450X 3.7kWh,Performance,3.7,2026,2026-02-25,15850.0
V00625,CU00401,Ather 450X,450X 3.7kWh,Performance,3.7,2020,2020-06-18,211303.0
V00626,CU00401,Ather 450X,450X 2.9kWh,Performance,2.9,2025,2025-09-12,25787.0
V00627,CU00401,Ather Rizta,Rizta Z 2.9kWh,Family,2.9,2024,2024-06-14,78862.0
V00628,CU00401,Ather 450X,450X 2.9kWh,Performance,2.9,2021,2021-06-16,77280.0
V00629,CU00401,Ather 450X,450X 3.7kWh,Performance,3.7,2020,2020-06-21,190419.0
V00630,CU00401,Ather 450X,450X 3.7kWh,Performance,3.7,2021,2021-10-17,124533.0
V00631,CU00401,Ather Rizta,Rizta Z 2.9kWh,Family,2.9,2025,2025-10-31,30798.0
V00632,CU00401,Ather Rizta,Rizta S 2.9kWh,Family,2.9,2026,2026-03-01,17871.0
V00633,CU00402,Ather Rizta,Rizta Z 2.9kWh,Family,2.9,2026,2026-05-06,2901.0
V00634,CU00403,Ather Rizta,Rizta Z 3.7kWh,Family,3.7,2025,2025-05-06,19456.0
V00635,CU00404,Ather 450X,450X 3.7kWh,Performance,3.7,2026,2026-01-15,7152.0
V00636,CU00404,Ather Rizta,Rizta S 2.9kWh,Family,2.9,2024,2024-10-05,21120.0
V00637,CU00405,Ather 450 Apex,450 Apex 3.7kWh,Performance,3.7,2026,2026-06-19,1550.0
V00638,CU00406,Ather 450X,450X 2.9kWh,Performance,2.9,2025,2025-08-22,14751.0
V00639,CU00407,Ather Rizta,Rizta Z 3.7kWh,Family,3.7,2025,2025-12-17,9339.0
V00640,CU00408,Ather 450X,450X 3.7kWh,Performance,3.7,2024,2024-04-26,26991.0
V00641,CU00409,Ather Rizta,Rizta S 2.9kWh,Family,2.9,2024,2024-11-28,14237.0
V00642,CU00410,Ather 450X,450X 3.7kWh,Performance,3.7,2021,2021-03-11,62164.0
V00643,CU00411,Ather 450 Apex,450 Apex 3.7kWh,Performance,3.7,2025,2025-02-13,7145.0
V00644,CU00412,Ather 450X,450X 2.9kWh,Performance,2.9,2024,2024-11-29,15489.0
V00645,CU00413,Ather Rizta,Rizta S 2.9kWh,Family,2.9,2026,2026-02-22,5213.0
V00646,CU00413,Ather Rizta,Rizta Z 2.9kWh,Family,2.9,2024,2024-10-13,27298.0
V00647,CU00413,Ather Rizta,Rizta Z 2.9kWh,Family,2.9,2025,2025-05-28,18152.0
V00648,CU00413,Ather 450 Apex,450 Apex 3.7kWh,Performance,3.7,2025,2025-12-27,10604.0
V00649,CU00413,Ather 450X,450X 3.7kWh,Performance,3.7,2024,2024-12-19,30222.0
V00650,CU00413,Ather 450X,450X 2.9kWh,Performance,2.9,2024,2024-11-02,37168.0
V00651,CU00414,Ather 450 Apex,450 Apex 3.7kWh,Performance,3.7,2025,2025-11-26,9428.0
V00652,CU00415,Ather 450 Apex,450 Apex 3.7kWh,Performance,3.7,2025,2025-03-02,10983.0
V00653,CU00416,Ather 450X,450X 3.7kWh,Performance,3.7,2026,2026-08-29,494.0
V00654,CU00417,Ather Rizta,Rizta S 2.9kWh,Family,2.9,2025,2025-11-09,8794.0
V00655,CU00418,Ather 450X,450X 2.9kWh,Performance,2.9,2024,2024-06-21,19650.0
V00656,CU00419,Ather Rizta,Rizta S 2.9kWh,Family,2.9,2025,2025-03-18,16630.0
V00657,CU00420,Ather Rizta,Rizta S 2.9kWh,Family,2.9,2026,2026-08-15,915.0
V00658,CU00421,Ather 450 Apex,450 Apex 3.7kWh,Performance,3.7,2026,2026-04-18,3888.0
V00659,CU00422,Ather 450X,450X 2.9kWh,Performance,2.9,2026,2026-06-16,4639.0
V00660,CU00423,Ather Rizta,Rizta S 2.9kWh,Family,2.9,2025,2025-07-23,11114.0
V00661,CU00424,Ather Rizta,Rizta S 2.9kWh,Family,2.9,2026,2026-09-04,495.0
V00662,CU00425,Ather Rizta,Rizta Z 2.9kWh,Family,2.9,2025,2025-11-03,7885.0
V00663,CU00426,Ather Rizta,Rizta S 2.9kWh,Family,2.9,2025,2025-07-15,13877.0
V00664,CU00427,Ather 450X,450X 2.9kWh,Performance,2.9,2021,2021-04-14,25470.0
V00665,CU00428,Ather Rizta,Rizta S 2.9kWh,Family,2.9,2024,2024-07-23,19795.0
V00666,CU00429,Ather Rizta,Rizta Z 2.9kWh,Family,2.9,2025,2025-09-20,13527.0
V00667,CU00430,Ather 450 Apex,450 Apex 3.7kWh,Performance,3.7,2025,2025-12-11,5892.0
V00668,CU00431,Ather Rizta,Rizta Z 2.9kWh,Family,2.9,2024,2024-10-01,16569.0
V00669,CU00432,Ather Rizta,Rizta Z 3.7kWh,Family,3.7,2026,2026-01-27,6701.0
V00670,CU00433,Ather Rizta,Rizta Z 3.7kWh,Family,3.7,2026,2026-06-21,2589.0
V00671,CU00434,Ather 450X,450X 2.9kWh,Performance,2.9,2023,2023-04-27,50065.0
V00672,CU00435,Ather 450 Apex,450 Apex 3.7kWh,Performance,3.7,2026,2026-03-02,5271.0
V00673,CU00436,Ather Rizta,Rizta S 2.9kWh,Family,2.9,2024,2024-07-03,24586.0
V00674,CU00437,Ather 450X,450X 2.9kWh,Performance,2.9,2022,2022-07-04,69664.0
V00675,CU00438,Ather 450X,450X 2.9kWh,Performance,2.9,2025,2025-07-19,10639.0
V00676,CU00439,Ather Rizta,Rizta S 2.9kWh,Family,2.9,2024,2024-09-09,23012.0
V00677,CU00440,Ather Rizta,Rizta Z 2.9kWh,Family,2.9,2026,2026-08-20,547.0
V00678,CU00441,Ather Rizta,Rizta Z 2.9kWh,Family,2.9,2026,2026-08-16,1672.0
V00679,CU00442,Ather Rizta,Rizta Z 2.9kWh,Family,2.9,2026,2026-03-14,4920.0
V00680,CU00443,Ather 450X,450X 2.9kWh,Performance,2.9,2022,2022-05-30,38893.0
V00681,CU00444,Ather 450X,450X 2.9kWh,Performance,2.9,2026,2026-06-07,3185.0
V00682,CU00445,Ather Rizta,Rizta Z 2.9kWh,Family,2.9,2026,2026-03-22,6153.0
V00683,CU00446,Ather 450X,450X 2.9kWh,Performance,2.9,2023,2023-04-16,39586.0
V00684,CU00447,Ather Rizta,Rizta Z 2.9kWh,Family,2.9,2025,2025-11-09,8116.0
V00685,CU00448,Ather Rizta,Rizta Z 3.7kWh,Family,3.7,2025,2025-04-27,18797.0
V00686,CU00449,Ather Rizta,Rizta Z 3.7kWh,Family,3.7,2025,2025-02-05,9986.0
V00687,CU00450,Ather 450X,450X 3.7kWh,Performance,3.7,2021,2021-03-27,35470.0
V00688,CU00451,Ather Rizta,Rizta S 2.9kWh,Family,2.9,2025,2025-02-28,12943.0
V00689,CU00452,Ather 450X,450X 3.7kWh,Performance,3.7,2024,2024-11-01,12514.0
V00690,CU00453,Ather 450X,450X 3.7kWh,Performance,3.7,2022,2022-05-14,64580.0
V00691,CU00454,Ather 450X,450X 2.9kWh,Performance,2.9,2024,2024-09-01,29361.0
V00692,CU00455,Ather 450X,450X 3.7kWh,Performance,3.7,2026,2026-06-22,3298.0
V00693,CU00456,Ather Rizta,Rizta Z 2.9kWh,Family,2.9,2024,2024-09-23,25894.0
V00694,CU00457,Ather Rizta,Rizta S 2.9kWh,Family,2.9,2026,2026-04-12,3867.0
V00695,CU00458,Ather Rizta,Rizta S 2.9kWh,Family,2.9,2025,2025-12-21,9905.0
V00696,CU00458,Ather 450X,450X 3.7kWh,Performance,3.7,2023,2023-12-28,26037.0
V00697,CU00459,Ather Rizta,Rizta S 2.9kWh,Family,2.9,2026,2026-04-08,3997.0
V00698,CU00460,Ather 450X,450X 3.7kWh,Performance,3.7,2020,2020-10-16,53438.0
V00699,CU00461,Ather 450X,450X 3.7kWh,Performance,3.7,2023,2023-08-22,25716.0
V00700,CU00462,Ather 450X,450X 3.7kWh,Performance,3.7,2021,2021-06-28,33771.0
V00701,CU00463,Ather 450 Apex,450 Apex 3.7kWh,Performance,3.7,2025,2025-03-04,18353.0
V00702,CU00464,Ather 450 Apex,450 Apex 3.7kWh,Performance,3.7,2025,2025-10-28,10778.0
V00703,CU00465,Ather 450 Apex,450 Apex 3.7kWh,Performance,3.7,2026,2026-07-22,1886.0
V00704,CU00466,Ather 450X,450X 2.9kWh,Performance,2.9,2021,2021-08-22,40377.0
V00705,CU00467,Ather Rizta,Rizta S 2.9kWh,Family,2.9,2025,2025-07-21,9219.0
V00706,CU00468,Ather 450X,450X 3.7kWh,Performance,3.7,2021,2021-08-12,47093.0
V00707,CU00469,Ather 450X,450X 3.7kWh,Performance,3.7,2025,2025-07-25,9627.0
V00708,CU00470,Ather 450X,450X 3.7kWh,Performance,3.7,2021,2021-09-07,51195.0
V00709,CU00471,Ather 450X,450X 3.7kWh,Performance,3.7,2024,2024-10-22,13533.0
V00710,CU00472,Ather 450X,450X 3.7kWh,Performance,3.7,2021,2021-02-22,50293.0
V00711,CU00472,Ather Rizta,Rizta S 2.9kWh,Family,2.9,2025,2025-08-25,12513.0
V00712,CU00473,Ather 450X,450X 2.9kWh,Performance,2.9,2024,2024-10-20,24587.0
V00713,CU00474,Ather Rizta,Rizta Z 3.7kWh,Family,3.7,2025,2025-07-28,7396.0
V00714,CU00475,Ather Rizta,Rizta Z 3.7kWh,Family,3.7,2025,2025-01-25,8994.0
V00715,CU00476,Ather 450X,450X 2.9kWh,Performance,2.9,2025,2025-06-03,14448.0
V00716,CU00477,Ather Rizta,Rizta Z 3.7kWh,Family,3.7,2025,2025-01-29,13689.0
V00717,CU00478,Ather Rizta,Rizta S 2.9kWh,Family,2.9,2025,2025-07-04,6121.0
V00718,CU00479,Ather Rizta,Rizta S 2.9kWh,Family,2.9,2026,2026-07-29,1283.0
V00719,CU00480,Ather 450X,450X 3.7kWh,Performance,3.7,2025,2025-01-22,13516.0
V00720,CU00481,Ather 450X,450X 3.7kWh,Performance,3.7,2022,2022-04-22,39234.0
V00721,CU00481,Ather Rizta,Rizta Z 3.7kWh,Family,3.7,2024,2024-07-27,29634.0
V00722,CU00482,Ather 450X,450X 3.7kWh,Performance,3.7,2023,2023-09-20,28310.0
V00723,CU00483,Ather 450X,450X 3.7kWh,Performance,3.7,2020,2020-09-17,63806.0
V00724,CU00484,Ather 450X,450X 2.9kWh,Performance,2.9,2026,2026-05-10,4440.0
V00725,CU00485,Ather 450 Apex,450 Apex 3.7kWh,Performance,3.7,2025,2025-09-29,7854.0
V00726,CU00486,Ather Rizta,Rizta S 2.9kWh,Family,2.9,2025,2025-08-03,33566.0
V00727,CU00486,Ather Rizta,Rizta S 2.9kWh,Family,2.9,2026,2026-01-19,15136.0
V00728,CU00486,Ather 450X,450X 2.9kWh,Performance,2.9,2020,2020-03-18,205595.0
V00729,CU00486,Ather 450X,450X 3.7kWh,Performance,3.7,2021,2021-09-30,151590.0
V00730,CU00486,Ather Rizta,Rizta S 2.9kWh,Family,2.9,2026,2026-08-29,2298.0
V00731,CU00486,Ather 450X,450X 3.7kWh,Performance,3.7,2022,2022-02-09,115263.0
V00732,CU00486,Ather Rizta,Rizta Z 2.9kWh,Family,2.9,2024,2024-12-14,49143.0
V00733,CU00486,Ather Rizta,Rizta Z 3.7kWh,Family,3.7,2025,2025-02-05,63950.0
V00734,CU00486,Ather 450X,450X 3.7kWh,Performance,3.7,2021,2021-08-23,147518.0
V00735,CU00487,Ather Rizta,Rizta Z 3.7kWh,Family,3.7,2026,2026-01-01,6005.0
V00736,CU00488,Ather 450X,450X 2.9kWh,Performance,2.9,2025,2025-12-27,12324.0
V00737,CU00488,Ather Rizta,Rizta Z 2.9kWh,Family,2.9,2024,2024-12-06,86456.0
V00738,CU00488,Ather 450X,450X 3.7kWh,Performance,3.7,2021,2021-02-24,178162.0
V00739,CU00488,Ather Rizta,Rizta Z 3.7kWh,Family,3.7,2025,2025-11-02,19703.0
V00740,CU00488,Ather Rizta,Rizta Z 2.9kWh,Family,2.9,2025,2025-07-31,38745.0
V00741,CU00488,Ather 450X,450X 2.9kWh,Performance,2.9,2022,2022-07-30,113877.0
V00742,CU00488,Ather Rizta,Rizta Z 3.7kWh,Family,3.7,2024,2024-10-04,43166.0
V00743,CU00488,Ather Rizta,Rizta S 2.9kWh,Family,2.9,2024,2024-11-02,50321.0
V00744,CU00488,Ather Rizta,Rizta Z 3.7kWh,Family,3.7,2026,2026-05-12,8524.0
V00745,CU00488,Ather 450X,450X 2.9kWh,Performance,2.9,2023,2023-02-10,95406.0
V00746,CU00488,Ather Rizta,Rizta Z 3.7kWh,Family,3.7,2025,2025-09-23,33717.0
V00747,CU00488,Ather 450X,450X 3.7kWh,Performance,3.7,2025,2025-06-08,51145.0
V00748,CU00488,Ather 450X,450X 2.9kWh,Performance,2.9,2020,2020-11-11,190859.0
V00749,CU00488,Ather 450X,450X 2.9kWh,Performance,2.9,2025,2025-05-05,48838.0
V00750,CU00488,Ather Rizta,Rizta Z 2.9kWh,Family,2.9,2025,2025-01-19,63052.0
V00751,CU00488,Ather 450X,450X 3.7kWh,Performance,3.7,2025,2025-09-04,37497.0
V00752,CU00488,Ather Rizta,Rizta Z 2.9kWh,Family,2.9,2026,2026-08-23,3000.0
V00753,CU00489,Ather 450X,450X 3.7kWh,Performance,3.7,2020,2020-07-28,59916.0
V00754,CU00490,Ather 450X,450X 3.7kWh,Performance,3.7,2024,2024-02-15,24140.0
V00755,CU00491,Ather Rizta,Rizta Z 2.9kWh,Family,2.9,2025,2025-05-14,12464.0
V00756,CU00492,Ather 450X,450X 2.9kWh,Performance,2.9,2020,2020-12-01,55646.0
V00757,CU00493,Ather Rizta,Rizta Z 2.9kWh,Family,2.9,2024,2024-07-09,28962.0
V00758,CU00494,Ather Rizta,Rizta S 2.9kWh,Family,2.9,2026,2026-08-21,965.0
V00759,CU00495,Ather Rizta,Rizta Z 3.7kWh,Family,3.7,2025,2025-04-11,18269.0
V00760,CU00495,Ather Rizta,Rizta Z 3.7kWh,Family,3.7,2025,2025-05-07,18047.0
V00761,CU00495,Ather 450X,450X 2.9kWh,Performance,2.9,2021,2021-09-15,78039.0
V00762,CU00495,Ather 450X,450X 3.7kWh,Performance,3.7,2022,2022-08-27,51948.0
V00763,CU00495,Ather Rizta,Rizta Z 2.9kWh,Family,2.9,2025,2025-07-01,17323.0
V00764,CU00495,Ather 450X,450X 3.7kWh,Performance,3.7,2020,2020-12-09,84506.0
V00765,CU00496,Ather 450X,450X 2.9kWh,Performance,2.9,2024,2024-04-17,96130.0
V00766,CU00496,Ather 450X,450X 2.9kWh,Performance,2.9,2021,2021-01-19,158403.0
V00767,CU00496,Ather 450X,450X 3.7kWh,Performance,3.7,2024,2024-11-02,63234.0
V00768,CU00496,Ather Rizta,Rizta Z 3.7kWh,Family,3.7,2025,2025-05-06,54537.0
V00769,CU00496,Ather Rizta,Rizta Z 3.7kWh,Family,3.7,2025,2025-04-19,39397.0
V00770,CU00496,Ather Rizta,Rizta Z 2.9kWh,Family,2.9,2025,2025-08-27,36227.0
V00771,CU00496,Ather 450X,450X 3.7kWh,Performance,3.7,2021,2021-11-21,170141.0
V00772,CU00496,Ather Rizta,Rizta Z 3.7kWh,Family,3.7,2025,2025-10-09,28174.0
V00773,CU00496,Ather Rizta,Rizta Z 2.9kWh,Family,2.9,2025,2025-05-17,29549.0
V00774,CU00496,Ather Rizta,Rizta Z 2.9kWh,Family,2.9,2026,2026-08-16,3574.0
V00775,CU00496,Ather 450X,450X 3.7kWh,Performance,3.7,2022,2022-09-21,79110.0
V00776,CU00496,Ather 450X,450X 2.9kWh,Performance,2.9,2024,2024-01-07,114232.0
V00777,CU00496,Ather 450X,450X 2.9kWh,Performance,2.9,2026,2026-05-26,9878.0
V00778,CU00496,Ather Rizta,Rizta Z 3.7kWh,Family,3.7,2026,2026-08-17,3210.0
V00779,CU00496,Ather Rizta,Rizta Z 2.9kWh,Family,2.9,2024,2024-07-31,55589.0
V00780,CU00496,Ather Rizta,Rizta Z 2.9kWh,Family,2.9,2026,2026-04-09,17237.0
V00781,CU00496,Ather Rizta,Rizta Z 3.7kWh,Family,3.7,2026,2026-06-28,7119.0
V00782,CU00496,Ather Rizta,Rizta S 2.9kWh,Family,2.9,2024,2024-06-03,59976.0
V00783,CU00496,Ather Rizta,Rizta S 2.9kWh,Family,2.9,2026,2026-08-16,3334.0
V00784,CU00497,Ather 450 Apex,450 Apex 3.7kWh,Performance,3.7,2025,2025-07-15,11082.0
V00785,CU00497,Ather 450X,450X 2.9kWh,Performance,2.9,2021,2021-09-02,70250.0
V00786,CU00497,Ather Rizta,Rizta Z 3.7kWh,Family,3.7,2026,2026-07-16,2999.0
V00787,CU00497,Ather Rizta,Rizta S 2.9kWh,Family,2.9,2025,2025-03-30,14206.0
V00788,CU00498,Ather 450X,450X 3.7kWh,Performance,3.7,2021,2021-03-05,64238.0
V00789,CU00499,Ather Rizta,Rizta Z 3.7kWh,Family,3.7,2026,2026-08-01,979.0
V00790,CU00500,Ather 450 Apex,450 Apex 3.7kWh,Performance,3.7,2026,2026-09-04,923.0
V00791,CU00501,Ather Rizta,Rizta Z 3.7kWh,Family,3.7,2025,2025-02-13,12978.0
V00792,CU00502,Ather 450X,450X 3.7kWh,Performance,3.7,2022,2022-07-12,24720.0
V00793,CU00503,Ather 450X,450X 3.7kWh,Performance,3.7,2024,2024-01-14,31374.0
V00794,CU00504,Ather Rizta,Rizta S 2.9kWh,Family,2.9,2026,2026-01-17,3030.0
V00795,CU00505,Ather 450X,450X 3.7kWh,Performance,3.7,2022,2022-05-28,179718.0
V00796,CU00505,Ather Rizta,Rizta S 2.9kWh,Family,2.9,2025,2025-06-18,31438.0
V00797,CU00505,Ather Rizta,Rizta S 2.9kWh,Family,2.9,2025,2025-06-18,40055.0
V00798,CU00505,Ather Rizta,Rizta S 2.9kWh,Family,2.9,2026,2026-03-15,11733.0
V00799,CU00505,Ather Rizta,Rizta Z 2.9kWh,Family,2.9,2026,2026-04-18,8498.0
V00800,CU00505,Ather 450X,450X 3.7kWh,Performance,3.7,2023,2023-04-11,76052.0
V00801,CU00505,Ather Rizta,Rizta S 2.9kWh,Family,2.9,2025,2025-09-16,30553.0
V00802,CU00505,Ather Rizta,Rizta S 2.9kWh,Family,2.9,2024,2024-06-08,45328.0
V00803,CU00505,Ather 450X,450X 2.9kWh,Performance,2.9,2024,2024-10-19,36662.0
V00804,CU00505,Ather 450X,450X 2.9kWh,Performance,2.9,2024,2024-08-10,64615.0
V00805,CU00505,Ather Rizta,Rizta Z 3.7kWh,Family,3.7,2024,2024-10-12,73139.0
V00806,CU00505,Ather 450X,450X 2.9kWh,Performance,2.9,2026,2026-08-02,4929.0
V00807,CU00505,Ather 450X,450X 3.7kWh,Performance,3.7,2023,2023-09-11,79975.0
V00808,CU00505,Ather 450X,450X 3.7kWh,Performance,3.7,2024,2024-12-17,65659.0
V00809,CU00505,Ather Rizta,Rizta S 2.9kWh,Family,2.9,2025,2025-12-24,23780.0
V00810,CU00505,Ather Rizta,Rizta S 2.9kWh,Family,2.9,2025,2025-01-01,30255.0
V00811,CU00505,Ather 450X,450X 3.7kWh,Performance,3.7,2023,2023-06-28,108603.0
V00812,CU00505,Ather Rizta,Rizta Z 2.9kWh,Family,2.9,2026,2026-08-31,2621.0
V00813,CU00505,Ather Rizta,Rizta Z 2.9kWh,Family,2.9,2026,2026-05-22,11869.0
V00814,CU00505,Ather Rizta,Rizta Z 3.7kWh,Family,3.7,2024,2024-07-28,76036.0
V00815,CU00506,Ather Rizta,Rizta Z 3.7kWh,Family,3.7,2025,2025-04-26,16611.0
V00816,CU00506,Ather Rizta,Rizta Z 3.7kWh,Family,3.7,2025,2025-05-25,14128.0
V00817,CU00507,Ather Rizta,Rizta Z 3.7kWh,Family,3.7,2026,2026-04-09,5207.0
V00818,CU00508,Ather Rizta,Rizta Z 3.7kWh,Family,3.7,2026,2026-01-14,4178.0
V00819,CU00509,Ather 450 Apex,450 Apex 3.7kWh,Performance,3.7,2024,2024-04-30,19631.0
V00820,CU00510,Ather 450X,450X 2.9kWh,Performance,2.9,2025,2025-11-26,8915.0
V00821,CU00511,Ather Rizta,Rizta S 2.9kWh,Family,2.9,2026,2026-08-17,1277.0
V00822,CU00512,Ather 450X,450X 3.7kWh,Performance,3.7,2024,2024-07-03,14120.0
V00823,CU00513,Ather 450X,450X 3.7kWh,Performance,3.7,2022,2022-07-22,58997.0
V00824,CU00514,Ather 450 Apex,450 Apex 3.7kWh,Performance,3.7,2025,2025-12-30,7265.0
V00825,CU00515,Ather 450X,450X 2.9kWh,Performance,2.9,2021,2021-05-20,43082.0
V00826,CU00516,Ather 450 Apex,450 Apex 3.7kWh,Performance,3.7,2024,2024-05-08,27851.0
V00827,CU00517,Ather 450X,450X 3.7kWh,Performance,3.7,2023,2023-12-02,27146.0
V00828,CU00518,Ather Rizta,Rizta Z 3.7kWh,Family,3.7,2025,2025-05-23,9837.0
V00829,CU00519,Ather Rizta,Rizta Z 2.9kWh,Family,2.9,2025,2025-10-30,10863.0
V00830,CU00520,Ather 450X,450X 3.7kWh,Performance,3.7,2023,2023-05-10,29701.0
V00831,CU00521,Ather Rizta,Rizta S 2.9kWh,Family,2.9,2025,2025-11-07,7354.0
V00832,CU00522,Ather 450X,450X 2.9kWh,Performance,2.9,2021,2021-10-07,34035.0
V00833,CU00522,Ather 450X,450X 2.9kWh,Performance,2.9,2024,2024-07-29,17620.0
V00834,CU00523,Ather 450 Apex,450 Apex 3.7kWh,Performance,3.7,2026,2026-03-26,7733.0
V00835,CU00524,Ather 450X,450X 2.9kWh,Performance,2.9,2021,2021-06-17,44846.0
V00836,CU00525,Ather 450 Apex,450 Apex 3.7kWh,Performance,3.7,2024,2024-11-24,16487.0
V00837,CU00526,Ather Rizta,Rizta S 2.9kWh,Family,2.9,2024,2024-06-25,18961.0
V00838,CU00527,Ather Rizta,Rizta S 2.9kWh,Family,2.9,2025,2025-08-22,11003.0
V00839,CU00528,Ather Rizta,Rizta Z 3.7kWh,Family,3.7,2026,2026-05-18,4294.0
V00840,CU00529,Ather 450 Apex,450 Apex 3.7kWh,Performance,3.7,2025,2025-11-28,12181.0
V00841,CU00530,Ather 450X,450X 3.7kWh,Performance,3.7,2025,2025-04-21,13895.0
V00842,CU00531,Ather Rizta,Rizta Z 2.9kWh,Family,2.9,2026,2026-04-29,4065.0
V00843,CU00531,Ather Rizta,Rizta Z 3.7kWh,Family,3.7,2025,2025-09-29,8071.0
V00844,CU00532,Ather 450X,450X 2.9kWh,Performance,2.9,2024,2024-10-04,22366.0
V00845,CU00533,Ather 450X,450X 2.9kWh,Performance,2.9,2022,2022-04-05,41817.0
V00846,CU00534,Ather 450X,450X 2.9kWh,Performance,2.9,2020,2020-02-18,73805.0
V00847,CU00534,Ather 450X,450X 2.9kWh,Performance,2.9,2025,2025-10-07,10868.0
V00848,CU00535,Ather 450X,450X 2.9kWh,Performance,2.9,2026,2026-02-14,2909.0
V00849,CU00536,Ather Rizta,Rizta Z 3.7kWh,Family,3.7,2026,2026-08-29,780.0
V00850,CU00537,Ather Rizta,Rizta Z 3.7kWh,Family,3.7,2026,2026-02-26,6360.0
V00851,CU00538,Ather Rizta,Rizta S 2.9kWh,Family,2.9,2026,2026-02-26,7247.0
V00852,CU00539,Ather 450X,450X 3.7kWh,Performance,3.7,2023,2023-08-29,94526.0
V00853,CU00539,Ather 450X,450X 3.7kWh,Performance,3.7,2026,2026-05-21,6876.0
V00854,CU00539,Ather 450X,450X 3.7kWh,Performance,3.7,2024,2024-10-29,60507.0
V00855,CU00539,Ather Rizta,Rizta Z 3.7kWh,Family,3.7,2025,2025-01-01,46370.0
V00856,CU00539,Ather Rizta,Rizta Z 3.7kWh,Family,3.7,2024,2024-10-22,48601.0
V00857,CU00539,Ather Rizta,Rizta S 2.9kWh,Family,2.9,2025,2025-07-11,43395.0
V00858,CU00539,Ather Rizta,Rizta S 2.9kWh,Family,2.9,2026,2026-07-23,6715.0
V00859,CU00539,Ather Rizta,Rizta Z 3.7kWh,Family,3.7,2026,2026-08-20,2479.0
V00860,CU00539,Ather 450X,450X 3.7kWh,Performance,3.7,2023,2023-08-02,47240.0
V00861,CU00539,Ather 450X,450X 2.9kWh,Performance,2.9,2021,2021-10-10,119093.0
V00862,CU00539,Ather 450X,450X 3.7kWh,Performance,3.7,2021,2021-04-26,192922.0
V00863,CU00539,Ather Rizta,Rizta S 2.9kWh,Family,2.9,2025,2025-07-21,37842.0
V00864,CU00539,Ather 450X,450X 2.9kWh,Performance,2.9,2022,2022-02-10,153560.0
V00865,CU00539,Ather 450X,450X 2.9kWh,Performance,2.9,2025,2025-11-13,28297.0
V00866,CU00539,Ather 450X,450X 2.9kWh,Performance,2.9,2024,2024-03-28,66642.0
V00867,CU00540,Ather Rizta,Rizta Z 2.9kWh,Family,2.9,2024,2024-09-05,23250.0
V00868,CU00541,Ather 450 Apex,450 Apex 3.7kWh,Performance,3.7,2024,2024-12-07,14387.0
V00869,CU00542,Ather 450X,450X 2.9kWh,Performance,2.9,2022,2022-08-11,46069.0
V00870,CU00543,Ather Rizta,Rizta S 2.9kWh,Family,2.9,2026,2026-08-24,1205.0
V00871,CU00544,Ather 450X,450X 3.7kWh,Performance,3.7,2021,2021-08-11,154078.0
V00872,CU00544,Ather 450X,450X 2.9kWh,Performance,2.9,2026,2026-06-25,9375.0
V00873,CU00544,Ather Rizta,Rizta Z 2.9kWh,Family,2.9,2024,2024-11-22,52122.0
V00874,CU00544,Ather Rizta,Rizta S 2.9kWh,Family,2.9,2025,2025-02-12,41978.0
V00875,CU00544,Ather 450X,450X 3.7kWh,Performance,3.7,2025,2025-05-13,47198.0
V00876,CU00544,Ather Rizta,Rizta Z 3.7kWh,Family,3.7,2025,2025-01-26,30376.0
V00877,CU00544,Ather Rizta,Rizta Z 2.9kWh,Family,2.9,2025,2025-12-15,28114.0
V00878,CU00544,Ather 450X,450X 3.7kWh,Performance,3.7,2021,2021-03-21,192752.0
V00879,CU00544,Ather 450X,450X 3.7kWh,Performance,3.7,2024,2024-04-05,70349.0
V00880,CU00545,Ather 450X,450X 3.7kWh,Performance,3.7,2020,2020-12-05,49105.0
V00881,CU00546,Ather Rizta,Rizta Z 2.9kWh,Family,2.9,2025,2025-02-04,12746.0
V00882,CU00547,Ather 450X,450X 3.7kWh,Performance,3.7,2025,2025-02-24,9923.0
V00883,CU00548,Ather 450X,450X 2.9kWh,Performance,2.9,2023,2023-11-15,16132.0
V00884,CU00548,Ather Rizta,Rizta S 2.9kWh,Family,2.9,2024,2024-07-05,14732.0
V00885,CU00549,Ather Rizta,Rizta Z 2.9kWh,Family,2.9,2026,2026-07-04,796.0
V00886,CU00550,Ather 450X,450X 2.9kWh,Performance,2.9,2024,2024-05-21,31330.0
V00887,CU00551,Ather 450X,450X 3.7kWh,Performance,3.7,2021,2021-03-06,60705.0
V00888,CU00552,Ather 450X,450X 3.7kWh,Performance,3.7,2022,2022-12-01,27046.0
V00889,CU00552,Ather 450X,450X 2.9kWh,Performance,2.9,2020,2020-02-03,72766.0
V00890,CU00553,Ather 450X,450X 2.9kWh,Performance,2.9,2021,2021-09-14,32810.0
V00891,CU00554,Ather 450X,450X 3.7kWh,Performance,3.7,2024,2024-08-02,9820.0
V00892,CU00555,Ather 450X,450X 3.7kWh,Performance,3.7,2021,2021-03-09,51954.0
V00893,CU00556,Ather 450X,450X 2.9kWh,Performance,2.9,2024,2024-06-21,23622.0
V00894,CU00557,Ather Rizta,Rizta Z 2.9kWh,Family,2.9,2025,2025-05-29,11499.0
V00895,CU00558,Ather Rizta,Rizta Z 3.7kWh,Family,3.7,2025,2025-10-08,7036.0
V00896,CU00559,Ather 450X,450X 3.7kWh,Performance,3.7,2023,2023-12-25,29031.0
V00897,CU00560,Ather Rizta,Rizta Z 2.9kWh,Family,2.9,2026,2026-08-15,862.0
V00898,CU00561,Ather 450X,450X 3.7kWh,Performance,3.7,2021,2021-07-26,46670.0
V00899,CU00562,Ather Rizta,Rizta Z 2.9kWh,Family,2.9,2025,2025-10-31,11621.0
V00900,CU00563,Ather 450X,450X 3.7kWh,Performance,3.7,2021,2021-05-23,56270.0
V00901,CU00564,Ather 450 Apex,450 Apex 3.7kWh,Performance,3.7,2025,2025-03-17,14664.0
V00902,CU00565,Ather Rizta,Rizta Z 3.7kWh,Family,3.7,2025,2025-12-14,5943.0
V00903,CU00566,Ather 450X,450X 3.7kWh,Performance,3.7,2023,2023-02-11,39317.0
V00904,CU00567,Ather Rizta,Rizta Z 3.7kWh,Family,3.7,2024,2024-12-22,10551.0
V00905,CU00567,Ather Rizta,Rizta Z 3.7kWh,Family,3.7,2024,2024-11-19,25535.0
V00906,CU00568,Ather Rizta,Rizta S 2.9kWh,Family,2.9,2025,2025-09-12,7966.0
V00907,CU00569,Ather 450X,450X 2.9kWh,Performance,2.9,2025,2025-09-21,6849.0
V00908,CU00570,Ather 450X,450X 3.7kWh,Performance,3.7,2024,2024-02-16,70491.0
V00909,CU00570,Ather Rizta,Rizta Z 3.7kWh,Family,3.7,2024,2024-12-09,33345.0
V00910,CU00570,Ather Rizta,Rizta Z 2.9kWh,Family,2.9,2025,2025-12-16,26115.0
V00911,CU00570,Ather 450X,450X 3.7kWh,Performance,3.7,2020,2020-06-09,124380.0
V00912,CU00570,Ather 450X,450X 2.9kWh,Performance,2.9,2024,2024-04-08,72037.0
V00913,CU00570,Ather 450X,450X 3.7kWh,Performance,3.7,2023,2023-09-26,84078.0
V00914,CU00570,Ather Rizta,Rizta S 2.9kWh,Family,2.9,2025,2025-01-18,47563.0
V00915,CU00570,Ather 450X,450X 2.9kWh,Performance,2.9,2024,2024-09-09,68984.0
V00916,CU00570,Ather Rizta,Rizta Z 2.9kWh,Family,2.9,2025,2025-11-01,20234.0
V00917,CU00570,Ather Rizta,Rizta Z 2.9kWh,Family,2.9,2025,2025-05-24,38910.0
V00918,CU00570,Ather 450X,450X 3.7kWh,Performance,3.7,2022,2022-10-13,79107.0
V00919,CU00570,Ather Rizta,Rizta S 2.9kWh,Family,2.9,2026,2026-07-15,6622.0
V00920,CU00570,Ather 450X,450X 2.9kWh,Performance,2.9,2026,2026-07-30,4073.0
V00921,CU00570,Ather 450X,450X 2.9kWh,Performance,2.9,2024,2024-06-22,53706.0
V00922,CU00570,Ather Rizta,Rizta S 2.9kWh,Family,2.9,2024,2024-08-08,41985.0
V00923,CU00571,Ather Rizta,Rizta S 2.9kWh,Family,2.9,2024,2024-10-18,21137.0
V00924,CU00572,Ather Rizta,Rizta Z 3.7kWh,Family,3.7,2024,2024-09-23,16716.0
V00925,CU00573,Ather 450X,450X 3.7kWh,Performance,3.7,2021,2021-05-16,56181.0
V00926,CU00574,Ather Rizta,Rizta Z 2.9kWh,Family,2.9,2024,2024-12-13,15181.0
V00927,CU00575,Ather Rizta,Rizta Z 3.7kWh,Family,3.7,2024,2024-12-08,24732.0
V00928,CU00576,Ather 450X,450X 2.9kWh,Performance,2.9,2025,2025-02-27,29139.0
V00929,CU00576,Ather 450X,450X 3.7kWh,Performance,3.7,2020,2020-12-01,72334.0
V00930,CU00576,Ather 450X,450X 3.7kWh,Performance,3.7,2026,2026-05-21,3302.0
V00931,CU00576,Ather Rizta,Rizta S 2.9kWh,Family,2.9,2024,2024-06-04,30877.0
V00932,CU00576,Ather 450 Apex,450 Apex 3.7kWh,Performance,3.7,2024,2024-06-20,12480.0
V00933,CU00577,Ather 450X,450X 2.9kWh,Performance,2.9,2023,2023-11-27,30926.0
V00934,CU00578,Ather Rizta,Rizta Z 3.7kWh,Family,3.7,2024,2024-12-25,22385.0
V00935,CU00579,Ather Rizta,Rizta S 2.9kWh,Family,2.9,2026,2026-01-13,4849.0
V00936,CU00580,Ather 450X,450X 3.7kWh,Performance,3.7,2023,2023-09-03,28891.0
V00937,CU00581,Ather 450X,450X 3.7kWh,Performance,3.7,2025,2025-06-16,11607.0
V00938,CU00582,Ather Rizta,Rizta Z 3.7kWh,Family,3.7,2024,2024-10-01,18793.0
V00939,CU00583,Ather Rizta,Rizta Z 2.9kWh,Family,2.9,2026,2026-02-11,4902.0
V00940,CU00584,Ather 450X,450X 2.9kWh,Performance,2.9,2026,2026-07-13,3026.0
V00941,CU00585,Ather 450X,450X 3.7kWh,Performance,3.7,2023,2023-11-27,28176.0
V00942,CU00586,Ather Rizta,Rizta Z 3.7kWh,Family,3.7,2024,2024-12-03,12077.0
V00943,CU00587,Ather 450X,450X 3.7kWh,Performance,3.7,2026,2026-05-08,2653.0
V00944,CU00588,Ather 450X,450X 3.7kWh,Performance,3.7,2025,2025-06-02,14566.0
V00945,CU00589,Ather Rizta,Rizta Z 3.7kWh,Family,3.7,2025,2025-06-17,10817.0
V00946,CU00590,Ather Rizta,Rizta S 2.9kWh,Family,2.9,2025,2025-06-27,12682.0
V00947,CU00591,Ather 450X,450X 3.7kWh,Performance,3.7,2026,2026-01-16,7862.0
V00948,CU00591,Ather Rizta,Rizta Z 3.7kWh,Family,3.7,2025,2025-12-19,10931.0
V00949,CU00591,Ather 450X,450X 2.9kWh,Performance,2.9,2025,2025-06-29,19508.0
V00950,CU00591,Ather Rizta,Rizta Z 2.9kWh,Family,2.9,2025,2025-02-20,26485.0
V00951,CU00591,Ather Rizta,Rizta Z 3.7kWh,Family,3.7,2026,2026-05-10,6636.0
V00952,CU00592,Ather Rizta,Rizta Z 2.9kWh,Family,2.9,2025,2025-09-10,10491.0
V00953,CU00593,Ather Rizta,Rizta Z 2.9kWh,Family,2.9,2025,2025-02-19,16582.0
V00954,CU00594,Ather Rizta,Rizta S 2.9kWh,Family,2.9,2025,2025-10-08,7265.0
V00955,CU00595,Ather 450X,450X 2.9kWh,Performance,2.9,2025,2025-09-08,11889.0
V00956,CU00596,Ather Rizta,Rizta S 2.9kWh,Family,2.9,2024,2024-09-24,27547.0
V00957,CU00597,Ather 450X,450X 3.7kWh,Performance,3.7,2025,2025-02-23,12787.0
V00958,CU00598,Ather Rizta,Rizta S 2.9kWh,Family,2.9,2026,2026-01-07,4555.0
V00959,CU00599,Ather 450X,450X 3.7kWh,Performance,3.7,2023,2023-04-25,28088.0
V00960,CU00600,Ather 450 Apex,450 Apex 3.7kWh,Performance,3.7,2024,2024-11-10,24588.0
V00961,CU00601,Ather 450X,450X 2.9kWh,Performance,2.9,2023,2023-03-15,26553.0
V00962,CU00601,Ather Rizta,Rizta Z 2.9kWh,Family,2.9,2024,2024-08-22,18056.0
V00963,CU00602,Ather 450X,450X 3.7kWh,Performance,3.7,2024,2024-08-17,17532.0
V00964,CU00603,Ather 450X,450X 2.9kWh,Performance,2.9,2024,2024-06-14,26419.0
V00965,CU00604,Ather Rizta,Rizta S 2.9kWh,Family,2.9,2024,2024-07-26,58321.0
V00966,CU00604,Ather Rizta,Rizta Z 2.9kWh,Family,2.9,2024,2024-06-08,93702.0
V00967,CU00604,Ather 450X,450X 3.7kWh,Performance,3.7,2020,2020-03-08,228460.0
V00968,CU00604,Ather 450X,450X 2.9kWh,Performance,2.9,2024,2024-10-08,76776.0
V00969,CU00604,Ather Rizta,Rizta Z 3.7kWh,Family,3.7,2024,2024-10-01,84692.0
V00970,CU00604,Ather Rizta,Rizta Z 2.9kWh,Family,2.9,2025,2025-02-13,55468.0
V00971,CU00604,Ather Rizta,Rizta Z 2.9kWh,Family,2.9,2026,2026-01-16,19393.0
V00972,CU00605,Ather 450X,450X 3.7kWh,Performance,3.7,2025,2025-05-05,27201.0
V00973,CU00605,Ather Rizta,Rizta Z 3.7kWh,Family,3.7,2026,2026-05-31,4359.0
V00974,CU00605,Ather 450X,450X 3.7kWh,Performance,3.7,2023,2023-08-23,39121.0
V00975,CU00605,Ather 450 Apex,450 Apex 3.7kWh,Performance,3.7,2025,2025-02-13,20118.0
V00976,CU00605,Ather 450X,450X 2.9kWh,Performance,2.9,2023,2023-06-18,48116.0
V00977,CU00606,Ather Rizta,Rizta Z 3.7kWh,Family,3.7,2024,2024-06-06,20110.0
V00978,CU00607,Ather Rizta,Rizta Z 3.7kWh,Family,3.7,2025,2025-08-25,11560.0
V00979,CU00608,Ather 450X,450X 3.7kWh,Performance,3.7,2025,2025-04-03,16291.0
V00980,CU00609,Ather 450X,450X 3.7kWh,Performance,3.7,2024,2024-01-13,27874.0
V00981,CU00609,Ather 450 Apex,450 Apex 3.7kWh,Performance,3.7,2025,2025-04-06,12257.0
V00982,CU00610,Ather 450X,450X 3.7kWh,Performance,3.7,2020,2020-11-20,50360.0
V00983,CU00611,Ather 450X,450X 2.9kWh,Performance,2.9,2026,2026-07-03,2391.0
V00984,CU00612,Ather 450X,450X 3.7kWh,Performance,3.7,2021,2021-04-18,26641.0
V00985,CU00613,Ather Rizta,Rizta Z 3.7kWh,Family,3.7,2026,2026-05-23,3925.0
V00986,CU00614,Ather 450X,450X 2.9kWh,Performance,2.9,2022,2022-02-26,43865.0
V00987,CU00615,Ather Rizta,Rizta Z 3.7kWh,Family,3.7,2026,2026-09-04,1004.0
V00988,CU00616,Ather Rizta,Rizta S 2.9kWh,Family,2.9,2025,2025-05-31,12208.0
V00989,CU00617,Ather Rizta,Rizta S 2.9kWh,Family,2.9,2025,2025-10-03,7961.0
V00990,CU00618,Ather Rizta,Rizta S 2.9kWh,Family,2.9,2024,2024-10-18,19591.0
V00991,CU00619,Ather Rizta,Rizta S 2.9kWh,Family,2.9,2024,2024-10-29,17582.0
V00992,CU00620,Ather 450X,450X 2.9kWh,Performance,2.9,2022,2022-11-15,25603.0
V00993,CU00621,Ather Rizta,Rizta Z 2.9kWh,Family,2.9,2026,2026-06-07,2913.0
V00994,CU00622,Ather 450 Apex,450 Apex 3.7kWh,Performance,3.7,2026,2026-07-18,1862.0
V00995,CU00623,Ather Rizta,Rizta Z 3.7kWh,Family,3.7,2026,2026-03-05,8770.0
V00996,CU00624,Ather 450X,450X 3.7kWh,Performance,3.7,2025,2025-05-19,15808.0
V00997,CU00625,Ather 450X,450X 3.7kWh,Performance,3.7,2024,2024-05-14,18931.0
V00998,CU00626,Ather 450X,450X 3.7kWh,Performance,3.7,2020,2020-02-11,50449.0
V00999,CU00627,Ather Rizta,Rizta S 2.9kWh,Family,2.9,2024,2024-10-21,65682.0
V01000,CU00627,Ather 450X,450X 2.9kWh,Performance,2.9,2026,2026-04-17,14119.0
V01001,CU00627,Ather Rizta,Rizta S 2.9kWh,Family,2.9,2026,2026-02-11,20781.0
V01002,CU00627,Ather 450X,450X 3.7kWh,Performance,3.7,2023,2023-06-10,127256.0
V01003,CU00627,Ather Rizta,Rizta S 2.9kWh,Family,2.9,2025,2025-05-10,34251.0
V01004,CU00627,Ather Rizta,Rizta S 2.9kWh,Family,2.9,2026,2026-07-06,9075.0
V01005,CU00627,Ather 450X,450X 2.9kWh,Performance,2.9,2020,2020-09-16,181624.0
V01006,CU00627,Ather Rizta,Rizta Z 2.9kWh,Family,2.9,2025,2025-12-08,14732.0
V01007,CU00627,Ather Rizta,Rizta S 2.9kWh,Family,2.9,2025,2025-05-20,43769.0
V01008,CU00627,Ather 450X,450X 3.7kWh,Performance,3.7,2025,2025-09-13,21186.0
V01009,CU00627,Ather 450X,450X 3.7kWh,Performance,3.7,2020,2020-04-26,246190.0
V01010,CU00627,Ather Rizta,Rizta S 2.9kWh,Family,2.9,2025,2025-07-10,34226.0
V01011,CU00627,Ather Rizta,Rizta Z 2.9kWh,Family,2.9,2025,2025-05-24,43846.0
V01012,CU00627,Ather Rizta,Rizta Z 2.9kWh,Family,2.9,2026,2026-02-11,18112.0
V01013,CU00627,Ather 450X,450X 2.9kWh,Performance,2.9,2026,2026-03-13,15716.0
V01014,CU00627,Ather Rizta,Rizta Z 2.9kWh,Family,2.9,2025,2025-04-28,25930.0
V01015,CU00627,Ather Rizta,Rizta S 2.9kWh,Family,2.9,2024,2024-08-11,56591.0
V01016,CU00627,Ather 450X,450X 3.7kWh,Performance,3.7,2026,2026-03-17,20353.0
V01017,CU00628,Ather Rizta,Rizta Z 3.7kWh,Family,3.7,2026,2026-07-09,4759.0
V01018,CU00628,Ather 450X,450X 3.7kWh,Performance,3.7,2024,2024-09-17,31659.0
V01019,CU00628,Ather Rizta,Rizta Z 3.7kWh,Family,3.7,2024,2024-10-08,23675.0
V01020,CU00629,Ather 450X,450X 2.9kWh,Performance,2.9,2020,2020-10-27,60228.0
V01021,CU00630,Ather 450X,450X 2.9kWh,Performance,2.9,2024,2024-03-28,35322.0
V01022,CU00631,Ather Rizta,Rizta Z 3.7kWh,Family,3.7,2026,2026-02-16,7884.0
V01023,CU00632,Ather 450 Apex,450 Apex 3.7kWh,Performance,3.7,2026,2026-04-29,2778.0
V01024,CU00632,Ather Rizta,Rizta Z 3.7kWh,Family,3.7,2026,2026-06-05,5688.0
V01025,CU00633,Ather 450X,450X 3.7kWh,Performance,3.7,2023,2023-01-31,43161.0
V01026,CU00634,Ather 450X,450X 3.7kWh,Performance,3.7,2021,2021-10-17,34453.0
V01027,CU00635,Ather 450X,450X 2.9kWh,Performance,2.9,2023,2023-09-29,37141.0
V01028,CU00636,Ather 450X,450X 3.7kWh,Performance,3.7,2024,2024-09-24,12177.0
V01029,CU00637,Ather 450X,450X 3.7kWh,Performance,3.7,2020,2020-04-11,67459.0
V01030,CU00638,Ather 450X,450X 2.9kWh,Performance,2.9,2022,2022-12-17,23075.0
V01031,CU00639,Ather 450 Apex,450 Apex 3.7kWh,Performance,3.7,2025,2025-07-13,12147.0
V01032,CU00640,Ather 450X,450X 3.7kWh,Performance,3.7,2023,2023-04-06,10184.0
V01033,CU00641,Ather Rizta,Rizta S 2.9kWh,Family,2.9,2024,2024-10-15,12993.0
V01034,CU00642,Ather 450X,450X 3.7kWh,Performance,3.7,2022,2022-06-23,53494.0
V01035,CU00642,Ather Rizta,Rizta Z 3.7kWh,Family,3.7,2026,2026-03-28,6000.0
V01036,CU00642,Ather Rizta,Rizta S 2.9kWh,Family,2.9,2025,2025-03-13,24480.0
V01037,CU00643,Ather 450X,450X 2.9kWh,Performance,2.9,2024,2024-03-14,31843.0
V01038,CU00644,Ather Rizta,Rizta Z 3.7kWh,Family,3.7,2024,2024-12-21,14523.0
V01039,CU00645,Ather Rizta,Rizta S 2.9kWh,Family,2.9,2026,2026-02-05,7908.0
V01040,CU00645,Ather 450X,450X 3.7kWh,Performance,3.7,2026,2026-03-21,8160.0
V01041,CU00645,Ather 450X,450X 2.9kWh,Performance,2.9,2026,2026-03-31,5293.0
V01042,CU00645,Ather 450 Apex,450 Apex 3.7kWh,Performance,3.7,2026,2026-05-23,3543.0
V01043,CU00646,Ather 450X,450X 2.9kWh,Performance,2.9,2020,2020-11-19,49758.0
V01044,CU00647,Ather 450X,450X 3.7kWh,Performance,3.7,2025,2025-09-30,8087.0
V01045,CU00648,Ather 450X,450X 3.7kWh,Performance,3.7,2026,2026-01-04,5435.0
V01046,CU00649,Ather 450 Apex,450 Apex 3.7kWh,Performance,3.7,2025,2025-07-13,14444.0
V01047,CU00650,Ather Rizta,Rizta Z 3.7kWh,Family,3.7,2025,2025-06-17,13767.0
V01048,CU00651,Ather Rizta,Rizta Z 2.9kWh,Family,2.9,2025,2025-05-30,14863.0
V01049,CU00652,Ather Rizta,Rizta S 2.9kWh,Family,2.9,2026,2026-08-28,943.0
V01050,CU00653,Ather Rizta,Rizta S 2.9kWh,Family,2.9,2026,2026-01-26,7152.0
V01051,CU00654,Ather Rizta,Rizta S 2.9kWh,Family,2.9,2026,2026-09-09,502.0
V01052,CU00655,Ather 450 Apex,450 Apex 3.7kWh,Performance,3.7,2026,2026-06-04,2648.0
V01053,CU00656,Ather Rizta,Rizta Z 2.9kWh,Family,2.9,2025,2025-10-11,13094.0
V01054,CU00657,Ather Rizta,Rizta Z 2.9kWh,Family,2.9,2025,2025-08-12,10792.0
V01055,CU00658,Ather Rizta,Rizta Z 2.9kWh,Family,2.9,2025,2025-06-01,9368.0
V01056,CU00659,Ather Rizta,Rizta Z 3.7kWh,Family,3.7,2024,2024-10-18,15217.0
V01057,CU00660,Ather Rizta,Rizta Z 2.9kWh,Family,2.9,2025,2025-02-19,15150.0
V01058,CU00661,Ather 450X,450X 3.7kWh,Performance,3.7,2022,2022-03-04,137310.0
V01059,CU00661,Ather Rizta,Rizta S 2.9kWh,Family,2.9,2026,2026-04-12,13172.0
V01060,CU00661,Ather 450X,450X 3.7kWh,Performance,3.7,2026,2026-07-13,5627.0
V01061,CU00661,Ather Rizta,Rizta S 2.9kWh,Family,2.9,2024,2024-12-14,59825.0
V01062,CU00661,Ather 450X,450X 2.9kWh,Performance,2.9,2020,2020-09-28,146983.0
V01063,CU00662,Ather 450X,450X 3.7kWh,Performance,3.7,2024,2024-06-24,14952.0
V01064,CU00663,Ather Rizta,Rizta Z 3.7kWh,Family,3.7,2025,2025-10-31,25685.0
V01065,CU00663,Ather Rizta,Rizta S 2.9kWh,Family,2.9,2026,2026-01-17,20277.0
V01066,CU00663,Ather Rizta,Rizta Z 2.9kWh,Family,2.9,2024,2024-12-01,33776.0
V01067,CU00663,Ather 450X,450X 3.7kWh,Performance,3.7,2021,2021-06-06,151379.0
V01068,CU00663,Ather 450X,450X 3.7kWh,Performance,3.7,2024,2024-05-30,65880.0
V01069,CU00663,Ather Rizta,Rizta S 2.9kWh,Family,2.9,2026,2026-04-23,14913.0
V01070,CU00663,Ather 450X,450X 3.7kWh,Performance,3.7,2022,2022-08-28,69123.0
V01071,CU00663,Ather Rizta,Rizta Z 3.7kWh,Family,3.7,2025,2025-07-04,21054.0
V01072,CU00663,Ather Rizta,Rizta Z 2.9kWh,Family,2.9,2024,2024-10-27,31742.0
V01073,CU00663,Ather 450X,450X 2.9kWh,Performance,2.9,2022,2022-09-18,112210.0
V01074,CU00663,Ather 450X,450X 2.9kWh,Performance,2.9,2024,2024-05-25,59199.0
V01075,CU00663,Ather 450X,450X 3.7kWh,Performance,3.7,2021,2021-01-10,155084.0
V01076,CU00663,Ather Rizta,Rizta S 2.9kWh,Family,2.9,2026,2026-01-11,17835.0
V01077,CU00663,Ather 450X,450X 3.7kWh,Performance,3.7,2025,2025-07-16,41166.0
V01078,CU00663,Ather 450X,450X 3.7kWh,Performance,3.7,2020,2020-11-08,165411.0
V01079,CU00663,Ather 450X,450X 2.9kWh,Performance,2.9,2025,2025-01-12,51304.0
V01080,CU00664,Ather 450 Apex,450 Apex 3.7kWh,Performance,3.7,2026,2026-08-25,548.0
V01081,CU00665,Ather 450X,450X 2.9kWh,Performance,2.9,2024,2024-03-17,29838.0
V01082,CU00665,Ather Rizta,Rizta Z 3.7kWh,Family,3.7,2026,2026-01-25,9083.0
V01083,CU00666,Ather 450X,450X 3.7kWh,Performance,3.7,2020,2020-04-09,73249.0
V01084,CU00667,Ather 450 Apex,450 Apex 3.7kWh,Performance,3.7,2025,2025-06-25,8260.0
V01085,CU00668,Ather Rizta,Rizta Z 2.9kWh,Family,2.9,2024,2024-07-25,15735.0
V01086,CU00669,Ather Rizta,Rizta Z 3.7kWh,Family,3.7,2026,2026-09-06,664.0
V01087,CU00670,Ather 450X,450X 3.7kWh,Performance,3.7,2024,2024-11-13,21059.0
V01088,CU00671,Ather 450X,450X 2.9kWh,Performance,2.9,2025,2025-10-29,37997.0
V01089,CU00671,Ather 450X,450X 3.7kWh,Performance,3.7,2020,2020-07-20,187910.0
V01090,CU00671,Ather 450X,450X 2.9kWh,Performance,2.9,2020,2020-08-09,210848.0
V01091,CU00671,Ather 450X,450X 3.7kWh,Performance,3.7,2026,2026-03-27,11750.0
V01092,CU00671,Ather Rizta,Rizta Z 3.7kWh,Family,3.7,2024,2024-06-03,69593.0
V01093,CU00671,Ather 450X,450X 3.7kWh,Performance,3.7,2026,2026-08-15,2006.0
V01094,CU00671,Ather 450X,450X 2.9kWh,Performance,2.9,2024,2024-04-13,69089.0
V01095,CU00671,Ather 450X,450X 2.9kWh,Performance,2.9,2024,2024-03-04,67492.0
V01096,CU00671,Ather Rizta,Rizta S 2.9kWh,Family,2.9,2025,2025-10-19,25378.0
V01097,CU00671,Ather Rizta,Rizta Z 3.7kWh,Family,3.7,2024,2024-10-14,59837.0
V01098,CU00671,Ather Rizta,Rizta Z 2.9kWh,Family,2.9,2026,2026-03-04,16138.0
V01099,CU00671,Ather 450X,450X 3.7kWh,Performance,3.7,2022,2022-03-27,113223.0
V01100,CU00671,Ather Rizta,Rizta S 2.9kWh,Family,2.9,2025,2025-05-09,33223.0
V01101,CU00671,Ather 450X,450X 2.9kWh,Performance,2.9,2024,2024-08-07,71025.0
V01102,CU00671,Ather Rizta,Rizta S 2.9kWh,Family,2.9,2025,2025-09-02,40432.0
V01103,CU00671,Ather Rizta,Rizta S 2.9kWh,Family,2.9,2024,2024-10-03,54923.0
V01104,CU00671,Ather 450X,450X 2.9kWh,Performance,2.9,2020,2020-07-20,207201.0
V01105,CU00671,Ather Rizta,Rizta S 2.9kWh,Family,2.9,2026,2026-06-02,6349.0
V01106,CU00671,Ather 450X,450X 2.9kWh,Performance,2.9,2024,2024-06-04,57725.0
V01107,CU00672,Ather Rizta,Rizta Z 3.7kWh,Family,3.7,2025,2025-09-16,5324.0
V01108,CU00673,Ather Rizta,Rizta S 2.9kWh,Family,2.9,2026,2026-02-01,7926.0
V01109,CU00674,Ather Rizta,Rizta S 2.9kWh,Family,2.9,2024,2024-11-29,18493.0
V01110,CU00675,Ather 450X,450X 3.7kWh,Performance,3.7,2022,2022-09-10,40475.0
V01111,CU00676,Ather 450X,450X 3.7kWh,Performance,3.7,2020,2020-07-25,50564.0
V01112,CU00677,Ather 450X,450X 3.7kWh,Performance,3.7,2024,2024-08-05,14215.0
V01113,CU00678,Ather 450X,450X 3.7kWh,Performance,3.7,2022,2022-08-06,46937.0
V01114,CU00679,Ather 450 Apex,450 Apex 3.7kWh,Performance,3.7,2026,2026-06-13,2435.0
V01115,CU00680,Ather 450X,450X 3.7kWh,Performance,3.7,2023,2023-08-12,53003.0
V01116,CU00681,Ather Rizta,Rizta Z 3.7kWh,Family,3.7,2025,2025-01-27,20781.0
V01117,CU00682,Ather 450 Apex,450 Apex 3.7kWh,Performance,3.7,2024,2024-03-25,39399.0
V01118,CU00683,Ather Rizta,Rizta Z 2.9kWh,Family,2.9,2024,2024-12-17,16803.0
V01119,CU00684,Ather 450X,450X 3.7kWh,Performance,3.7,2024,2024-01-26,23937.0
V01120,CU00685,Ather Rizta,Rizta Z 3.7kWh,Family,3.7,2025,2025-08-09,13207.0
V01121,CU00686,Ather 450 Apex,450 Apex 3.7kWh,Performance,3.7,2026,2026-08-20,1077.0
V01122,CU00687,Ather 450X,450X 3.7kWh,Performance,3.7,2022,2022-07-15,42290.0
V01123,CU00688,Ather 450X,450X 3.7kWh,Performance,3.7,2024,2024-03-24,28072.0
V01124,CU00689,Ather 450X,450X 2.9kWh,Performance,2.9,2021,2021-03-04,68644.0
V01125,CU00690,Ather Rizta,Rizta S 2.9kWh,Family,2.9,2024,2024-07-13,23985.0
V01126,CU00691,Ather 450 Apex,450 Apex 3.7kWh,Performance,3.7,2024,2024-08-03,16905.0
V01127,CU00692,Ather 450X,450X 2.9kWh,Performance,2.9,2026,2026-09-02,377.0
V01128,CU00693,Ather Rizta,Rizta Z 3.7kWh,Family,3.7,2024,2024-09-23,9471.0
V01129,CU00694,Ather Rizta,Rizta Z 2.9kWh,Family,2.9,2025,2025-04-05,7676.0
V01130,CU00694,Ather Rizta,Rizta S 2.9kWh,Family,2.9,2024,2024-06-29,15216.0
V01131,CU00695,Ather Rizta,Rizta Z 3.7kWh,Family,3.7,2025,2025-08-07,9756.0
V01132,CU00696,Ather 450X,450X 3.7kWh,Performance,3.7,2026,2026-02-18,6700.0
V01133,CU00697,Ather Rizta,Rizta Z 2.9kWh,Family,2.9,2025,2025-01-04,16409.0
V01134,CU00698,Ather 450 Apex,450 Apex 3.7kWh,Performance,3.7,2024,2024-06-03,23347.0
V01135,CU00699,Ather 450X,450X 3.7kWh,Performance,3.7,2025,2025-04-20,9280.0
V01136,CU00700,Ather 450X,450X 2.9kWh,Performance,2.9,2022,2022-04-10,59733.0
V01137,CU00701,Ather 450X,450X 2.9kWh,Performance,2.9,2021,2021-10-09,145791.0
V01138,CU00701,Ather 450X,450X 3.7kWh,Performance,3.7,2021,2021-01-19,164853.0
V01139,CU00701,Ather Rizta,Rizta Z 2.9kWh,Family,2.9,2024,2024-12-22,50630.0
V01140,CU00701,Ather Rizta,Rizta S 2.9kWh,Family,2.9,2024,2024-10-18,48018.0
V01141,CU00701,Ather 450X,450X 3.7kWh,Performance,3.7,2023,2023-06-14,85355.0
V01142,CU00701,Ather 450X,450X 3.7kWh,Performance,3.7,2025,2025-06-03,45326.0
V01143,CU00702,Ather Rizta,Rizta Z 3.7kWh,Family,3.7,2026,2026-05-01,4202.0
V01144,CU00703,Ather Rizta,Rizta S 2.9kWh,Family,2.9,2026,2026-02-18,6268.0
V01145,CU00704,Ather 450X,450X 3.7kWh,Performance,3.7,2022,2022-08-12,12080.0
V01146,CU00704,Ather 450X,450X 3.7kWh,Performance,3.7,2020,2020-01-17,58929.0
V01147,CU00705,Ather 450X,450X 3.7kWh,Performance,3.7,2024,2024-11-15,22974.0
V01148,CU00706,Ather 450X,450X 3.7kWh,Performance,3.7,2024,2024-11-20,23465.0
V01149,CU00706,Ather Rizta,Rizta Z 3.7kWh,Family,3.7,2026,2026-02-07,7300.0
V01150,CU00707,Ather 450X,450X 3.7kWh,Performance,3.7,2025,2025-04-02,18494.0
V01151,CU00708,Ather 450X,450X 2.9kWh,Performance,2.9,2020,2020-01-29,88356.0
V01152,CU00709,Ather Rizta,Rizta Z 3.7kWh,Family,3.7,2026,2026-08-27,929.0
V01153,CU00710,Ather Rizta,Rizta Z 3.7kWh,Family,3.7,2026,2026-08-15,1101.0
V01154,CU00711,Ather 450X,450X 3.7kWh,Performance,3.7,2025,2025-10-18,6470.0
V01155,CU00712,Ather Rizta,Rizta Z 2.9kWh,Family,2.9,2026,2026-05-15,4605.0
V01156,CU00713,Ather 450X,450X 2.9kWh,Performance,2.9,2025,2025-03-14,11406.0
V01157,CU00714,Ather Rizta,Rizta S 2.9kWh,Family,2.9,2025,2025-10-17,6861.0
V01158,CU00715,Ather 450X,450X 2.9kWh,Performance,2.9,2023,2023-07-13,21318.0
V01159,CU00716,Ather 450X,450X 3.7kWh,Performance,3.7,2023,2023-10-08,23987.0
V01160,CU00717,Ather Rizta,Rizta S 2.9kWh,Family,2.9,2026,2026-05-16,4307.0
V01161,CU00718,Ather Rizta,Rizta Z 3.7kWh,Family,3.7,2026,2026-08-22,1094.0
V01162,CU00719,Ather Rizta,Rizta S 2.9kWh,Family,2.9,2025,2025-08-14,8203.0
V01163,CU00720,Ather Rizta,Rizta Z 3.7kWh,Family,3.7,2025,2025-09-21,7624.0
V01164,CU00721,Ather Rizta,Rizta S 2.9kWh,Family,2.9,2024,2024-06-25,26102.0
V01165,CU00722,Ather 450X,450X 3.7kWh,Performance,3.7,2024,2024-04-30,24163.0
V01166,CU00723,Ather 450X,450X 3.7kWh,Performance,3.7,2026,2026-04-17,5199.0
V01167,CU00724,Ather Rizta,Rizta Z 3.7kWh,Family,3.7,2024,2024-11-01,17887.0
V01168,CU00725,Ather 450X,450X 3.7kWh,Performance,3.7,2020,2020-04-05,60476.0
V01169,CU00726,Ather Rizta,Rizta S 2.9kWh,Family,2.9,2024,2024-12-02,15008.0
V01170,CU00727,Ather Rizta,Rizta S 2.9kWh,Family,2.9,2025,2025-11-28,7129.0
V01171,CU00728,Ather 450X,450X 2.9kWh,Performance,2.9,2022,2022-10-30,28237.0
V01172,CU00729,Ather 450X,450X 3.7kWh,Performance,3.7,2026,2026-01-22,6239.0
V01173,CU00730,Ather Rizta,Rizta Z 3.7kWh,Family,3.7,2025,2025-12-26,7542.0
V01174,CU00731,Ather 450X,450X 2.9kWh,Performance,2.9,2024,2024-01-26,27227.0
V01175,CU00732,Ather Rizta,Rizta Z 3.7kWh,Family,3.7,2024,2024-07-28,24802.0
V01176,CU00733,Ather Rizta,Rizta S 2.9kWh,Family,2.9,2025,2025-07-11,13693.0
V01177,CU00734,Ather Rizta,Rizta S 2.9kWh,Family,2.9,2024,2024-07-29,16457.0
V01178,CU00735,Ather Rizta,Rizta Z 2.9kWh,Family,2.9,2026,2026-03-29,5629.0
V01179,CU00736,Ather Rizta,Rizta Z 3.7kWh,Family,3.7,2026,2026-03-04,5109.0
V01180,CU00737,Ather 450X,450X 3.7kWh,Performance,3.7,2024,2024-11-01,51954.0
V01181,CU00737,Ather 450X,450X 3.7kWh,Performance,3.7,2025,2025-05-01,46795.0
V01182,CU00737,Ather 450X,450X 3.7kWh,Performance,3.7,2021,2021-11-25,98396.0
V01183,CU00737,Ather Rizta,Rizta Z 3.7kWh,Family,3.7,2024,2024-12-25,57123.0
V01184,CU00737,Ather 450X,450X 2.9kWh,Performance,2.9,2025,2025-07-05,46348.0
V01185,CU00737,Ather 450X,450X 3.7kWh,Performance,3.7,2023,2023-02-26,132409.0
V01186,CU00737,Ather Rizta,Rizta Z 2.9kWh,Family,2.9,2025,2025-06-19,44441.0
V01187,CU00737,Ather 450X,450X 2.9kWh,Performance,2.9,2020,2020-10-10,190584.0
V01188,CU00737,Ather 450X,450X 3.7kWh,Performance,3.7,2024,2024-04-17,68765.0
V01189,CU00737,Ather Rizta,Rizta Z 2.9kWh,Family,2.9,2025,2025-06-23,21847.0
V01190,CU00737,Ather 450X,450X 3.7kWh,Performance,3.7,2025,2025-01-20,60872.0
V01191,CU00737,Ather Rizta,Rizta Z 3.7kWh,Family,3.7,2026,2026-03-18,21615.0
V01192,CU00737,Ather Rizta,Rizta S 2.9kWh,Family,2.9,2025,2025-03-10,31483.0
V01193,CU00738,Ather 450 Apex,450 Apex 3.7kWh,Performance,3.7,2024,2024-10-18,15726.0
V01194,CU00739,Ather Rizta,Rizta S 2.9kWh,Family,2.9,2026,2026-08-17,1083.0
V01195,CU00740,Ather Rizta,Rizta S 2.9kWh,Family,2.9,2025,2025-08-18,7566.0
V01196,CU00741,Ather 450X,450X 2.9kWh,Performance,2.9,2024,2024-11-06,18666.0
V01197,CU00742,Ather 450X,450X 3.7kWh,Performance,3.7,2022,2022-04-03,35364.0
V01198,CU00743,Ather Rizta,Rizta Z 2.9kWh,Family,2.9,2025,2025-08-08,10870.0
V01199,CU00744,Ather Rizta,Rizta Z 2.9kWh,Family,2.9,2026,2026-05-03,5701.0
V01200,CU00745,Ather Rizta,Rizta S 2.9kWh,Family,2.9,2025,2025-07-27,14058.0
V01201,CU00746,Ather 450X,450X 3.7kWh,Performance,3.7,2026,2026-07-29,2227.0
V01202,CU00747,Ather Rizta,Rizta S 2.9kWh,Family,2.9,2025,2025-08-26,9675.0
V01203,CU00748,Ather Rizta,Rizta Z 3.7kWh,Family,3.7,2026,2026-02-09,7635.0
V01204,CU00748,Ather 450X,450X 3.7kWh,Performance,3.7,2026,2026-08-07,1447.0
V01205,CU00749,Ather Rizta,Rizta S 2.9kWh,Family,2.9,2026,2026-04-25,3748.0
V01206,CU00750,Ather 450X,450X 3.7kWh,Performance,3.7,2021,2021-06-14,52802.0
V01207,CU00751,Ather Rizta,Rizta S 2.9kWh,Family,2.9,2026,2026-04-29,4079.0
V01208,CU00752,Ather 450X,450X 2.9kWh,Performance,2.9,2024,2024-02-24,21036.0
V01209,CU00753,Ather Rizta,Rizta S 2.9kWh,Family,2.9,2025,2025-01-25,20882.0
V01210,CU00754,Ather Rizta,Rizta Z 2.9kWh,Family,2.9,2026,2026-08-17,1077.0
V01211,CU00755,Ather 450X,450X 3.7kWh,Performance,3.7,2020,2020-07-30,212281.0
V01212,CU00755,Ather 450X,450X 3.7kWh,Performance,3.7,2022,2022-11-18,98477.0
V01213,CU00755,Ather 450X,450X 3.7kWh,Performance,3.7,2025,2025-01-11,69826.0
V01214,CU00755,Ather 450X,450X 2.9kWh,Performance,2.9,2022,2022-03-02,89226.0
V01215,CU00755,Ather 450X,450X 3.7kWh,Performance,3.7,2020,2020-06-03,216916.0
V01216,CU00755,Ather 450X,450X 3.7kWh,Performance,3.7,2021,2021-01-14,154542.0
V01217,CU00755,Ather Rizta,Rizta S 2.9kWh,Family,2.9,2026,2026-07-01,5978.0
V01218,CU00755,Ather 450X,450X 2.9kWh,Performance,2.9,2024,2024-04-12,75674.0
V01219,CU00755,Ather Rizta,Rizta Z 2.9kWh,Family,2.9,2025,2025-08-14,32144.0
V01220,CU00755,Ather Rizta,Rizta S 2.9kWh,Family,2.9,2024,2024-07-09,46816.0
V01221,CU00756,Ather Rizta,Rizta Z 2.9kWh,Family,2.9,2025,2025-01-10,23512.0
V01222,CU00757,Ather Rizta,Rizta S 2.9kWh,Family,2.9,2025,2025-09-06,18626.0
V01223,CU00758,Ather Rizta,Rizta Z 3.7kWh,Family,3.7,2025,2025-03-08,15495.0
V01224,CU00759,Ather 450X,450X 2.9kWh,Performance,2.9,2024,2024-09-21,17861.0
V01225,CU00760,Ather Rizta,Rizta Z 3.7kWh,Family,3.7,2025,2025-06-22,4130.0
V01226,CU00761,Ather 450X,450X 2.9kWh,Performance,2.9,2023,2023-12-21,31368.0
V01227,CU00762,Ather 450X,450X 2.9kWh,Performance,2.9,2025,2025-05-22,19792.0
V01228,CU00763,Ather Rizta,Rizta Z 3.7kWh,Family,3.7,2026,2026-08-11,1085.0
V01229,CU00764,Ather Rizta,Rizta Z 3.7kWh,Family,3.7,2026,2026-08-18,2697.0
V01230,CU00764,Ather 450X,450X 2.9kWh,Performance,2.9,2026,2026-06-21,9075.0
V01231,CU00764,Ather Rizta,Rizta Z 2.9kWh,Family,2.9,2025,2025-06-04,40022.0
V01232,CU00764,Ather Rizta,Rizta S 2.9kWh,Family,2.9,2025,2025-07-11,39020.0
V01233,CU00764,Ather 450X,450X 2.9kWh,Performance,2.9,2021,2021-03-02,121597.0
V01234,CU00764,Ather 450X,450X 3.7kWh,Performance,3.7,2024,2024-04-18,55840.0
V01235,CU00764,Ather Rizta,Rizta S 2.9kWh,Family,2.9,2026,2026-03-15,16825.0
V01236,CU00764,Ather Rizta,Rizta Z 3.7kWh,Family,3.7,2026,2026-02-26,19804.0
V01237,CU00764,Ather Rizta,Rizta Z 2.9kWh,Family,2.9,2026,2026-05-22,12086.0
V01238,CU00764,Ather Rizta,Rizta Z 2.9kWh,Family,2.9,2024,2024-10-17,39975.0
V01239,CU00764,Ather Rizta,Rizta S 2.9kWh,Family,2.9,2026,2026-02-06,21607.0
V01240,CU00764,Ather 450X,450X 2.9kWh,Performance,2.9,2026,2026-08-30,1734.0
V01241,CU00764,Ather 450X,450X 3.7kWh,Performance,3.7,2025,2025-10-09,35031.0
V01242,CU00764,Ather Rizta,Rizta Z 3.7kWh,Family,3.7,2026,2026-06-16,5204.0
V01243,CU00764,Ather 450X,450X 3.7kWh,Performance,3.7,2023,2023-01-29,82249.0
V01244,CU00764,Ather Rizta,Rizta S 2.9kWh,Family,2.9,2025,2025-06-12,27188.0
V01245,CU00764,Ather 450X,450X 3.7kWh,Performance,3.7,2023,2023-02-28,101401.0
V01246,CU00764,Ather Rizta,Rizta S 2.9kWh,Family,2.9,2026,2026-08-08,3859.0
V01247,CU00765,Ather 450X,450X 3.7kWh,Performance,3.7,2022,2022-05-14,56606.0
V01248,CU00766,Ather Rizta,Rizta S 2.9kWh,Family,2.9,2024,2024-07-20,25287.0
V01249,CU00767,Ather Rizta,Rizta Z 2.9kWh,Family,2.9,2026,2026-06-02,3377.0
V01250,CU00768,Ather 450X,450X 2.9kWh,Performance,2.9,2024,2024-07-25,24355.0
V01251,CU00769,Ather 450X,450X 3.7kWh,Performance,3.7,2022,2022-05-23,12728.0
V01252,CU00770,Ather Rizta,Rizta Z 3.7kWh,Family,3.7,2026,2026-07-19,2705.0
V01253,CU00771,Ather 450X,450X 2.9kWh,Performance,2.9,2024,2024-10-03,10198.0
V01254,CU00772,Ather Rizta,Rizta S 2.9kWh,Family,2.9,2024,2024-07-12,19589.0
V01255,CU00773,Ather Rizta,Rizta Z 3.7kWh,Family,3.7,2025,2025-10-29,8907.0
V01256,CU00774,Ather Rizta,Rizta Z 2.9kWh,Family,2.9,2025,2025-08-26,13818.0
V01257,CU00775,Ather Rizta,Rizta S 2.9kWh,Family,2.9,2025,2025-05-29,11300.0
V01258,CU00775,Ather 450X,450X 3.7kWh,Performance,3.7,2024,2024-03-10,24835.0
V01259,CU00776,Ather 450X,450X 3.7kWh,Performance,3.7,2021,2021-06-13,31146.0
V01260,CU00777,Ather Rizta,Rizta S 2.9kWh,Family,2.9,2024,2024-08-25,16478.0
V01261,CU00778,Ather Rizta,Rizta S 2.9kWh,Family,2.9,2025,2025-08-04,15657.0
V01262,CU00779,Ather Rizta,Rizta S 2.9kWh,Family,2.9,2026,2026-05-01,5717.0
V01263,CU00780,Ather 450X,450X 3.7kWh,Performance,3.7,2024,2024-07-09,15651.0
V01264,CU00781,Ather Rizta,Rizta S 2.9kWh,Family,2.9,2024,2024-12-13,19186.0
V01265,CU00782,Ather Rizta,Rizta Z 2.9kWh,Family,2.9,2025,2025-02-26,17836.0
V01266,CU00783,Ather 450X,450X 3.7kWh,Performance,3.7,2021,2021-08-17,41060.0
V01267,CU00784,Ather Rizta,Rizta Z 2.9kWh,Family,2.9,2024,2024-08-22,30357.0
V01268,CU00785,Ather 450X,450X 2.9kWh,Performance,2.9,2023,2023-12-07,45544.0
V01269,CU00786,Ather Rizta,Rizta Z 3.7kWh,Family,3.7,2026,2026-05-19,3707.0
V01270,CU00787,Ather Rizta,Rizta Z 2.9kWh,Family,2.9,2024,2024-11-21,22963.0
V01271,CU00788,Ather 450X,450X 3.7kWh,Performance,3.7,2025,2025-11-05,9253.0
V01272,CU00789,Ather Rizta,Rizta Z 2.9kWh,Family,2.9,2025,2025-06-12,17478.0
V01273,CU00790,Ather 450X,450X 2.9kWh,Performance,2.9,2021,2021-07-27,32887.0
V01274,CU00791,Ather 450X,450X 2.9kWh,Performance,2.9,2021,2021-03-21,30253.0
V01275,CU00792,Ather 450 Apex,450 Apex 3.7kWh,Performance,3.7,2024,2024-12-25,16824.0
V01276,CU00793,Ather 450X,450X 2.9kWh,Performance,2.9,2026,2026-06-14,2159.0
V01277,CU00794,Ather 450X,450X 3.7kWh,Performance,3.7,2023,2023-10-26,22401.0
V01278,CU00795,Ather 450 Apex,450 Apex 3.7kWh,Performance,3.7,2025,2025-04-19,8871.0
V01279,CU00796,Ather Rizta,Rizta S 2.9kWh,Family,2.9,2024,2024-11-19,25751.0
V01280,CU00797,Ather 450X,450X 3.7kWh,Performance,3.7,2023,2023-12-16,29325.0
V01281,CU00798,Ather Rizta,Rizta S 2.9kWh,Family,2.9,2024,2024-08-22,40304.0
V01282,CU00798,Ather Rizta,Rizta S 2.9kWh,Family,2.9,2024,2024-07-11,56601.0
V01283,CU00798,Ather 450X,450X 2.9kWh,Performance,2.9,2025,2025-03-16,59442.0
V01284,CU00798,Ather 450X,450X 2.9kWh,Performance,2.9,2020,2020-04-13,184889.0
V01285,CU00798,Ather Rizta,Rizta Z 3.7kWh,Family,3.7,2025,2025-05-04,30468.0
V01286,CU00798,Ather Rizta,Rizta S 2.9kWh,Family,2.9,2025,2025-08-14,33680.0
V01287,CU00798,Ather Rizta,Rizta Z 2.9kWh,Family,2.9,2025,2025-04-26,42329.0
V01288,CU00798,Ather 450X,450X 2.9kWh,Performance,2.9,2020,2020-07-08,208088.0
V01289,CU00798,Ather Rizta,Rizta Z 2.9kWh,Family,2.9,2025,2025-11-26,19514.0
V01290,CU00798,Ather Rizta,Rizta Z 3.7kWh,Family,3.7,2025,2025-01-11,53685.0
V01291,CU00798,Ather 450X,450X 3.7kWh,Performance,3.7,2022,2022-09-17,58960.0
V01292,CU00798,Ather Rizta,Rizta Z 2.9kWh,Family,2.9,2025,2025-07-27,35520.0
V01293,CU00798,Ather 450X,450X 3.7kWh,Performance,3.7,2022,2022-04-30,66457.0
V01294,CU00798,Ather 450X,450X 2.9kWh,Performance,2.9,2026,2026-08-10,4568.0
V01295,CU00798,Ather 450X,450X 3.7kWh,Performance,3.7,2020,2020-03-12,244148.0
V01296,CU00798,Ather Rizta,Rizta Z 2.9kWh,Family,2.9,2025,2025-10-21,32645.0
V01297,CU00798,Ather 450X,450X 3.7kWh,Performance,3.7,2021,2021-05-06,189689.0
V01298,CU00798,Ather 450X,450X 3.7kWh,Performance,3.7,2022,2022-09-17,126702.0
V01299,CU00798,Ather Rizta,Rizta S 2.9kWh,Family,2.9,2026,2026-05-27,7545.0
V01300,CU00798,Ather 450X,450X 3.7kWh,Performance,3.7,2024,2024-12-26,37570.0
V01301,CU00799,Ather 450 Apex,450 Apex 3.7kWh,Performance,3.7,2025,2025-05-02,18301.0
V01302,CU00800,Ather 450X,450X 2.9kWh,Performance,2.9,2024,2024-08-22,22691.0
V01303,CU00801,Ather Rizta,Rizta S 2.9kWh,Family,2.9,2024,2024-09-25,12711.0
V01304,CU00802,Ather 450X,450X 3.7kWh,Performance,3.7,2024,2024-12-13,9679.0
V01305,CU00803,Ather 450X,450X 3.7kWh,Performance,3.7,2022,2022-11-28,34038.0
V01306,CU00803,Ather 450X,450X 3.7kWh,Performance,3.7,2025,2025-10-31,11985.0
V01307,CU00803,Ather 450X,450X 3.7kWh,Performance,3.7,2022,2022-08-05,68388.0
V01308,CU00803,Ather 450X,450X 3.7kWh,Performance,3.7,2022,2022-06-04,61532.0
V01309,CU00803,Ather 450X,450X 3.7kWh,Performance,3.7,2023,2023-09-03,35274.0
V01310,CU00804,Ather Rizta,Rizta Z 2.9kWh,Family,2.9,2024,2024-11-26,13911.0
V01311,CU00805,Ather Rizta,Rizta S 2.9kWh,Family,2.9,2025,2025-11-07,10735.0
V01312,CU00806,Ather 450X,450X 3.7kWh,Performance,3.7,2024,2024-08-02,15376.0
V01313,CU00807,Ather Rizta,Rizta S 2.9kWh,Family,2.9,2024,2024-12-26,11940.0
V01314,CU00808,Ather Rizta,Rizta Z 3.7kWh,Family,3.7,2026,2026-05-13,2819.0
V01315,CU00809,Ather 450X,450X 2.9kWh,Performance,2.9,2025,2025-10-05,11117.0
V01316,CU00810,Ather 450 Apex,450 Apex 3.7kWh,Performance,3.7,2025,2025-04-18,13306.0
V01317,CU00811,Ather 450X,450X 3.7kWh,Performance,3.7,2025,2025-11-27,6422.0
V01318,CU00811,Ather 450X,450X 3.7kWh,Performance,3.7,2024,2024-03-11,32191.0
V01319,CU00812,Ather Rizta,Rizta S 2.9kWh,Family,2.9,2026,2026-08-14,635.0
V01320,CU00813,Ather Rizta,Rizta S 2.9kWh,Family,2.9,2025,2025-06-11,14072.0
V01321,CU00814,Ather Rizta,Rizta Z 2.9kWh,Family,2.9,2025,2025-12-31,7950.0
V01322,CU00815,Ather 450X,450X 2.9kWh,Performance,2.9,2026,2026-04-21,5133.0
V01323,CU00816,Ather 450X,450X 3.7kWh,Performance,3.7,2021,2021-10-14,51906.0
V01324,CU00817,Ather Rizta,Rizta Z 2.9kWh,Family,2.9,2025,2025-12-08,23991.0
V01325,CU00817,Ather 450X,450X 3.7kWh,Performance,3.7,2024,2024-05-25,80829.0
V01326,CU00817,Ather 450X,450X 2.9kWh,Performance,2.9,2021,2021-05-13,161143.0
V01327,CU00817,Ather Rizta,Rizta Z 2.9kWh,Family,2.9,2026,2026-01-04,21991.0
V01328,CU00817,Ather Rizta,Rizta Z 2.9kWh,Family,2.9,2026,2026-07-21,7234.0
V01329,CU00817,Ather 450X,450X 2.9kWh,Performance,2.9,2023,2023-04-21,133668.0
V01330,CU00817,Ather Rizta,Rizta S 2.9kWh,Family,2.9,2025,2025-07-27,30909.0
V01331,CU00817,Ather Rizta,Rizta Z 2.9kWh,Family,2.9,2025,2025-02-09,44105.0
V01332,CU00817,Ather 450X,450X 3.7kWh,Performance,3.7,2025,2025-10-30,29513.0
V01333,CU00817,Ather Rizta,Rizta Z 2.9kWh,Family,2.9,2024,2024-11-22,54255.0
V01334,CU00817,Ather Rizta,Rizta S 2.9kWh,Family,2.9,2025,2025-03-25,50693.0
V01335,CU00817,Ather Rizta,Rizta Z 3.7kWh,Family,3.7,2026,2026-05-10,14515.0
V01336,CU00817,Ather Rizta,Rizta S 2.9kWh,Family,2.9,2024,2024-12-27,36643.0
V01337,CU00817,Ather Rizta,Rizta S 2.9kWh,Family,2.9,2026,2026-04-05,12252.0
V01338,CU00817,Ather Rizta,Rizta Z 2.9kWh,Family,2.9,2026,2026-08-03,4330.0
V01339,CU00817,Ather Rizta,Rizta S 2.9kWh,Family,2.9,2025,2025-08-09,30122.0
V01340,CU00817,Ather 450X,450X 3.7kWh,Performance,3.7,2020,2020-11-19,131039.0
V01341,CU00818,Ather 450X,450X 3.7kWh,Performance,3.7,2026,2026-01-18,8705.0
V01342,CU00819,Ather Rizta,Rizta Z 2.9kWh,Family,2.9,2026,2026-02-25,4041.0
V01343,CU00820,Ather Rizta,Rizta Z 3.7kWh,Family,3.7,2026,2026-04-03,3724.0
V01344,CU00821,Ather 450X,450X 3.7kWh,Performance,3.7,2023,2023-11-10,24515.0
V01345,CU00822,Ather 450 Apex,450 Apex 3.7kWh,Performance,3.7,2026,2026-05-07,5646.0
V01346,CU00823,Ather 450 Apex,450 Apex 3.7kWh,Performance,3.7,2026,2026-02-08,4001.0
V01347,CU00824,Ather Rizta,Rizta S 2.9kWh,Family,2.9,2026,2026-07-27,2201.0
V01348,CU00825,Ather 450 Apex,450 Apex 3.7kWh,Performance,3.7,2025,2025-05-11,9278.0
V01349,CU00826,Ather Rizta,Rizta S 2.9kWh,Family,2.9,2026,2026-05-25,5412.0
V01350,CU00827,Ather 450 Apex,450 Apex 3.7kWh,Performance,3.7,2024,2024-05-03,18949.0
V01351,CU00828,Ather Rizta,Rizta S 2.9kWh,Family,2.9,2026,2026-06-22,2185.0
V01352,CU00829,Ather 450X,450X 2.9kWh,Performance,2.9,2022,2022-06-11,42456.0
V01353,CU00830,Ather 450X,450X 3.7kWh,Performance,3.7,2025,2025-04-18,14459.0
V01354,CU00831,Ather 450X,450X 3.7kWh,Performance,3.7,2026,2026-03-24,4214.0
V01355,CU00832,Ather 450 Apex,450 Apex 3.7kWh,Performance,3.7,2024,2024-05-19,18765.0
V01356,CU00833,Ather 450X,450X 3.7kWh,Performance,3.7,2024,2024-11-12,20977.0
V01357,CU00834,Ather Rizta,Rizta Z 3.7kWh,Family,3.7,2024,2024-11-05,51598.0
V01358,CU00834,Ather 450X,450X 3.7kWh,Performance,3.7,2021,2021-01-26,182071.0
V01359,CU00834,Ather Rizta,Rizta Z 3.7kWh,Family,3.7,2026,2026-03-17,16505.0
V01360,CU00834,Ather Rizta,Rizta S 2.9kWh,Family,2.9,2025,2025-03-03,75413.0
V01361,CU00835,Ather 450X,450X 2.9kWh,Performance,2.9,2023,2023-01-24,21563.0
V01362,CU00836,Ather 450 Apex,450 Apex 3.7kWh,Performance,3.7,2026,2026-01-22,7747.0
V01363,CU00837,Ather 450X,450X 3.7kWh,Performance,3.7,2021,2021-08-05,63081.0
V01364,CU00838,Ather 450 Apex,450 Apex 3.7kWh,Performance,3.7,2025,2025-01-14,13255.0
V01365,CU00839,Ather 450X,450X 3.7kWh,Performance,3.7,2025,2025-10-30,9628.0
V01366,CU00840,Ather 450X,450X 3.7kWh,Performance,3.7,2025,2025-08-08,9766.0
V01367,CU00841,Ather 450X,450X 3.7kWh,Performance,3.7,2021,2021-05-26,28328.0
V01368,CU00842,Ather 450 Apex,450 Apex 3.7kWh,Performance,3.7,2024,2024-12-08,32876.0
V01369,CU00842,Ather Rizta,Rizta S 2.9kWh,Family,2.9,2025,2025-05-15,24595.0
V01370,CU00842,Ather Rizta,Rizta S 2.9kWh,Family,2.9,2024,2024-06-17,16739.0
V01371,CU00842,Ather 450X,450X 2.9kWh,Performance,2.9,2022,2022-11-03,57702.0
V01372,CU00842,Ather 450 Apex,450 Apex 3.7kWh,Performance,3.7,2026,2026-05-05,4291.0
V01373,CU00843,Ather 450X,450X 2.9kWh,Performance,2.9,2025,2025-06-17,10830.0
V01374,CU00844,Ather Rizta,Rizta Z 2.9kWh,Family,2.9,2026,2026-02-10,6351.0
V01375,CU00845,Ather Rizta,Rizta Z 2.9kWh,Family,2.9,2025,2025-08-20,8713.0
V01376,CU00845,Ather Rizta,Rizta Z 2.9kWh,Family,2.9,2025,2025-01-22,9600.0
V01377,CU00846,Ather Rizta,Rizta Z 2.9kWh,Family,2.9,2026,2026-01-23,7088.0
V01378,CU00847,Ather Rizta,Rizta Z 3.7kWh,Family,3.7,2024,2024-06-07,17138.0
V01379,CU00847,Ather 450 Apex,450 Apex 3.7kWh,Performance,3.7,2026,2026-01-10,4508.0
V01380,CU00848,Ather 450X,450X 2.9kWh,Performance,2.9,2025,2025-01-31,19137.0
V01381,CU00849,Ather Rizta,Rizta S 2.9kWh,Family,2.9,2025,2025-11-29,5280.0
V01382,CU00849,Ather 450X,450X 3.7kWh,Performance,3.7,2024,2024-12-18,22165.0
V01383,CU00850,Ather 450X,450X 2.9kWh,Performance,2.9,2021,2021-04-11,53501.0
V01384,CU00850,Ather 450X,450X 2.9kWh,Performance,2.9,2025,2025-09-09,13315.0
V01385,CU00850,Ather 450X,450X 3.7kWh,Performance,3.7,2024,2024-09-15,31941.0
V01386,CU00851,Ather 450X,450X 2.9kWh,Performance,2.9,2022,2022-12-08,30701.0
V01387,CU00852,Ather Rizta,Rizta S 2.9kWh,Family,2.9,2024,2024-09-01,9969.0
V01388,CU00853,Ather 450X,450X 3.7kWh,Performance,3.7,2025,2025-06-25,11422.0
V01389,CU00854,Ather 450 Apex,450 Apex 3.7kWh,Performance,3.7,2024,2024-09-26,16231.0
V01390,CU00855,Ather 450X,450X 3.7kWh,Performance,3.7,2026,2026-08-18,2332.0
V01391,CU00855,Ather 450X,450X 3.7kWh,Performance,3.7,2021,2021-07-16,86173.0
V01392,CU00855,Ather 450X,450X 3.7kWh,Performance,3.7,2025,2025-05-11,16895.0
V01393,CU00856,Ather 450X,450X 3.7kWh,Performance,3.7,2025,2025-03-06,14745.0
V01394,CU00857,Ather 450X,450X 2.9kWh,Performance,2.9,2020,2020-10-29,75585.0
V01395,CU00858,Ather 450 Apex,450 Apex 3.7kWh,Performance,3.7,2025,2025-11-07,9424.0
V01396,CU00859,Ather Rizta,Rizta Z 3.7kWh,Family,3.7,2024,2024-06-04,64513.0
V01397,CU00859,Ather 450X,450X 2.9kWh,Performance,2.9,2021,2021-11-07,161841.0
V01398,CU00859,Ather 450X,450X 2.9kWh,Performance,2.9,2025,2025-10-21,18860.0
V01399,CU00859,Ather 450X,450X 2.9kWh,Performance,2.9,2023,2023-11-21,69656.0
V01400,CU00860,Ather Rizta,Rizta Z 2.9kWh,Family,2.9,2026,2026-04-19,2773.0
V01401,CU00861,Ather 450X,450X 2.9kWh,Performance,2.9,2025,2025-06-16,11946.0
V01402,CU00862,Ather 450X,450X 2.9kWh,Performance,2.9,2021,2021-12-05,57095.0
V01403,CU00863,Ather Rizta,Rizta Z 2.9kWh,Family,2.9,2026,2026-08-15,785.0
V01404,CU00864,Ather 450X,450X 2.9kWh,Performance,2.9,2025,2025-12-21,4372.0
V01405,CU00865,Ather 450 Apex,450 Apex 3.7kWh,Performance,3.7,2024,2024-10-13,13961.0
V01406,CU00866,Ather Rizta,Rizta Z 2.9kWh,Family,2.9,2026,2026-05-23,2413.0
V01407,CU00867,Ather 450 Apex,450 Apex 3.7kWh,Performance,3.7,2024,2024-06-03,17604.0
V01408,CU00868,Ather Rizta,Rizta S 2.9kWh,Family,2.9,2025,2025-12-21,8420.0
V01409,CU00869,Ather 450X,450X 3.7kWh,Performance,3.7,2025,2025-10-24,7038.0
V01410,CU00870,Ather Rizta,Rizta S 2.9kWh,Family,2.9,2024,2024-08-27,17881.0
V01411,CU00871,Ather 450X,450X 2.9kWh,Performance,2.9,2024,2024-04-10,24103.0
V01412,CU00872,Ather 450X,450X 2.9kWh,Performance,2.9,2026,2026-08-19,3192.0
V01413,CU00872,Ather 450X,450X 3.7kWh,Performance,3.7,2022,2022-12-19,55240.0
V01414,CU00872,Ather 450X,450X 2.9kWh,Performance,2.9,2024,2024-04-05,74608.0
V01415,CU00872,Ather 450X,450X 3.7kWh,Performance,3.7,2025,2025-04-20,63072.0
V01416,CU00872,Ather Rizta,Rizta Z 3.7kWh,Family,3.7,2026,2026-08-08,3864.0
V01417,CU00872,Ather Rizta,Rizta Z 3.7kWh,Family,3.7,2024,2024-11-05,55721.0
V01418,CU00872,Ather 450X,450X 3.7kWh,Performance,3.7,2024,2024-10-05,58166.0
V01419,CU00872,Ather Rizta,Rizta Z 2.9kWh,Family,2.9,2025,2025-08-01,40894.0
V01420,CU00872,Ather Rizta,Rizta Z 2.9kWh,Family,2.9,2026,2026-07-26,5573.0
V01421,CU00872,Ather Rizta,Rizta S 2.9kWh,Family,2.9,2026,2026-02-16,12301.0
V01422,CU00872,Ather 450X,450X 3.7kWh,Performance,3.7,2023,2023-10-08,63817.0
V01423,CU00872,Ather 450X,450X 2.9kWh,Performance,2.9,2026,2026-01-21,21914.0
V01424,CU00872,Ather 450X,450X 3.7kWh,Performance,3.7,2020,2020-11-25,176562.0
V01425,CU00872,Ather Rizta,Rizta Z 3.7kWh,Family,3.7,2025,2025-01-01,40312.0
V01426,CU00872,Ather 450X,450X 2.9kWh,Performance,2.9,2020,2020-08-17,212943.0
V01427,CU00873,Ather 450X,450X 2.9kWh,Performance,2.9,2020,2020-10-30,62210.0
V01428,CU00874,Ather 450X,450X 3.7kWh,Performance,3.7,2025,2025-02-20,13477.0
V01429,CU00874,Ather Rizta,Rizta Z 3.7kWh,Family,3.7,2025,2025-03-01,15480.0
V01430,CU00875,Ather Rizta,Rizta Z 2.9kWh,Family,2.9,2025,2025-05-16,9079.0
V01431,CU00876,Ather Rizta,Rizta Z 2.9kWh,Family,2.9,2024,2024-10-31,19054.0
V01432,CU00877,Ather 450X,450X 3.7kWh,Performance,3.7,2020,2020-11-06,64727.0
V01433,CU00878,Ather Rizta,Rizta Z 3.7kWh,Family,3.7,2025,2025-03-20,9325.0
V01434,CU00879,Ather Rizta,Rizta S 2.9kWh,Family,2.9,2026,2026-05-20,2589.0
V01435,CU00880,Ather Rizta,Rizta Z 3.7kWh,Family,3.7,2025,2025-01-11,18719.0
V01436,CU00881,Ather 450 Apex,450 Apex 3.7kWh,Performance,3.7,2024,2024-06-07,
V01437,CU00882,Ather 450X,450X 2.9kWh,Performance,2.9,2020,2020-03-12,42081.0
V01438,CU00882,Ather Rizta,Rizta Z 2.9kWh,Family,2.9,2025,2025-11-07,6962.0
V01439,CU00883,Ather 450 Apex,450 Apex 3.7kWh,Performance,3.7,2024,2024-09-05,19933.0
V01440,CU00884,Ather 450X,450X 3.7kWh,Performance,3.7,2021,2021-09-16,54644.0
V01441,CU00885,Ather 450X,450X 2.9kWh,Performance,2.9,2022,2022-10-06,54168.0
V01442,CU00886,Ather Rizta,Rizta Z 2.9kWh,Family,2.9,2026,2026-05-11,5091.0
V01443,CU00887,Ather 450X,450X 2.9kWh,Performance,2.9,2021,2021-01-29,59802.0
V01444,CU00888,Ather 450X,450X 2.9kWh,Performance,2.9,2023,2023-10-30,22216.0
V01445,CU00889,Ather 450X,450X 3.7kWh,Performance,3.7,2024,2024-06-06,24521.0
V01446,CU00890,Ather 450X,450X 3.7kWh,Performance,3.7,2025,2025-12-25,7752.0
V01447,CU00891,Ather Rizta,Rizta S 2.9kWh,Family,2.9,2025,2025-05-28,14629.0
V01448,CU00892,Ather Rizta,Rizta Z 3.7kWh,Family,3.7,2026,2026-05-19,4204.0
V01449,CU00893,Ather 450X,450X 3.7kWh,Performance,3.7,2024,2024-03-05,23241.0
V01450,CU00894,Ather Rizta,Rizta S 2.9kWh,Family,2.9,2026,2026-06-18,2904.0
V01451,CU00895,Ather Rizta,Rizta S 2.9kWh,Family,2.9,2026,2026-07-22,1782.0
V01452,CU00896,Ather 450X,450X 3.7kWh,Performance,3.7,2020,2020-11-10,57254.0
V01453,CU00897,Ather Rizta,Rizta Z 3.7kWh,Family,3.7,2025,2025-02-16,13573.0
V01454,CU00898,Ather Rizta,Rizta Z 2.9kWh,Family,2.9,2025,2025-07-31,10105.0
V01455,CU00899,Ather 450 Apex,450 Apex 3.7kWh,Performance,3.7,2024,2024-12-19,15853.0
V01456,CU00900,Ather Rizta,Rizta Z 2.9kWh,Family,2.9,2026,2026-02-18,7938.0
V01457,CU00901,Ather Rizta,Rizta S 2.9kWh,Family,2.9,2024,2024-08-15,17667.0
V01458,CU00902,Ather Rizta,Rizta Z 3.7kWh,Family,3.7,2024,2024-07-10,21269.0
V01459,CU00903,Ather 450X,450X 3.7kWh,Performance,3.7,2022,2022-08-27,25470.0
V01460,CU00904,Ather Rizta,Rizta Z 2.9kWh,Family,2.9,2025,2025-06-21,12304.0
V01461,CU00905,Ather 450X,450X 2.9kWh,Performance,2.9,2024,2024-10-18,43517.0
V01462,CU00905,Ather 450 Apex,450 Apex 3.7kWh,Performance,3.7,2024,2024-06-13,16144.0
V01463,CU00905,Ather 450X,450X 2.9kWh,Performance,2.9,2020,2020-02-09,91278.0
V01464,CU00906,Ather 450X,450X 3.7kWh,Performance,3.7,2026,2026-07-18,1115.0
V01465,CU00907,Ather Rizta,Rizta S 2.9kWh,Family,2.9,2024,2024-10-29,13781.0
V01466,CU00908,Ather 450X,450X 3.7kWh,Performance,3.7,2022,2022-04-27,35136.0
V01467,CU00908,Ather 450X,450X 3.7kWh,Performance,3.7,2025,2025-08-24,9462.0
V01468,CU00909,Ather Rizta,Rizta Z 2.9kWh,Family,2.9,2026,2026-03-28,7455.0
V01469,CU00910,Ather Rizta,Rizta S 2.9kWh,Family,2.9,2024,2024-10-12,31149.0
V01470,CU00911,Ather 450 Apex,450 Apex 3.7kWh,Performance,3.7,2024,2024-08-17,22676.0
V01471,CU00912,Ather Rizta,Rizta Z 3.7kWh,Family,3.7,2025,2025-04-12,11404.0
V01472,CU00913,Ather Rizta,Rizta Z 2.9kWh,Family,2.9,2026,2026-08-01,1320.0
V01473,CU00914,Ather 450X,450X 3.7kWh,Performance,3.7,2024,2024-06-24,26259.0
V01474,CU00915,Ather Rizta,Rizta S 2.9kWh,Family,2.9,2024,2024-12-20,13477.0
V01475,CU00916,Ather 450X,450X 3.7kWh,Performance,3.7,2021,2021-04-02,54644.0
V01476,CU00917,Ather Rizta,Rizta Z 2.9kWh,Family,2.9,2025,2025-07-04,12167.0
V01477,CU00918,Ather Rizta,Rizta S 2.9kWh,Family,2.9,2025,2025-03-11,6306.0
V01478,CU00919,Ather 450X,450X 3.7kWh,Performance,3.7,2022,2022-08-25,55244.0
V01479,CU00920,Ather 450X,450X 2.9kWh,Performance,2.9,2020,2020-11-01,41344.0
V01480,CU00921,Ather 450 Apex,450 Apex 3.7kWh,Performance,3.7,2026,2026-04-20,4368.0
V01481,CU00922,Ather 450X,450X 2.9kWh,Performance,2.9,2026,2026-01-15,6134.0
V01482,CU00923,Ather 450X,450X 3.7kWh,Performance,3.7,2024,2024-02-12,18041.0
V01483,CU00924,Ather 450X,450X 3.7kWh,Performance,3.7,2023,2023-11-28,22193.0
V01484,CU00925,Ather 450X,450X 2.9kWh,Performance,2.9,2024,2024-09-02,12823.0
V01485,CU00926,Ather Rizta,Rizta Z 3.7kWh,Family,3.7,2025,2025-01-07,23427.0
V01486,CU00926,Ather 450X,450X 2.9kWh,Performance,2.9,2024,2024-11-20,29014.0
V01487,CU00927,Ather 450X,450X 2.9kWh,Performance,2.9,2021,2021-08-03,46624.0
V01488,CU00928,Ather Rizta,Rizta S 2.9kWh,Family,2.9,2025,2025-11-23,9276.0
V01489,CU00929,Ather Rizta,Rizta S 2.9kWh,Family,2.9,2026,2026-08-20,1171.0
V01490,CU00930,Ather 450 Apex,450 Apex 3.7kWh,Performance,3.7,2024,2024-09-05,
V01491,CU00930,Ather 450 Apex,450 Apex 3.7kWh,Performance,3.7,2025,2025-11-13,12663.0
V01492,CU00931,Ather 450X,450X 2.9kWh,Performance,2.9,2024,2024-01-27,30821.0
V01493,CU00932,Ather Rizta,Rizta S 2.9kWh,Family,2.9,2024,2024-12-10,18049.0
V01494,CU00933,Ather 450X,450X 3.7kWh,Performance,3.7,2022,2022-01-07,34986.0
V01495,CU00934,Ather Rizta,Rizta S 2.9kWh,Family,2.9,2024,2024-09-28,16935.0
V01496,CU00935,Ather Rizta,Rizta Z 3.7kWh,Family,3.7,2026,2026-02-23,5301.0
V01497,CU00936,Ather 450X,450X 2.9kWh,Performance,2.9,2021,2021-05-20,49405.0
V01498,CU00937,Ather Rizta,Rizta Z 2.9kWh,Family,2.9,2024,2024-07-03,20033.0
V01499,CU00938,Ather Rizta,Rizta Z 3.7kWh,Family,3.7,2025,2025-02-02,10883.0
V01500,CU00939,Ather 450 Apex,450 Apex 3.7kWh,Performance,3.7,2026,2026-03-14,7159.0
V01501,CU00940,Ather Rizta,Rizta S 2.9kWh,Family,2.9,2025,2025-01-04,22568.0
V01502,CU00941,Ather 450X,450X 2.9kWh,Performance,2.9,2025,2025-07-03,
V01503,CU00942,Ather 450X,450X 3.7kWh,Performance,3.7,2022,2022-11-10,42362.0
V01504,CU00943,Ather 450X,450X 3.7kWh,Performance,3.7,2026,2026-06-16,3166.0
V01505,CU00944,Ather 450X,450X 2.9kWh,Performance,2.9,2025,2025-05-07,16150.0
V01506,CU00945,Ather 450X,450X 2.9kWh,Performance,2.9,2024,2024-06-09,61750.0
V01507,CU00945,Ather 450X,450X 3.7kWh,Performance,3.7,2024,2024-02-20,88427.0
V01508,CU00945,Ather 450X,450X 2.9kWh,Performance,2.9,2025,2025-02-04,66914.0
V01509,CU00945,Ather 450X,450X 2.9kWh,Performance,2.9,2023,2023-04-04,127262.0
V01510,CU00945,Ather Rizta,Rizta S 2.9kWh,Family,2.9,2024,2024-11-10,57673.0
V01511,CU00945,Ather 450X,450X 2.9kWh,Performance,2.9,2023,2023-10-01,107506.0
V01512,CU00945,Ather 450X,450X 3.7kWh,Performance,3.7,2023,2023-03-02,113138.0
V01513,CU00945,Ather Rizta,Rizta S 2.9kWh,Family,2.9,2025,2025-10-12,28182.0
V01514,CU00945,Ather Rizta,Rizta S 2.9kWh,Family,2.9,2026,2026-04-25,15971.0
V01515,CU00945,Ather 450X,450X 3.7kWh,Performance,3.7,2022,2022-07-23,138584.0
V01516,CU00945,Ather Rizta,Rizta Z 2.9kWh,Family,2.9,2025,2025-01-02,62701.0
V01517,CU00945,Ather Rizta,Rizta Z 2.9kWh,Family,2.9,2026,2026-03-31,17475.0
V01518,CU00945,Ather 450X,450X 3.7kWh,Performance,3.7,2026,2026-02-07,17508.0
V01519,CU00945,Ather 450X,450X 2.9kWh,Performance,2.9,2020,2020-11-06,101051.0
V01520,CU00945,Ather 450X,450X 2.9kWh,Performance,2.9,2025,2025-05-27,44413.0
V01521,CU00945,Ather Rizta,Rizta Z 3.7kWh,Family,3.7,2026,2026-05-21,9736.0
V01522,CU00945,Ather 450X,450X 3.7kWh,Performance,3.7,2025,2025-02-08,42928.0
V01523,CU00945,Ather 450X,450X 2.9kWh,Performance,2.9,2026,2026-06-12,9499.0
V01524,CU00945,Ather Rizta,Rizta Z 3.7kWh,Family,3.7,2025,2025-02-20,41369.0
V01525,CU00946,Ather Rizta,Rizta Z 2.9kWh,Family,2.9,2025,2025-09-03,10934.0
V01526,CU00947,Ather Rizta,Rizta S 2.9kWh,Family,2.9,2025,2025-11-24,10379.0
V01527,CU00948,Ather Rizta,Rizta S 2.9kWh,Family,2.9,2025,2025-03-08,16323.0
V01528,CU00949,Ather Rizta,Rizta S 2.9kWh,Family,2.9,2026,2026-01-31,2980.0
V01529,CU00950,Ather 450X,450X 3.7kWh,Performance,3.7,2023,2023-04-29,30529.0
V01530,CU00951,Ather 450X,450X 3.7kWh,Performance,3.7,2021,2021-03-07,51480.0
V01531,CU00952,Ather Rizta,Rizta S 2.9kWh,Family,2.9,2025,2025-07-17,9412.0
V01532,CU00953,Ather 450 Apex,450 Apex 3.7kWh,Performance,3.7,2024,2024-06-22,11074.0
V01533,CU00954,Ather Rizta,Rizta Z 2.9kWh,Family,2.9,2026,2026-02-02,6197.0
V01534,CU00955,Ather 450X,450X 3.7kWh,Performance,3.7,2020,2020-08-07,39374.0
V01535,CU00956,Ather 450X,450X 2.9kWh,Performance,2.9,2022,2022-05-24,42413.0
V01536,CU00957,Ather 450X,450X 2.9kWh,Performance,2.9,2020,2020-07-29,75397.0
V01537,CU00958,Ather 450 Apex,450 Apex 3.7kWh,Performance,3.7,2024,2024-07-31,28885.0
V01538,CU00959,Ather 450X,450X 3.7kWh,Performance,3.7,2020,2020-10-15,60218.0
V01539,CU00960,Ather Rizta,Rizta S 2.9kWh,Family,2.9,2026,2026-06-30,1544.0
V01540,CU00961,Ather 450X,450X 3.7kWh,Performance,3.7,2024,2024-06-14,17233.0
V01541,CU00962,Ather 450 Apex,450 Apex 3.7kWh,Performance,3.7,2025,2025-09-03,13923.0
V01542,CU00963,Ather 450X,450X 2.9kWh,Performance,2.9,2023,2023-02-01,18472.0
V01543,CU00964,Ather 450X,450X 2.9kWh,Performance,2.9,2022,2022-08-20,48673.0
V01544,CU00965,Ather Rizta,Rizta S 2.9kWh,Family,2.9,2025,2025-11-03,8169.0
V01545,CU00966,Ather 450X,450X 2.9kWh,Performance,2.9,2024,2024-06-01,26317.0
V01546,CU00967,Ather 450X,450X 2.9kWh,Performance,2.9,2024,2024-04-11,18092.0
V01547,CU00968,Ather 450X,450X 3.7kWh,Performance,3.7,2026,2026-06-20,3326.0
V01548,CU00968,Ather 450 Apex,450 Apex 3.7kWh,Performance,3.7,2025,2025-06-26,13744.0
V01549,CU00969,Ather 450X,450X 3.7kWh,Performance,3.7,2022,2022-07-28,41836.0
V01550,CU00970,Ather Rizta,Rizta Z 3.7kWh,Family,3.7,2026,2026-04-17,3715.0
V01551,CU00971,Ather 450X,450X 3.7kWh,Performance,3.7,2021,2021-08-28,48018.0
V01552,CU00972,Ather Rizta,Rizta Z 3.7kWh,Family,3.7,2025,2025-03-23,14122.0
V01553,CU00973,Ather 450X,450X 3.7kWh,Performance,3.7,2025,2025-08-24,10859.0
V01554,CU00974,Ather 450X,450X 2.9kWh,Performance,2.9,2022,2022-02-04,38653.0
V01555,CU00975,Ather Rizta,Rizta Z 3.7kWh,Family,3.7,2026,2026-06-26,2110.0
V01556,CU00976,Ather Rizta,Rizta S 2.9kWh,Family,2.9,2025,2025-04-15,14502.0
V01557,CU00977,Ather Rizta,Rizta Z 2.9kWh,Family,2.9,2025,2025-07-10,13538.0
V01558,CU00978,Ather Rizta,Rizta S 2.9kWh,Family,2.9,2025,2025-10-09,7315.0
V01559,CU00979,Ather 450 Apex,450 Apex 3.7kWh,Performance,3.7,2025,2025-01-11,21722.0
V01560,CU00980,Ather 450X,450X 3.7kWh,Performance,3.7,2022,2022-06-21,57731.0
V01561,CU00981,Ather Rizta,Rizta Z 3.7kWh,Family,3.7,2024,2024-06-28,18759.0
V01562,CU00982,Ather Rizta,Rizta S 2.9kWh,Family,2.9,2025,2025-05-22,12826.0
V01563,CU00983,Ather Rizta,Rizta Z 2.9kWh,Family,2.9,2026,2026-01-22,4695.0
V01564,CU00984,Ather Rizta,Rizta S 2.9kWh,Family,2.9,2026,2026-07-29,970.0
V01565,CU00985,Ather 450X,450X 2.9kWh,Performance,2.9,2026,2026-09-06,598.0
V01566,CU00986,Ather 450X,450X 3.7kWh,Performance,3.7,2021,2021-12-08,65686.0
V01567,CU00987,Ather Rizta,Rizta Z 3.7kWh,Family,3.7,2026,2026-08-10,1361.0
V01568,CU00987,Ather Rizta,Rizta Z 3.7kWh,Family,3.7,2025,2025-06-13,12447.0
V01569,CU00988,Ather 450X,450X 3.7kWh,Performance,3.7,2022,2022-10-04,36766.0
V01570,CU00989,Ather 450 Apex,450 Apex 3.7kWh,Performance,3.7,2025,2025-12-10,5621.0
V01571,CU00990,Ather Rizta,Rizta Z 3.7kWh,Family,3.7,2025,2025-02-17,23306.0
V01572,CU00991,Ather Rizta,Rizta S 2.9kWh,Family,2.9,2024,2024-08-02,19196.0
V01573,CU00992,Ather 450X,450X 2.9kWh,Performance,2.9,2024,2024-03-24,31982.0
V01574,CU00993,Ather Rizta,Rizta Z 2.9kWh,Family,2.9,2025,2025-05-27,12351.0
V01575,CU00994,Ather 450X,450X 3.7kWh,Performance,3.7,2022,2022-07-05,39203.0
V01576,CU00995,Ather Rizta,Rizta S 2.9kWh,Family,2.9,2025,2025-05-15,15225.0
V01577,CU00996,Ather Rizta,Rizta Z 3.7kWh,Family,3.7,2025,2025-03-26,13941.0
V01578,CU00997,Ather 450X,450X 2.9kWh,Performance,2.9,2022,2022-12-22,156925.0
V01579,CU00997,Ather 450X,450X 3.7kWh,Performance,3.7,2022,2022-03-01,111286.0
V01580,CU00997,Ather 450X,450X 3.7kWh,Performance,3.7,2026,2026-02-05,22075.0
V01581,CU00997,Ather Rizta,Rizta Z 3.7kWh,Family,3.7,2025,2025-08-05,17030.0
V01582,CU00997,Ather Rizta,Rizta S 2.9kWh,Family,2.9,2025,2025-12-11,20576.0
V01583,CU00997,Ather Rizta,Rizta Z 2.9kWh,Family,2.9,2026,2026-04-14,16917.0
V01584,CU00998,Ather Rizta,Rizta Z 3.7kWh,Family,3.7,2026,2026-08-01,2184.0
V01585,CU00999,Ather 450 Apex,450 Apex 3.7kWh,Performance,3.7,2026,2026-04-22,4064.0
V01586,CU01000,Ather 450 Apex,450 Apex 3.7kWh,Performance,3.7,2025,2025-06-13,7976.0
V01587,CU01001,Ather Rizta,Rizta Z 3.7kWh,Family,3.7,2024,2024-08-04,22983.0
V01588,CU01002,Ather Rizta,Rizta Z 2.9kWh,Family,2.9,2025,2025-09-20,11328.0
V01589,CU01003,Ather Rizta,Rizta Z 2.9kWh,Family,2.9,2024,2024-08-31,51096.0
V01590,CU01003,Ather Rizta,Rizta Z 3.7kWh,Family,3.7,2024,2024-06-18,87985.0
V01591,CU01003,Ather 450X,450X 3.7kWh,Performance,3.7,2020,2020-03-08,207047.0
V01592,CU01003,Ather 450X,450X 3.7kWh,Performance,3.7,2021,2021-08-12,126864.0
V01593,CU01003,Ather Rizta,Rizta S 2.9kWh,Family,2.9,2024,2024-08-02,81729.0
V01594,CU01004,Ather 450X,450X 2.9kWh,Performance,2.9,2025,2025-02-07,21721.0
V01595,CU01005,Ather 450X,450X 2.9kWh,Performance,2.9,2025,2025-09-26,39899.0
V01596,CU01005,Ather Rizta,Rizta Z 2.9kWh,Family,2.9,2026,2026-05-06,11600.0
V01597,CU01005,Ather Rizta,Rizta Z 3.7kWh,Family,3.7,2026,2026-09-06,2248.0
V01598,CU01005,Ather Rizta,Rizta Z 2.9kWh,Family,2.9,2025,2025-07-11,47330.0
V01599,CU01006,Ather 450X,450X 3.7kWh,Performance,3.7,2023,2023-01-21,21501.0
V01600,CU01007,Ather Rizta,Rizta Z 2.9kWh,Family,2.9,2025,2025-02-18,11761.0
V01601,CU01008,Ather 450X,450X 3.7kWh,Performance,3.7,2023,2023-06-29,26170.0
V01602,CU01009,Ather Rizta,Rizta Z 3.7kWh,Family,3.7,2025,2025-04-08,18868.0
V01603,CU01010,Ather Rizta,Rizta S 2.9kWh,Family,2.9,2024,2024-07-10,49817.0
V01604,CU01010,Ather 450X,450X 2.9kWh,Performance,2.9,2024,2024-03-28,81655.0
V01605,CU01010,Ather 450X,450X 2.9kWh,Performance,2.9,2026,2026-01-02,32550.0
V01606,CU01010,Ather Rizta,Rizta S 2.9kWh,Family,2.9,2026,2026-07-21,5142.0
V01607,CU01010,Ather 450X,450X 2.9kWh,Performance,2.9,2021,2021-03-31,190790.0
V01608,CU01010,Ather Rizta,Rizta Z 3.7kWh,Family,3.7,2026,2026-07-21,5564.0
V01609,CU01010,Ather 450X,450X 2.9kWh,Performance,2.9,2023,2023-03-06,122456.0
V01610,CU01010,Ather Rizta,Rizta Z 2.9kWh,Family,2.9,2026,2026-01-30,21788.0
V01611,CU01010,Ather 450X,450X 2.9kWh,Performance,2.9,2020,2020-07-02,160483.0
V01612,CU01010,Ather Rizta,Rizta S 2.9kWh,Family,2.9,2025,2025-12-22,19933.0
V01613,CU01010,Ather 450X,450X 3.7kWh,Performance,3.7,2025,2025-02-06,46919.0
V01614,CU01010,Ather 450X,450X 3.7kWh,Performance,3.7,2022,2022-08-12,153136.0
V01615,CU01010,Ather Rizta,Rizta Z 3.7kWh,Family,3.7,2026,2026-02-25,15078.0
V01616,CU01010,Ather 450X,450X 3.7kWh,Performance,3.7,2021,2021-09-15,94336.0
V01617,CU01010,Ather Rizta,Rizta Z 3.7kWh,Family,3.7,2026,2026-06-09,9310.0
V01618,CU01010,Ather 450X,450X 3.7kWh,Performance,3.7,2021,2021-09-12,147658.0
V01619,CU01010,Ather 450X,450X 3.7kWh,Performance,3.7,2024,2024-10-09,43356.0
V01620,CU01010,Ather 450X,450X 3.7kWh,Performance,3.7,2025,2025-03-01,50382.0
V01621,CU01010,Ather 450X,450X 3.7kWh,Performance,3.7,2024,2024-04-20,72254.0
V01622,CU01010,Ather 450X,450X 2.9kWh,Performance,2.9,2022,2022-04-18,146820.0
V01623,CU01011,Ather 450 Apex,450 Apex 3.7kWh,Performance,3.7,2024,2024-04-02,19904.0
V01624,CU01012,Ather 450X,450X 3.7kWh,Performance,3.7,2022,2022-05-14,50253.0
V01625,CU01013,Ather Rizta,Rizta S 2.9kWh,Family,2.9,2025,2025-07-29,11973.0
V01626,CU01014,Ather Rizta,Rizta S 2.9kWh,Family,2.9,2025,2025-11-29,7470.0
V01627,CU01015,Ather Rizta,Rizta S 2.9kWh,Family,2.9,2024,2024-09-03,14133.0
V01628,CU01016,Ather Rizta,Rizta Z 3.7kWh,Family,3.7,2024,2024-12-28,18992.0
V01629,CU01017,Ather 450X,450X 3.7kWh,Performance,3.7,2026,2026-05-30,3001.0
V01630,CU01018,Ather 450 Apex,450 Apex 3.7kWh,Performance,3.7,2024,2024-05-16,25501.0
V01631,CU01019,Ather 450X,450X 3.7kWh,Performance,3.7,2021,2021-03-20,49914.0
V01632,CU01020,Ather Rizta,Rizta S 2.9kWh,Family,2.9,2025,2025-02-11,22165.0
V01633,CU01021,Ather Rizta,Rizta S 2.9kWh,Family,2.9,2024,2024-09-17,17047.0
V01634,CU01022,Ather Rizta,Rizta S 2.9kWh,Family,2.9,2025,2025-12-12,6278.0
V01635,CU01023,Ather 450X,450X 2.9kWh,Performance,2.9,2023,2023-10-01,14759.0
V01636,CU01024,Ather 450X,450X 3.7kWh,Performance,3.7,2025,2025-02-01,12258.0
V01637,CU01025,Ather 450X,450X 3.7kWh,Performance,3.7,2022,2022-12-31,39319.0
V01638,CU01026,Ather Rizta,Rizta Z 2.9kWh,Family,2.9,2026,2026-02-03,4884.0
V01639,CU01027,Ather Rizta,Rizta Z 2.9kWh,Family,2.9,2025,2025-03-23,14227.0
V01640,CU01028,Ather 450X,450X 3.7kWh,Performance,3.7,2026,2026-01-18,7184.0
V01641,CU01029,Ather Rizta,Rizta S 2.9kWh,Family,2.9,2025,2025-04-19,13791.0
V01642,CU01030,Ather 450X,450X 3.7kWh,Performance,3.7,2020,2020-12-23,94428.0
V01643,CU01030,Ather 450 Apex,450 Apex 3.7kWh,Performance,3.7,2024,2024-05-18,18171.0
V01644,CU01031,Ather Rizta,Rizta S 2.9kWh,Family,2.9,2026,2026-07-12,933.0
V01645,CU01032,Ather 450X,450X 3.7kWh,Performance,3.7,2024,2024-11-13,15681.0
V01646,CU01033,Ather Rizta,Rizta S 2.9kWh,Family,2.9,2024,2024-12-12,32525.0
V01647,CU01033,Ather Rizta,Rizta S 2.9kWh,Family,2.9,2025,2025-11-09,13878.0
V01648,CU01034,Ather 450X,450X 3.7kWh,Performance,3.7,2021,2021-10-11,27840.0
V01649,CU01035,Ather 450 Apex,450 Apex 3.7kWh,Performance,3.7,2024,2024-09-29,17951.0
V01650,CU01036,Ather Rizta,Rizta Z 2.9kWh,Family,2.9,2025,2025-08-26,9452.0
V01651,CU01037,Ather Rizta,Rizta S 2.9kWh,Family,2.9,2025,2025-02-15,21475.0
V01652,CU01038,Ather 450X,450X 2.9kWh,Performance,2.9,2023,2023-10-30,30108.0
V01653,CU01039,Ather 450X,450X 2.9kWh,Performance,2.9,2024,2024-12-01,16231.0
V01654,CU01040,Ather 450X,450X 3.7kWh,Performance,3.7,2024,2024-05-18,13934.0
V01655,CU01041,Ather Rizta,Rizta Z 3.7kWh,Family,3.7,2026,2026-03-27,4629.0
V01656,CU01042,Ather Rizta,Rizta S 2.9kWh,Family,2.9,2026,2026-01-06,5544.0
V01657,CU01043,Ather 450X,450X 3.7kWh,Performance,3.7,2022,2022-01-25,66090.0
V01658,CU01043,Ather Rizta,Rizta Z 3.7kWh,Family,3.7,2025,2025-09-06,5704.0
V01659,CU01044,Ather Rizta,Rizta S 2.9kWh,Family,2.9,2025,2025-07-03,11140.0
V01660,CU01045,Ather Rizta,Rizta S 2.9kWh,Family,2.9,2025,2025-09-11,7984.0
V01661,CU01046,Ather 450X,450X 2.9kWh,Performance,2.9,2021,2021-12-04,49716.0
V01662,CU01046,Ather 450X,450X 3.7kWh,Performance,3.7,2024,2024-04-24,38145.0
V01663,CU01047,Ather 450X,450X 2.9kWh,Performance,2.9,2021,2021-01-28,47431.0
V01664,CU01048,Ather Rizta,Rizta Z 2.9kWh,Family,2.9,2026,2026-01-23,6224.0
V01665,CU01049,Ather 450X,450X 3.7kWh,Performance,3.7,2024,2024-10-18,21449.0
V01666,CU01050,Ather Rizta,Rizta Z 2.9kWh,Family,2.9,2026,2026-06-07,5011.0
V01667,CU01050,Ather Rizta,Rizta Z 2.9kWh,Family,2.9,2024,2024-09-04,30285.0
V01668,CU01050,Ather 450X,450X 2.9kWh,Performance,2.9,2024,2024-07-03,49318.0
V01669,CU01050,Ather 450X,450X 2.9kWh,Performance,2.9,2025,2025-05-02,13175.0
V01670,CU01051,Ather 450X,450X 3.7kWh,Performance,3.7,2023,2023-05-30,39245.0
V01671,CU01052,Ather Rizta,Rizta S 2.9kWh,Family,2.9,2025,2025-09-07,8946.0
V01672,CU01053,Ather Rizta,Rizta Z 2.9kWh,Family,2.9,2024,2024-06-17,32200.0
V01673,CU01054,Ather Rizta,Rizta S 2.9kWh,Family,2.9,2024,2024-11-16,13578.0
V01674,CU01055,Ather 450 Apex,450 Apex 3.7kWh,Performance,3.7,2026,2026-02-25,4837.0
V01675,CU01055,Ather Rizta,Rizta Z 2.9kWh,Family,2.9,2026,2026-05-13,2216.0
V01676,CU01056,Ather Rizta,Rizta Z 2.9kWh,Family,2.9,2026,2026-05-28,2716.0
V01677,CU01056,Ather Rizta,Rizta Z 3.7kWh,Family,3.7,2024,2024-10-26,20429.0
V01678,CU01057,Ather Rizta,Rizta S 2.9kWh,Family,2.9,2024,2024-09-16,21065.0
V01679,CU01058,Ather 450 Apex,450 Apex 3.7kWh,Performance,3.7,2024,2024-12-23,13107.0
V01680,CU01059,Ather 450X,450X 3.7kWh,Performance,3.7,2026,2026-02-05,5944.0
V01681,CU01060,Ather Rizta,Rizta Z 3.7kWh,Family,3.7,2025,2025-07-30,8139.0
V01682,CU01061,Ather Rizta,Rizta Z 2.9kWh,Family,2.9,2026,2026-04-28,5208.0
V01683,CU01061,Ather 450X,450X 2.9kWh,Performance,2.9,2024,2024-08-11,26640.0
V01684,CU01062,Ather Rizta,Rizta Z 3.7kWh,Family,3.7,2026,2026-06-11,3697.0
V01685,CU01063,Ather Rizta,Rizta Z 3.7kWh,Family,3.7,2024,2024-07-26,15557.0
V01686,CU01064,Ather Rizta,Rizta Z 3.7kWh,Family,3.7,2025,2025-11-28,5601.0
V01687,CU01065,Ather 450X,450X 3.7kWh,Performance,3.7,2021,2021-06-26,55635.0
V01688,CU01066,Ather Rizta,Rizta Z 2.9kWh,Family,2.9,2026,2026-05-04,6160.0
V01689,CU01067,Ather 450 Apex,450 Apex 3.7kWh,Performance,3.7,2025,2025-05-23,20769.0
V01690,CU01068,Ather 450X,450X 3.7kWh,Performance,3.7,2023,2023-03-24,29453.0
V01691,CU01068,Ather Rizta,Rizta Z 2.9kWh,Family,2.9,2025,2025-10-12,10934.0
V01692,CU01069,Ather 450 Apex,450 Apex 3.7kWh,Performance,3.7,2025,2025-08-22,7478.0
V01693,CU01069,Ather 450X,450X 2.9kWh,Performance,2.9,2022,2022-09-12,21380.0
V01694,CU01070,Ather Rizta,Rizta Z 3.7kWh,Family,3.7,2024,2024-12-25,48827.0
V01695,CU01070,Ather Rizta,Rizta S 2.9kWh,Family,2.9,2024,2024-09-30,59325.0
V01696,CU01070,Ather Rizta,Rizta S 2.9kWh,Family,2.9,2025,2025-12-30,19946.0
V01697,CU01070,Ather 450X,450X 3.7kWh,Performance,3.7,2022,2022-01-28,116752.0
V01698,CU01070,Ather Rizta,Rizta Z 3.7kWh,Family,3.7,2025,2025-11-08,32761.0
V01699,CU01070,Ather 450X,450X 2.9kWh,Performance,2.9,2020,2020-08-23,154394.0
V01700,CU01070,Ather Rizta,Rizta Z 3.7kWh,Family,3.7,2024,2024-09-07,93842.0
V01701,CU01070,Ather Rizta,Rizta Z 3.7kWh,Family,3.7,2024,2024-12-28,46721.0
V01702,CU01070,Ather Rizta,Rizta Z 3.7kWh,Family,3.7,2025,2025-01-16,46854.0
V01703,CU01070,Ather 450X,450X 3.7kWh,Performance,3.7,2020,2020-01-18,231211.0
V01704,CU01071,Ather 450X,450X 3.7kWh,Performance,3.7,2021,2021-02-10,51230.0
V01705,CU01072,Ather Rizta,Rizta Z 2.9kWh,Family,2.9,2026,2026-02-19,6838.0
V01706,CU01072,Ather Rizta,Rizta Z 3.7kWh,Family,3.7,2026,2026-08-13,993.0
V01707,CU01073,Ather 450X,450X 2.9kWh,Performance,2.9,2020,2020-08-26,29278.0
V01708,CU01074,Ather 450X,450X 2.9kWh,Performance,2.9,2020,2020-03-23,37437.0
V01709,CU01075,Ather Rizta,Rizta Z 2.9kWh,Family,2.9,2026,2026-06-13,2124.0
V01710,CU01076,Ather Rizta,Rizta S 2.9kWh,Family,2.9,2024,2024-11-12,19455.0
V01711,CU01077,Ather 450 Apex,450 Apex 3.7kWh,Performance,3.7,2024,2024-08-30,30203.0
V01712,CU01078,Ather 450X,450X 2.9kWh,Performance,2.9,2024,2024-09-09,18672.0
V01713,CU01079,Ather Rizta,Rizta Z 2.9kWh,Family,2.9,2025,2025-09-23,10159.0
V01714,CU01080,Ather Rizta,Rizta S 2.9kWh,Family,2.9,2025,2025-02-16,13111.0
V01715,CU01081,Ather 450X,450X 2.9kWh,Performance,2.9,2024,2024-05-11,17465.0
V01716,CU01081,Ather Rizta,Rizta Z 2.9kWh,Family,2.9,2024,2024-11-12,16775.0
V01717,CU01082,Ather Rizta,Rizta Z 3.7kWh,Family,3.7,2026,2026-02-21,7120.0
V01718,CU01083,Ather 450 Apex,450 Apex 3.7kWh,Performance,3.7,2026,2026-06-01,4031.0
V01719,CU01084,Ather 450X,450X 3.7kWh,Performance,3.7,2022,2022-06-21,50764.0
V01720,CU01085,Ather 450X,450X 3.7kWh,Performance,3.7,2025,2025-09-01,6370.0
V01721,CU01086,Ather 450X,450X 3.7kWh,Performance,3.7,2023,2023-12-14,36840.0
V01722,CU01087,Ather 450X,450X 2.9kWh,Performance,2.9,2024,2024-10-13,60000.0
V01723,CU01087,Ather 450X,450X 2.9kWh,Performance,2.9,2026,2026-05-14,12879.0
V01724,CU01087,Ather 450X,450X 2.9kWh,Performance,2.9,2025,2025-08-28,32045.0
V01725,CU01087,Ather Rizta,Rizta S 2.9kWh,Family,2.9,2025,2025-08-27,31399.0
V01726,CU01087,Ather Rizta,Rizta Z 3.7kWh,Family,3.7,2025,2025-12-27,25537.0
V01727,CU01087,Ather 450X,450X 3.7kWh,Performance,3.7,2026,2026-05-31,11480.0
V01728,CU01087,Ather 450X,450X 3.7kWh,Performance,3.7,2022,2022-08-02,84538.0
V01729,CU01087,Ather 450X,450X 3.7kWh,Performance,3.7,2026,2026-01-03,29016.0
V01730,CU01087,Ather 450X,450X 2.9kWh,Performance,2.9,2023,2023-05-29,117481.0
V01731,CU01087,Ather Rizta,Rizta S 2.9kWh,Family,2.9,2026,2026-06-12,8700.0
V01732,CU01087,Ather 450X,450X 3.7kWh,Performance,3.7,2026,2026-01-16,18504.0
V01733,CU01087,Ather 450X,450X 2.9kWh,Performance,2.9,2020,2020-11-07,110196.0
V01734,CU01087,Ather Rizta,Rizta S 2.9kWh,Family,2.9,2025,2025-11-14,27532.0
V01735,CU01087,Ather Rizta,Rizta Z 2.9kWh,Family,2.9,2025,2025-03-07,30595.0
V01736,CU01087,Ather 450X,450X 3.7kWh,Performance,3.7,2026,2026-06-07,7373.0
V01737,CU01087,Ather Rizta,Rizta Z 2.9kWh,Family,2.9,2024,2024-09-22,44186.0
V01738,CU01087,Ather 450X,450X 2.9kWh,Performance,2.9,2022,2022-01-28,106255.0
V01739,CU01087,Ather 450X,450X 3.7kWh,Performance,3.7,2023,2023-02-14,103437.0
V01740,CU01087,Ather Rizta,Rizta Z 2.9kWh,Family,2.9,2025,2025-02-25,52902.0
V01741,CU01087,Ather Rizta,Rizta S 2.9kWh,Family,2.9,2025,2025-09-04,38893.0
V01742,CU01088,Ather Rizta,Rizta S 2.9kWh,Family,2.9,2025,2025-10-01,14511.0
V01743,CU01089,Ather Rizta,Rizta Z 2.9kWh,Family,2.9,2026,2026-06-01,2177.0
V01744,CU01090,Ather Rizta,Rizta Z 3.7kWh,Family,3.7,2026,2026-02-10,5648.0
V01745,CU01091,Ather Rizta,Rizta Z 2.9kWh,Family,2.9,2025,2025-03-16,37697.0
V01746,CU01091,Ather 450X,450X 2.9kWh,Performance,2.9,2024,2024-10-29,68342.0
V01747,CU01091,Ather 450X,450X 2.9kWh,Performance,2.9,2025,2025-06-19,37148.0
V01748,CU01091,Ather Rizta,Rizta S 2.9kWh,Family,2.9,2024,2024-07-12,40902.0
V01749,CU01091,Ather 450X,450X 3.7kWh,Performance,3.7,2020,2020-04-18,199487.0
V01750,CU01091,Ather 450X,450X 3.7kWh,Performance,3.7,2021,2021-03-27,166548.0
V01751,CU01091,Ather Rizta,Rizta Z 3.7kWh,Family,3.7,2024,2024-12-15,55056.0
V01752,CU01091,Ather 450X,450X 3.7kWh,Performance,3.7,2020,2020-05-22,245991.0
V01753,CU01092,Ather Rizta,Rizta Z 3.7kWh,Family,3.7,2026,2026-02-09,8048.0
V01754,CU01093,Ather Rizta,Rizta S 2.9kWh,Family,2.9,2025,2025-08-21,11716.0
V01755,CU01094,Ather 450X,450X 3.7kWh,Performance,3.7,2021,2021-10-12,52373.0
V01756,CU01095,Ather 450X,450X 3.7kWh,Performance,3.7,2024,2024-10-28,12284.0
V01757,CU01096,Ather 450X,450X 2.9kWh,Performance,2.9,2025,2025-07-17,10510.0
V01758,CU01097,Ather 450X,450X 2.9kWh,Performance,2.9,2026,2026-05-16,2438.0
V01759,CU01097,Ather 450X,450X 2.9kWh,Performance,2.9,2025,2025-05-28,13196.0
V01760,CU01098,Ather Rizta,Rizta S 2.9kWh,Family,2.9,2026,2026-05-02,3876.0
V01761,CU01099,Ather 450X,450X 2.9kWh,Performance,2.9,2024,2024-12-10,25985.0
V01762,CU01099,Ather 450 Apex,450 Apex 3.7kWh,Performance,3.7,2026,2026-05-12,3290.0
V01763,CU01100,Ather Rizta,Rizta Z 3.7kWh,Family,3.7,2025,2025-06-13,11841.0
V01764,CU01101,Ather 450X,450X 3.7kWh,Performance,3.7,2023,2023-12-14,24742.0
V01765,CU01102,Ather 450 Apex,450 Apex 3.7kWh,Performance,3.7,2024,2024-04-06,28789.0
V01766,CU01103,Ather 450X,450X 3.7kWh,Performance,3.7,2022,2022-11-11,35269.0
V01767,CU01104,Ather Rizta,Rizta S 2.9kWh,Family,2.9,2026,2026-01-05,8852.0
V01768,CU01105,Ather 450X,450X 3.7kWh,Performance,3.7,2023,2023-07-28,46049.0
V01769,CU01105,Ather 450X,450X 3.7kWh,Performance,3.7,2025,2025-05-21,15403.0
V01770,CU01106,Ather Rizta,Rizta S 2.9kWh,Family,2.9,2026,2026-07-07,3080.0
V01771,CU01107,Ather 450X,450X 2.9kWh,Performance,2.9,2021,2021-08-03,52208.0
V01772,CU01108,Ather 450X,450X 2.9kWh,Performance,2.9,2025,2025-01-13,15492.0
V01773,CU01109,Ather Rizta,Rizta Z 3.7kWh,Family,3.7,2024,2024-09-23,13448.0
V01774,CU01110,Ather Rizta,Rizta Z 3.7kWh,Family,3.7,2026,2026-01-21,7302.0
V01775,CU01111,Ather 450X,450X 3.7kWh,Performance,3.7,2026,2026-05-07,3101.0
V01776,CU01112,Ather Rizta,Rizta S 2.9kWh,Family,2.9,2026,2026-01-26,12293.0
V01777,CU01112,Ather Rizta,Rizta Z 2.9kWh,Family,2.9,2024,2024-09-10,70400.0
V01778,CU01112,Ather 450X,450X 3.7kWh,Performance,3.7,2020,2020-11-15,150945.0
V01779,CU01112,Ather Rizta,Rizta Z 2.9kWh,Family,2.9,2026,2026-03-29,16068.0
V01780,CU01112,Ather Rizta,Rizta Z 2.9kWh,Family,2.9,2026,2026-07-20,6888.0
V01781,CU01112,Ather Rizta,Rizta S 2.9kWh,Family,2.9,2026,2026-01-11,23371.0
V01782,CU01112,Ather 450X,450X 3.7kWh,Performance,3.7,2021,2021-02-25,117169.0
V01783,CU01112,Ather 450X,450X 3.7kWh,Performance,3.7,2021,2021-05-13,193171.0
V01784,CU01112,Ather 450X,450X 3.7kWh,Performance,3.7,2026,2026-05-27,13087.0
V01785,CU01112,Ather Rizta,Rizta S 2.9kWh,Family,2.9,2026,2026-02-25,20509.0
V01786,CU01112,Ather Rizta,Rizta Z 2.9kWh,Family,2.9,2025,2025-05-15,39212.0
V01787,CU01112,Ather Rizta,Rizta S 2.9kWh,Family,2.9,2024,2024-06-04,77651.0
V01788,CU01112,Ather 450X,450X 3.7kWh,Performance,3.7,2021,2021-12-15,107618.0
V01789,CU01113,Ather Rizta,Rizta S 2.9kWh,Family,2.9,2025,2025-10-13,6391.0
V01790,CU01114,Ather Rizta,Rizta Z 2.9kWh,Family,2.9,2025,2025-11-25,10812.0
V01791,CU01115,Ather 450X,450X 3.7kWh,Performance,3.7,2024,2024-11-13,23166.0
V01792,CU01115,Ather Rizta,Rizta S 2.9kWh,Family,2.9,2026,2026-08-25,908.0
V01793,CU01116,Ather Rizta,Rizta S 2.9kWh,Family,2.9,2025,2025-07-19,8808.0
V01794,CU01117,Ather 450X,450X 3.7kWh,Performance,3.7,2023,2023-04-07,29212.0
V01795,CU01118,Ather 450X,450X 3.7kWh,Performance,3.7,2024,2024-12-13,11014.0
V01796,CU01119,Ather Rizta,Rizta Z 3.7kWh,Family,3.7,2026,2026-09-06,424.0
V01797,CU01120,Ather Rizta,Rizta Z 2.9kWh,Family,2.9,2025,2025-08-17,27674.0
V01798,CU01120,Ather 450X,450X 3.7kWh,Performance,3.7,2021,2021-10-31,135777.0
V01799,CU01120,Ather 450X,450X 2.9kWh,Performance,2.9,2022,2022-02-02,140241.0
V01800,CU01120,Ather Rizta,Rizta Z 3.7kWh,Family,3.7,2026,2026-02-07,21406.0
V01801,CU01120,Ather Rizta,Rizta Z 3.7kWh,Family,3.7,2026,2026-02-24,20186.0
V01802,CU01120,Ather Rizta,Rizta S 2.9kWh,Family,2.9,2025,2025-04-17,46456.0
V01803,CU01120,Ather 450X,450X 2.9kWh,Performance,2.9,2023,2023-02-22,151199.0
V01804,CU01120,Ather 450X,450X 2.9kWh,Performance,2.9,2020,2020-11-21,136026.0
V01805,CU01120,Ather Rizta,Rizta Z 3.7kWh,Family,3.7,2025,2025-09-17,30849.0
V01806,CU01120,Ather 450X,450X 3.7kWh,Performance,3.7,2021,2021-06-02,132215.0
V01807,CU01120,Ather 450X,450X 2.9kWh,Performance,2.9,2026,2026-07-11,5495.0
V01808,CU01120,Ather Rizta,Rizta S 2.9kWh,Family,2.9,2024,2024-10-31,71962.0
V01809,CU01120,Ather Rizta,Rizta Z 3.7kWh,Family,3.7,2026,2026-07-16,5364.0
V01810,CU01121,Ather Rizta,Rizta S 2.9kWh,Family,2.9,2024,2024-12-02,13069.0
V01811,CU01122,Ather Rizta,Rizta S 2.9kWh,Family,2.9,2024,2024-12-12,18954.0
V01812,CU01123,Ather 450X,450X 2.9kWh,Performance,2.9,2026,2026-08-30,1137.0
V01813,CU01124,Ather 450X,450X 2.9kWh,Performance,2.9,2023,2023-07-07,36874.0
V01814,CU01125,Ather 450X,450X 3.7kWh,Performance,3.7,2021,2021-03-06,42121.0
V01815,CU01126,Ather 450X,450X 2.9kWh,Performance,2.9,2020,2020-08-18,75428.0
V01816,CU01127,Ather Rizta,Rizta Z 2.9kWh,Family,2.9,2024,2024-07-24,23264.0
V01817,CU01128,Ather 450X,450X 2.9kWh,Performance,2.9,2026,2026-08-17,4740.0
V01818,CU01128,Ather 450X,450X 2.9kWh,Performance,2.9,2022,2022-04-08,121558.0
V01819,CU01128,Ather Rizta,Rizta Z 2.9kWh,Family,2.9,2026,2026-08-04,4657.0
V01820,CU01128,Ather Rizta,Rizta S 2.9kWh,Family,2.9,2024,2024-06-03,74996.0
V01821,CU01128,Ather Rizta,Rizta Z 2.9kWh,Family,2.9,2025,2025-01-16,52193.0
V01822,CU01128,Ather 450X,450X 3.7kWh,Performance,3.7,2026,2026-01-20,22553.0
V01823,CU01128,Ather 450X,450X 2.9kWh,Performance,2.9,2026,2026-08-05,3182.0
V01824,CU01128,Ather Rizta,Rizta Z 2.9kWh,Family,2.9,2026,2026-06-12,8623.0
V01825,CU01128,Ather Rizta,Rizta S 2.9kWh,Family,2.9,2025,2025-05-22,45320.0
V01826,CU01128,Ather 450X,450X 2.9kWh,Performance,2.9,2021,2021-03-06,102921.0
V01827,CU01128,Ather 450X,450X 3.7kWh,Performance,3.7,2026,2026-06-12,10823.0
V01828,CU01128,Ather 450X,450X 3.7kWh,Performance,3.7,2025,2025-09-26,48122.0
V01829,CU01128,Ather 450X,450X 2.9kWh,Performance,2.9,2021,2021-03-27,131846.0
V01830,CU01128,Ather Rizta,Rizta S 2.9kWh,Family,2.9,2025,2025-07-27,27012.0
V01831,CU01128,Ather 450X,450X 3.7kWh,Performance,3.7,2022,2022-07-23,128862.0
V01832,CU01128,Ather 450X,450X 2.9kWh,Performance,2.9,2026,2026-06-18,8092.0
V01833,CU01128,Ather 450X,450X 2.9kWh,Performance,2.9,2025,2025-12-09,22303.0
V01834,CU01128,Ather Rizta,Rizta Z 3.7kWh,Family,3.7,2026,2026-03-12,11151.0
V01835,CU01128,Ather Rizta,Rizta Z 2.9kWh,Family,2.9,2025,2025-06-11,40947.0
V01836,CU01128,Ather Rizta,Rizta S 2.9kWh,Family,2.9,2025,2025-08-17,31445.0
V01837,CU01129,Ather Rizta,Rizta Z 3.7kWh,Family,3.7,2025,2025-04-03,19174.0
V01838,CU01130,Ather 450X,450X 3.7kWh,Performance,3.7,2020,2020-05-28,48605.0
V01839,CU01131,Ather Rizta,Rizta Z 3.7kWh,Family,3.7,2025,2025-06-03,12918.0
V01840,CU01132,Ather 450 Apex,450 Apex 3.7kWh,Performance,3.7,2024,2024-03-21,22632.0
V01841,CU01133,Ather Rizta,Rizta Z 2.9kWh,Family,2.9,2026,2026-04-24,4486.0
V01842,CU01134,Ather 450X,450X 3.7kWh,Performance,3.7,2022,2022-08-20,53544.0
V01843,CU01134,Ather Rizta,Rizta Z 3.7kWh,Family,3.7,2025,2025-08-05,14531.0
V01844,CU01134,Ather Rizta,Rizta Z 2.9kWh,Family,2.9,2025,2025-10-13,14409.0
V01845,CU01135,Ather 450X,450X 3.7kWh,Performance,3.7,2023,2023-06-15,29563.0
V01846,CU01136,Ather Rizta,Rizta Z 2.9kWh,Family,2.9,2024,2024-10-18,30237.0
V01847,CU01137,Ather 450X,450X 2.9kWh,Performance,2.9,2020,2020-03-31,62043.0
V01848,CU01138,Ather Rizta,Rizta Z 2.9kWh,Family,2.9,2025,2025-05-13,11237.0
V01849,CU01139,Ather 450X,450X 2.9kWh,Performance,2.9,2022,2022-03-01,46730.0
V01850,CU01140,Ather Rizta,Rizta Z 3.7kWh,Family,3.7,2025,2025-04-09,14313.0
V01851,CU01141,Ather Rizta,Rizta S 2.9kWh,Family,2.9,2025,2025-02-16,15496.0
V01852,CU01142,Ather 450 Apex,450 Apex 3.7kWh,Performance,3.7,2025,2025-02-19,13324.0
V01853,CU01143,Ather Rizta,Rizta Z 3.7kWh,Family,3.7,2025,2025-08-22,13781.0
V01854,CU01143,Ather Rizta,Rizta S 2.9kWh,Family,2.9,2025,2025-01-30,17438.0
V01855,CU01143,Ather Rizta,Rizta S 2.9kWh,Family,2.9,2024,2024-10-12,33148.0
V01856,CU01144,Ather 450X,450X 2.9kWh,Performance,2.9,2022,2022-06-04,38893.0
V01857,CU01145,Ather Rizta,Rizta S 2.9kWh,Family,2.9,2026,2026-04-22,5369.0
V01858,CU01146,Ather Rizta,Rizta S 2.9kWh,Family,2.9,2026,2026-04-18,4883.0
V01859,CU01147,Ather Rizta,Rizta Z 2.9kWh,Family,2.9,2025,2025-04-13,15343.0
V01860,CU01148,Ather 450X,450X 3.7kWh,Performance,3.7,2025,2025-03-26,8226.0
V01861,CU01149,Ather Rizta,Rizta S 2.9kWh,Family,2.9,2024,2024-08-12,19238.0
V01862,CU01150,Ather Rizta,Rizta Z 3.7kWh,Family,3.7,2026,2026-01-27,7006.0
V01863,CU01151,Ather Rizta,Rizta Z 3.7kWh,Family,3.7,2024,2024-06-18,25233.0
V01864,CU01152,Ather Rizta,Rizta Z 3.7kWh,Family,3.7,2025,2025-03-02,8655.0
V01865,CU01152,Ather 450X,450X 3.7kWh,Performance,3.7,2024,2024-11-23,25387.0
V01866,CU01153,Ather 450X,450X 2.9kWh,Performance,2.9,2025,2025-10-26,12663.0
V01867,CU01154,Ather Rizta,Rizta Z 2.9kWh,Family,2.9,2026,2026-03-26,5452.0
V01868,CU01155,Ather 450 Apex,450 Apex 3.7kWh,Performance,3.7,2024,2024-03-03,23210.0
V01869,CU01156,Ather Rizta,Rizta S 2.9kWh,Family,2.9,2025,2025-06-14,15969.0
V01870,CU01157,Ather 450X,450X 3.7kWh,Performance,3.7,2026,2026-06-23,2814.0
V01871,CU01158,Ather 450X,450X 3.7kWh,Performance,3.7,2023,2023-03-13,26469.0
V01872,CU01159,Ather Rizta,Rizta Z 2.9kWh,Family,2.9,2025,2025-09-11,6948.0
V01873,CU01160,Ather 450X,450X 3.7kWh,Performance,3.7,2022,2022-10-23,33882.0
V01874,CU01161,Ather 450X,450X 3.7kWh,Performance,3.7,2025,2025-01-06,14777.0
V01875,CU01162,Ather 450X,450X 3.7kWh,Performance,3.7,2026,2026-04-21,4169.0
V01876,CU01163,Ather 450 Apex,450 Apex 3.7kWh,Performance,3.7,2025,2025-08-01,9772.0
V01877,CU01164,Ather 450X,450X 3.7kWh,Performance,3.7,2022,2022-10-10,50255.0
V01878,CU01165,Ather 450X,450X 3.7kWh,Performance,3.7,2025,2025-07-30,16022.0
V01879,CU01166,Ather Rizta,Rizta Z 3.7kWh,Family,3.7,2026,2026-04-24,5365.0
V01880,CU01167,Ather Rizta,Rizta Z 2.9kWh,Family,2.9,2025,2025-10-03,6475.0
V01881,CU01168,Ather 450 Apex,450 Apex 3.7kWh,Performance,3.7,2026,2026-05-04,4101.0
V01882,CU01169,Ather Rizta,Rizta Z 2.9kWh,Family,2.9,2024,2024-10-28,25747.0
V01883,CU01170,Ather 450X,450X 3.7kWh,Performance,3.7,2020,2020-05-23,82208.0
V01884,CU01171,Ather 450X,450X 3.7kWh,Performance,3.7,2021,2021-11-25,48450.0
V01885,CU01172,Ather 450X,450X 2.9kWh,Performance,2.9,2023,2023-07-19,24460.0
V01886,CU01173,Ather 450X,450X 3.7kWh,Performance,3.7,2022,2022-09-13,28939.0
V01887,CU01174,Ather 450X,450X 3.7kWh,Performance,3.7,2024,2024-08-16,16489.0
V01888,CU01175,Ather Rizta,Rizta S 2.9kWh,Family,2.9,2026,2026-01-16,6765.0
V01889,CU01175,Ather 450 Apex,450 Apex 3.7kWh,Performance,3.7,2025,2025-01-31,20635.0
V01890,CU01176,Ather 450X,450X 2.9kWh,Performance,2.9,2021,2021-04-26,45160.0
V01891,CU01177,Ather 450X,450X 3.7kWh,Performance,3.7,2020,2020-04-08,44307.0
V01892,CU01178,Ather 450X,450X 3.7kWh,Performance,3.7,2020,2020-07-22,55656.0
V01893,CU01179,Ather 450X,450X 3.7kWh,Performance,3.7,2020,2020-07-25,251903.0
V01894,CU01179,Ather Rizta,Rizta S 2.9kWh,Family,2.9,2025,2025-09-15,24141.0
V01895,CU01179,Ather Rizta,Rizta S 2.9kWh,Family,2.9,2025,2025-04-02,34209.0
V01896,CU01179,Ather Rizta,Rizta Z 3.7kWh,Family,3.7,2026,2026-07-22,5813.0
V01897,CU01179,Ather Rizta,Rizta S 2.9kWh,Family,2.9,2024,2024-12-12,51079.0
V01898,CU01179,Ather 450X,450X 2.9kWh,Performance,2.9,2023,2023-03-22,101757.0
V01899,CU01179,Ather 450X,450X 2.9kWh,Performance,2.9,2020,2020-12-22,148548.0
V01900,CU01179,Ather Rizta,Rizta Z 3.7kWh,Family,3.7,2026,2026-08-12,3857.0
V01901,CU01179,Ather 450X,450X 2.9kWh,Performance,2.9,2023,2023-10-19,69775.0
V01902,CU01179,Ather Rizta,Rizta S 2.9kWh,Family,2.9,2026,2026-05-26,6645.0
V01903,CU01179,Ather Rizta,Rizta Z 3.7kWh,Family,3.7,2025,2025-05-16,45884.0
V01904,CU01179,Ather Rizta,Rizta Z 3.7kWh,Family,3.7,2025,2025-12-03,26195.0
V01905,CU01179,Ather 450X,450X 3.7kWh,Performance,3.7,2024,2024-10-05,59422.0
V01906,CU01179,Ather 450X,450X 2.9kWh,Performance,2.9,2020,2020-03-02,196193.0
V01907,CU01179,Ather 450X,450X 3.7kWh,Performance,3.7,2021,2021-03-29,136662.0
V01908,CU01179,Ather 450X,450X 2.9kWh,Performance,2.9,2024,2024-02-15,63474.0
V01909,CU01179,Ather Rizta,Rizta Z 2.9kWh,Family,2.9,2025,2025-03-24,38867.0
V01910,CU01180,Ather Rizta,Rizta Z 2.9kWh,Family,2.9,2024,2024-10-07,80642.0
V01911,CU01180,Ather Rizta,Rizta Z 2.9kWh,Family,2.9,2025,2025-12-07,20008.0
V01912,CU01180,Ather Rizta,Rizta Z 3.7kWh,Family,3.7,2024,2024-06-27,33000.0
V01913,CU01180,Ather Rizta,Rizta S 2.9kWh,Family,2.9,2024,2024-07-22,86111.0
V01914,CU01180,Ather Rizta,Rizta Z 3.7kWh,Family,3.7,2026,2026-03-01,14067.0
V01915,CU01180,Ather Rizta,Rizta Z 3.7kWh,Family,3.7,2024,2024-10-27,31138.0
V01916,CU01180,Ather 450X,450X 2.9kWh,Performance,2.9,2024,2024-11-07,
V01917,CU01180,Ather 450X,450X 3.7kWh,Performance,3.7,2022,2022-02-22,115310.0
V01918,CU01180,Ather Rizta,Rizta Z 3.7kWh,Family,3.7,2025,2025-06-03,53784.0
V01919,CU01180,Ather Rizta,Rizta Z 3.7kWh,Family,3.7,2025,2025-03-02,62893.0
V01920,CU01180,Ather Rizta,Rizta S 2.9kWh,Family,2.9,2024,2024-06-25,61043.0
V01921,CU01180,Ather Rizta,Rizta Z 3.7kWh,Family,3.7,2024,2024-12-24,25800.0
V01922,CU01180,Ather Rizta,Rizta S 2.9kWh,Family,2.9,2025,2025-08-10,35781.0
V01923,CU01180,Ather Rizta,Rizta Z 3.7kWh,Family,3.7,2024,2024-09-10,88202.0
V01924,CU01180,Ather Rizta,Rizta Z 3.7kWh,Family,3.7,2025,2025-02-21,33347.0
V01925,CU01180,Ather Rizta,Rizta Z 3.7kWh,Family,3.7,2024,2024-06-05,85097.0
V01926,CU01180,Ather 450X,450X 3.7kWh,Performance,3.7,2022,2022-03-05,144673.0
V01927,CU01180,Ather Rizta,Rizta S 2.9kWh,Family,2.9,2025,2025-02-11,29657.0
V01928,CU01181,Ather 450X,450X 3.7kWh,Performance,3.7,2021,2021-05-06,32850.0
V01929,CU01182,Ather 450X,450X 3.7kWh,Performance,3.7,2020,2020-06-26,65791.0
V01930,CU01183,Ather 450X,450X 3.7kWh,Performance,3.7,2020,2020-09-24,56493.0
V01931,CU01184,Ather Rizta,Rizta Z 3.7kWh,Family,3.7,2025,2025-12-05,8742.0
V01932,CU01185,Ather 450X,450X 3.7kWh,Performance,3.7,2024,2024-12-22,20161.0
V01933,CU01186,Ather 450X,450X 3.7kWh,Performance,3.7,2022,2022-05-21,23928.0
V01934,CU01187,Ather 450X,450X 3.7kWh,Performance,3.7,2023,2023-09-11,31042.0
V01935,CU01188,Ather Rizta,Rizta Z 3.7kWh,Family,3.7,2024,2024-08-15,21828.0
V01936,CU01189,Ather Rizta,Rizta Z 3.7kWh,Family,3.7,2026,2026-04-05,4798.0
V01937,CU01190,Ather 450X,450X 3.7kWh,Performance,3.7,2022,2022-05-16,53104.0
V01938,CU01191,Ather Rizta,Rizta S 2.9kWh,Family,2.9,2026,2026-06-14,1652.0
V01939,CU01192,Ather 450X,450X 2.9kWh,Performance,2.9,2024,2024-04-10,33106.0
V01940,CU01193,Ather Rizta,Rizta Z 2.9kWh,Family,2.9,2026,2026-06-02,1860.0
V01941,CU01194,Ather Rizta,Rizta Z 2.9kWh,Family,2.9,2025,2025-03-24,20239.0
V01942,CU01195,Ather Rizta,Rizta S 2.9kWh,Family,2.9,2025,2025-07-27,15368.0
V01943,CU01196,Ather Rizta,Rizta Z 3.7kWh,Family,3.7,2024,2024-06-08,18720.0
V01944,CU01196,Ather 450X,450X 3.7kWh,Performance,3.7,2024,2024-05-30,18955.0
V01945,CU01197,Ather 450X,450X 2.9kWh,Performance,2.9,2022,2022-11-29,34725.0
V01946,CU01198,Ather Rizta,Rizta Z 3.7kWh,Family,3.7,2024,2024-12-11,21608.0
V01947,CU01199,Ather Rizta,Rizta S 2.9kWh,Family,2.9,2026,2026-02-05,3305.0
V01948,CU01200,Ather 450X,450X 2.9kWh,Performance,2.9,2022,2022-06-10,56562.0
V01949,CU01201,Ather 450X,450X 3.7kWh,Performance,3.7,2022,2022-10-16,57493.0
V01950,CU01202,Ather 450X,450X 2.9kWh,Performance,2.9,2023,2023-12-01,29793.0
V01951,CU01203,Ather 450X,450X 2.9kWh,Performance,2.9,2020,2020-12-28,61359.0
V01952,CU01204,Ather 450 Apex,450 Apex 3.7kWh,Performance,3.7,2025,2025-06-22,9188.0
V01953,CU01205,Ather 450 Apex,450 Apex 3.7kWh,Performance,3.7,2026,2026-03-23,4582.0
V01954,CU01206,Ather 450X,450X 3.7kWh,Performance,3.7,2020,2020-04-22,48002.0
V01955,CU01207,Ather Rizta,Rizta Z 2.9kWh,Family,2.9,2025,2025-01-21,16929.0
V01956,CU01208,Ather Rizta,Rizta S 2.9kWh,Family,2.9,2025,2025-01-20,15568.0
V01957,CU01209,Ather Rizta,Rizta S 2.9kWh,Family,2.9,2024,2024-06-29,22132.0
V01958,CU01210,Ather 450X,450X 2.9kWh,Performance,2.9,2022,2022-02-27,26000.0
V01959,CU01211,Ather Rizta,Rizta Z 3.7kWh,Family,3.7,2026,2026-04-12,3540.0
V01960,CU01211,Ather 450X,450X 2.9kWh,Performance,2.9,2020,2020-03-16,52677.0
V01961,CU01212,Ather 450X,450X 3.7kWh,Performance,3.7,2021,2021-12-13,41176.0
V01962,CU01213,Ather 450X,450X 3.7kWh,Performance,3.7,2022,2022-04-05,42350.0
V01963,CU01214,Ather Rizta,Rizta Z 2.9kWh,Family,2.9,2024,2024-08-16,18263.0
V01964,CU01215,Ather Rizta,Rizta Z 3.7kWh,Family,3.7,2026,2026-02-13,5150.0
V01965,CU01216,Ather 450X,450X 3.7kWh,Performance,3.7,2026,2026-06-20,1625.0
V01966,CU01217,Ather 450X,450X 3.7kWh,Performance,3.7,2021,2021-09-07,64137.0
V01967,CU01218,Ather Rizta,Rizta Z 2.9kWh,Family,2.9,2025,2025-08-19,5680.0
V01968,CU01218,Ather Rizta,Rizta Z 3.7kWh,Family,3.7,2025,2025-06-17,17045.0
V01969,CU01219,Ather Rizta,Rizta S 2.9kWh,Family,2.9,2025,2025-09-18,9193.0
V01970,CU01220,Ather 450X,450X 3.7kWh,Performance,3.7,2023,2023-11-15,29117.0
V01971,CU01221,Ather Rizta,Rizta Z 3.7kWh,Family,3.7,2024,2024-06-04,23250.0
V01972,CU01222,Ather 450X,450X 3.7kWh,Performance,3.7,2021,2021-02-15,62941.0
V01973,CU01223,Ather Rizta,Rizta S 2.9kWh,Family,2.9,2025,2025-11-20,7037.0
V01974,CU01224,Ather Rizta,Rizta S 2.9kWh,Family,2.9,2025,2025-10-11,10075.0
V01975,CU01225,Ather 450X,450X 3.7kWh,Performance,3.7,2021,2021-03-08,39851.0
V01976,CU01226,Ather Rizta,Rizta S 2.9kWh,Family,2.9,2026,2026-01-25,4803.0
V01977,CU01227,Ather Rizta,Rizta S 2.9kWh,Family,2.9,2026,2026-07-26,2085.0
V01978,CU01228,Ather 450X,450X 3.7kWh,Performance,3.7,2026,2026-06-10,2538.0
V01979,CU01229,Ather 450X,450X 2.9kWh,Performance,2.9,2026,2026-06-13,3098.0
V01980,CU01230,Ather 450X,450X 3.7kWh,Performance,3.7,2020,2020-07-06,54210.0
V01981,CU01231,Ather 450X,450X 2.9kWh,Performance,2.9,2022,2022-08-24,49464.0
V01982,CU01232,Ather 450 Apex,450 Apex 3.7kWh,Performance,3.7,2025,2025-09-13,12806.0
V01983,CU01233,Ather Rizta,Rizta Z 2.9kWh,Family,2.9,2026,2026-07-18,1788.0
V01984,CU01234,Ather Rizta,Rizta S 2.9kWh,Family,2.9,2024,2024-06-08,20804.0
V01985,CU01235,Ather Rizta,Rizta Z 2.9kWh,Family,2.9,2026,2026-03-23,6563.0
V01986,CU01236,Ather Rizta,Rizta Z 3.7kWh,Family,3.7,2026,2026-08-06,1130.0
V01987,CU01237,Ather 450X,450X 2.9kWh,Performance,2.9,2024,2024-11-16,16886.0
V01988,CU01238,Ather Rizta,Rizta Z 2.9kWh,Family,2.9,2025,2025-06-01,9377.0
V01989,CU01239,Ather Rizta,Rizta Z 2.9kWh,Family,2.9,2025,2025-09-22,16021.0
V01990,CU01239,Ather 450 Apex,450 Apex 3.7kWh,Performance,3.7,2026,2026-07-04,3600.0
V01991,CU01239,Ather 450X,450X 3.7kWh,Performance,3.7,2021,2021-12-20,88781.0
V01992,CU01239,Ather 450X,450X 2.9kWh,Performance,2.9,2024,2024-06-02,36332.0
V01993,CU01239,Ather 450X,450X 2.9kWh,Performance,2.9,2024,2024-02-18,40149.0
V01994,CU01240,Ather 450X,450X 3.7kWh,Performance,3.7,2022,2022-04-16,18296.0
V01995,CU01241,Ather 450X,450X 2.9kWh,Performance,2.9,2021,2021-06-26,40935.0
V01996,CU01242,Ather 450 Apex,450 Apex 3.7kWh,Performance,3.7,2025,2025-02-20,18451.0
V01997,CU01243,Ather Rizta,Rizta S 2.9kWh,Family,2.9,2026,2026-05-04,2544.0
V01998,CU01244,Ather Rizta,Rizta Z 2.9kWh,Family,2.9,2025,2025-01-13,18328.0
V01999,CU01245,Ather Rizta,Rizta S 2.9kWh,Family,2.9,2025,2025-07-02,11810.0
V02000,CU01246,Ather Rizta,Rizta S 2.9kWh,Family,2.9,2025,2025-07-16,8412.0
V02001,CU01247,Ather 450X,450X 3.7kWh,Performance,3.7,2020,2020-09-13,36687.0
V02002,CU01248,Ather 450X,450X 3.7kWh,Performance,3.7,2024,2024-06-29,10425.0
V02003,CU01249,Ather Rizta,Rizta S 2.9kWh,Family,2.9,2024,2024-12-08,21445.0
V02004,CU01250,Ather 450X,450X 2.9kWh,Performance,2.9,2026,2026-04-03,4112.0
V02005,CU01251,Ather 450 Apex,450 Apex 3.7kWh,Performance,3.7,2025,2025-12-23,9326.0
V02006,CU01251,Ather Rizta,Rizta S 2.9kWh,Family,2.9,2024,2024-11-20,14315.0
V02007,CU01252,Ather Rizta,Rizta S 2.9kWh,Family,2.9,2026,2026-03-22,4899.0
V02008,CU01253,Ather 450X,450X 3.7kWh,Performance,3.7,2023,2023-05-26,35154.0
V02009,CU01254,Ather Rizta,Rizta Z 2.9kWh,Family,2.9,2026,2026-08-12,1506.0
V02010,CU01255,Ather 450X,450X 3.7kWh,Performance,3.7,2021,2021-10-18,33862.0
V02011,CU01256,Ather 450X,450X 2.9kWh,Performance,2.9,2025,2025-01-05,23724.0
V02012,CU01257,Ather 450X,450X 2.9kWh,Performance,2.9,2026,2026-08-20,1401.0
V02013,CU01258,Ather 450X,450X 3.7kWh,Performance,3.7,2023,2023-02-27,33112.0
V02014,CU01259,Ather 450X,450X 3.7kWh,Performance,3.7,2026,2026-03-18,5426.0
V02015,CU01260,Ather Rizta,Rizta Z 3.7kWh,Family,3.7,2025,2025-12-15,6396.0
V02016,CU01261,Ather Rizta,Rizta S 2.9kWh,Family,2.9,2024,2024-10-22,22654.0
V02017,CU01261,Ather 450X,450X 2.9kWh,Performance,2.9,2025,2025-06-22,18443.0
V02018,CU01262,Ather 450X,450X 3.7kWh,Performance,3.7,2025,2025-11-12,10483.0
V02019,CU01263,Ather 450 Apex,450 Apex 3.7kWh,Performance,3.7,2026,2026-04-18,5632.0
V02020,CU01264,Ather Rizta,Rizta S 2.9kWh,Family,2.9,2026,2026-08-20,1779.0
V02021,CU01265,Ather 450 Apex,450 Apex 3.7kWh,Performance,3.7,2026,2026-07-09,2693.0
V02022,CU01266,Ather 450 Apex,450 Apex 3.7kWh,Performance,3.7,2024,2024-11-12,9952.0
V02023,CU01267,Ather Rizta,Rizta Z 3.7kWh,Family,3.7,2024,2024-06-11,13536.0
V02024,CU01268,Ather 450X,450X 3.7kWh,Performance,3.7,2026,2026-06-10,1668.0
V02025,CU01269,Ather Rizta,Rizta Z 3.7kWh,Family,3.7,2025,2025-11-07,9955.0
V02026,CU01270,Ather 450X,450X 3.7kWh,Performance,3.7,2024,2024-06-06,15930.0
V02027,CU01271,Ather 450X,450X 2.9kWh,Performance,2.9,2024,2024-07-22,18276.0
V02028,CU01272,Ather Rizta,Rizta Z 3.7kWh,Family,3.7,2026,2026-07-29,1923.0
V02029,CU01273,Ather Rizta,Rizta Z 2.9kWh,Family,2.9,2025,2025-03-24,14991.0
V02030,CU01274,Ather 450 Apex,450 Apex 3.7kWh,Performance,3.7,2024,2024-02-13,29945.0
V02031,CU01275,Ather 450X,450X 3.7kWh,Performance,3.7,2023,2023-07-31,33377.0
V02032,CU01276,Ather Rizta,Rizta Z 3.7kWh,Family,3.7,2024,2024-10-22,19738.0
V02033,CU01277,Ather 450X,450X 3.7kWh,Performance,3.7,2025,2025-02-12,18815.0
V02034,CU01278,Ather Rizta,Rizta Z 3.7kWh,Family,3.7,2026,2026-03-05,18455.0
V02035,CU01278,Ather 450X,450X 2.9kWh,Performance,2.9,2025,2025-09-10,27726.0
V02036,CU01278,Ather Rizta,Rizta Z 2.9kWh,Family,2.9,2024,2024-10-20,65849.0
V02037,CU01278,Ather Rizta,Rizta S 2.9kWh,Family,2.9,2025,2025-01-03,47526.0
V02038,CU01278,Ather 450X,450X 3.7kWh,Performance,3.7,2020,2020-11-23,195906.0
V02039,CU01278,Ather 450X,450X 2.9kWh,Performance,2.9,2025,2025-09-11,34891.0
V02040,CU01278,Ather Rizta,Rizta S 2.9kWh,Family,2.9,2025,2025-01-09,56235.0
V02041,CU01278,Ather Rizta,Rizta Z 3.7kWh,Family,3.7,2024,2024-10-22,32410.0
V02042,CU01278,Ather 450X,450X 2.9kWh,Performance,2.9,2024,2024-12-23,36120.0
V02043,CU01278,Ather Rizta,Rizta Z 2.9kWh,Family,2.9,2025,2025-12-17,17272.0
V02044,CU01278,Ather 450X,450X 3.7kWh,Performance,3.7,2023,2023-05-16,95188.0
V02045,CU01278,Ather Rizta,Rizta S 2.9kWh,Family,2.9,2025,2025-02-04,41116.0
V02046,CU01278,Ather 450X,450X 3.7kWh,Performance,3.7,2023,2023-10-17,101874.0
V02047,CU01278,Ather Rizta,Rizta Z 2.9kWh,Family,2.9,2025,2025-07-10,35982.0
V02048,CU01278,Ather Rizta,Rizta S 2.9kWh,Family,2.9,2026,2026-09-02,2343.0
V02049,CU01278,Ather 450X,450X 3.7kWh,Performance,3.7,2021,2021-06-08,100689.0
V02050,CU01278,Ather 450X,450X 3.7kWh,Performance,3.7,2023,2023-05-11,73160.0
V02051,CU01278,Ather 450X,450X 2.9kWh,Performance,2.9,2026,2026-02-17,25645.0
V02052,CU01278,Ather 450X,450X 3.7kWh,Performance,3.7,2021,2021-07-27,150292.0
V02053,CU01278,Ather Rizta,Rizta Z 3.7kWh,Family,3.7,2025,2025-11-14,23992.0
V02054,CU01279,Ather 450X,450X 3.7kWh,Performance,3.7,2020,2020-04-01,44974.0
V02055,CU01280,Ather 450X,450X 3.7kWh,Performance,3.7,2022,2022-12-29,38927.0
V02056,CU01281,Ather 450X,450X 3.7kWh,Performance,3.7,2022,2022-04-29,49452.0
V02057,CU01282,Ather Rizta,Rizta S 2.9kWh,Family,2.9,2025,2025-12-21,10880.0
V02058,CU01283,Ather 450X,450X 2.9kWh,Performance,2.9,2020,2020-12-31,32513.0
V02059,CU01284,Ather Rizta,Rizta Z 2.9kWh,Family,2.9,2024,2024-07-10,28482.0
V02060,CU01285,Ather Rizta,Rizta Z 2.9kWh,Family,2.9,2026,2026-07-18,2114.0
V02061,CU01285,Ather Rizta,Rizta Z 2.9kWh,Family,2.9,2025,2025-02-13,12221.0
V02062,CU01286,Ather Rizta,Rizta S 2.9kWh,Family,2.9,2026,2026-05-09,5419.0
V02063,CU01287,Ather 450X,450X 2.9kWh,Performance,2.9,2025,2025-01-01,29917.0
V02064,CU01288,Ather 450X,450X 3.7kWh,Performance,3.7,2022,2022-01-22,53526.0
V02065,CU01289,Ather Rizta,Rizta S 2.9kWh,Family,2.9,2026,2026-07-24,2320.0
V02066,CU01290,Ather Rizta,Rizta Z 2.9kWh,Family,2.9,2024,2024-12-09,14679.0
V02067,CU01291,Ather Rizta,Rizta S 2.9kWh,Family,2.9,2025,2025-08-12,12946.0
V02068,CU01292,Ather Rizta,Rizta Z 3.7kWh,Family,3.7,2026,2026-03-02,4519.0
V02069,CU01293,Ather Rizta,Rizta Z 2.9kWh,Family,2.9,2025,2025-02-09,22697.0
V02070,CU01294,Ather Rizta,Rizta S 2.9kWh,Family,2.9,2026,2026-07-23,2189.0
V02071,CU01295,Ather Rizta,Rizta S 2.9kWh,Family,2.9,2026,2026-06-06,2136.0
V02072,CU01296,Ather 450X,450X 3.7kWh,Performance,3.7,2020,2020-10-24,53270.0
V02073,CU01296,Ather Rizta,Rizta Z 3.7kWh,Family,3.7,2024,2024-09-30,14738.0
V02074,CU01297,Ather 450 Apex,450 Apex 3.7kWh,Performance,3.7,2024,2024-10-11,18265.0
V02075,CU01298,Ather 450X,450X 3.7kWh,Performance,3.7,2021,2021-02-01,63508.0
V02076,CU01299,Ather Rizta,Rizta S 2.9kWh,Family,2.9,2026,2026-06-02,3710.0
V02077,CU01299,Ather Rizta,Rizta S 2.9kWh,Family,2.9,2026,2026-02-08,8563.0
V02078,CU01300,Ather 450X,450X 3.7kWh,Performance,3.7,2024,2024-09-16,24022.0
V02079,CU01301,Ather 450X,450X 3.7kWh,Performance,3.7,2023,2023-01-10,48454.0
V02080,CU01302,Ather Rizta,Rizta Z 2.9kWh,Family,2.9,2026,2026-03-13,8240.0
V02081,CU01303,Ather Rizta,Rizta S 2.9kWh,Family,2.9,2025,2025-01-03,15223.0
V02082,CU01304,Ather 450X,450X 2.9kWh,Performance,2.9,2022,2022-06-21,31015.0
V02083,CU01305,Ather 450X,450X 2.9kWh,Performance,2.9,2026,2026-03-23,4811.0
V02084,CU01306,Ather Rizta,Rizta Z 3.7kWh,Family,3.7,2025,2025-10-26,10616.0
V02085,CU01307,Ather 450 Apex,450 Apex 3.7kWh,Performance,3.7,2024,2024-08-29,13703.0
V02086,CU01307,Ather 450X,450X 2.9kWh,Performance,2.9,2021,2021-10-07,38637.0
V02087,CU01308,Ather Rizta,Rizta Z 3.7kWh,Family,3.7,2026,2026-04-18,5261.0
V02088,CU01308,Ather Rizta,Rizta S 2.9kWh,Family,2.9,2025,2025-11-14,8889.0
V02089,CU01309,Ather Rizta,Rizta S 2.9kWh,Family,2.9,2026,2026-06-13,1656.0
V02090,CU01310,Ather 450 Apex,450 Apex 3.7kWh,Performance,3.7,2025,2025-02-16,15404.0
V02091,CU01311,Ather 450X,450X 3.7kWh,Performance,3.7,2026,2026-06-17,2815.0
V02092,CU01312,Ather 450X,450X 3.7kWh,Performance,3.7,2026,2026-02-10,3259.0
V02093,CU01313,Ather Rizta,Rizta Z 2.9kWh,Family,2.9,2025,2025-08-10,12211.0
V02094,CU01314,Ather Rizta,Rizta S 2.9kWh,Family,2.9,2024,2024-09-17,16362.0
V02095,CU01315,Ather 450X,450X 3.7kWh,Performance,3.7,2024,2024-03-18,25417.0
V02096,CU01316,Ather Rizta,Rizta Z 3.7kWh,Family,3.7,2024,2024-09-09,13040.0
V02097,CU01317,Ather Rizta,Rizta Z 3.7kWh,Family,3.7,2026,2026-07-14,2011.0
V02098,CU01318,Ather 450 Apex,450 Apex 3.7kWh,Performance,3.7,2025,2025-04-30,11137.0
V02099,CU01319,Ather Rizta,Rizta S 2.9kWh,Family,2.9,2024,2024-09-11,18098.0
V02100,CU01320,Ather Rizta,Rizta S 2.9kWh,Family,2.9,2025,2025-06-22,10369.0
V02101,CU01321,Ather 450X,450X 3.7kWh,Performance,3.7,2024,2024-03-12,20406.0
V02102,CU01322,Ather 450X,450X 2.9kWh,Performance,2.9,2022,2022-04-07,48975.0
V02103,CU01323,Ather Rizta,Rizta Z 3.7kWh,Family,3.7,2025,2025-02-18,8109.0
V02104,CU01324,Ather 450X,450X 2.9kWh,Performance,2.9,2023,2023-02-04,37453.0
V02105,CU01325,Ather Rizta,Rizta S 2.9kWh,Family,2.9,2025,2025-10-16,7093.0
V02106,CU01326,Ather Rizta,Rizta Z 2.9kWh,Family,2.9,2024,2024-12-08,20494.0
V02107,CU01327,Ather Rizta,Rizta Z 2.9kWh,Family,2.9,2024,2024-12-10,10060.0
V02108,CU01328,Ather 450X,450X 2.9kWh,Performance,2.9,2022,2022-04-20,49677.0
V02109,CU01329,Ather Rizta,Rizta Z 3.7kWh,Family,3.7,2026,2026-04-01,2213.0
V02110,CU01330,Ather Rizta,Rizta Z 3.7kWh,Family,3.7,2026,2026-03-27,4828.0
V02111,CU01331,Ather Rizta,Rizta Z 2.9kWh,Family,2.9,2024,2024-08-23,23297.0
V02112,CU01332,Ather 450X,450X 3.7kWh,Performance,3.7,2022,2022-08-16,31010.0
V02113,CU01333,Ather Rizta,Rizta S 2.9kWh,Family,2.9,2026,2026-06-28,2253.0
V02114,CU01334,Ather 450X,450X 3.7kWh,Performance,3.7,2022,2022-12-11,24205.0
V02115,CU01335,Ather Rizta,Rizta Z 3.7kWh,Family,3.7,2026,2026-03-12,4899.0
V02116,CU01336,Ather Rizta,Rizta S 2.9kWh,Family,2.9,2024,2024-12-03,20678.0
V02117,CU01337,Ather Rizta,Rizta Z 3.7kWh,Family,3.7,2026,2026-03-22,6202.0
V02118,CU01338,Ather 450X,450X 2.9kWh,Performance,2.9,2024,2024-01-27,25639.0
V02119,CU01338,Ather 450 Apex,450 Apex 3.7kWh,Performance,3.7,2026,2026-06-08,3921.0
V02120,CU01338,Ather Rizta,Rizta Z 2.9kWh,Family,2.9,2024,2024-06-15,36762.0
V02121,CU01338,Ather Rizta,Rizta S 2.9kWh,Family,2.9,2025,2025-08-07,18106.0
V02122,CU01338,Ather 450X,450X 2.9kWh,Performance,2.9,2021,2021-03-17,67730.0
V02123,CU01339,Ather Rizta,Rizta Z 2.9kWh,Family,2.9,2025,2025-10-22,7505.0
V02124,CU01340,Ather 450X,450X 3.7kWh,Performance,3.7,2023,2023-10-15,10918.0
V02125,CU01341,Ather Rizta,Rizta S 2.9kWh,Family,2.9,2026,2026-08-27,1205.0
V02126,CU01342,Ather Rizta,Rizta S 2.9kWh,Family,2.9,2026,2026-01-02,10129.0
V02127,CU01343,Ather 450X,450X 3.7kWh,Performance,3.7,2023,2023-05-17,25534.0
V02128,CU01344,Ather Rizta,Rizta Z 2.9kWh,Family,2.9,2026,2026-03-11,4328.0
V02129,CU01345,Ather Rizta,Rizta Z 2.9kWh,Family,2.9,2025,2025-03-12,9813.0
V02130,CU01346,Ather Rizta,Rizta Z 2.9kWh,Family,2.9,2024,2024-11-08,22587.0
V02131,CU01347,Ather 450X,450X 2.9kWh,Performance,2.9,2025,2025-07-21,15537.0
V02132,CU01348,Ather 450 Apex,450 Apex 3.7kWh,Performance,3.7,2026,2026-07-22,1476.0
V02133,CU01349,Ather 450X,450X 3.7kWh,Performance,3.7,2021,2021-09-08,60088.0
V02134,CU01350,Ather 450X,450X 3.7kWh,Performance,3.7,2023,2023-11-29,22677.0
V02135,CU01351,Ather 450X,450X 2.9kWh,Performance,2.9,2023,2023-01-20,15604.0
V02136,CU01352,Ather 450X,450X 2.9kWh,Performance,2.9,2022,2022-09-14,36943.0
V02137,CU01353,Ather 450X,450X 2.9kWh,Performance,2.9,2021,2021-09-02,63792.0
V02138,CU01354,Ather Rizta,Rizta Z 2.9kWh,Family,2.9,2026,2026-05-12,4843.0
V02139,CU01355,Ather Rizta,Rizta Z 3.7kWh,Family,3.7,2026,2026-07-29,1701.0
V02140,CU01356,Ather 450X,450X 2.9kWh,Performance,2.9,2025,2025-07-28,10898.0
V02141,CU01357,Ather 450 Apex,450 Apex 3.7kWh,Performance,3.7,2026,2026-03-05,6032.0
V02142,CU01358,Ather Rizta,Rizta S 2.9kWh,Family,2.9,2025,2025-03-17,13912.0
V02143,CU01359,Ather Rizta,Rizta S 2.9kWh,Family,2.9,2025,2025-08-13,10856.0
V02144,CU01360,Ather 450 Apex,450 Apex 3.7kWh,Performance,3.7,2026,2026-04-19,5192.0
V02145,CU01361,Ather 450 Apex,450 Apex 3.7kWh,Performance,3.7,2025,2025-10-20,8463.0
V02146,CU01362,Ather 450X,450X 3.7kWh,Performance,3.7,2023,2023-08-08,33364.0
V02147,CU01363,Ather 450X,450X 2.9kWh,Performance,2.9,2024,2024-04-03,28582.0
V02148,CU01363,Ather Rizta,Rizta S 2.9kWh,Family,2.9,2026,2026-02-05,9356.0
V02149,CU01363,Ather 450X,450X 3.7kWh,Performance,3.7,2021,2021-11-10,107060.0
V02150,CU01364,Ather 450X,450X 2.9kWh,Performance,2.9,2023,2023-10-17,13521.0
V02151,CU01365,Ather 450X,450X 2.9kWh,Performance,2.9,2023,2023-09-16,34264.0
V02152,CU01366,Ather Rizta,Rizta Z 3.7kWh,Family,3.7,2025,2025-07-01,10555.0
V02153,CU01367,Ather 450X,450X 2.9kWh,Performance,2.9,2022,2022-12-28,43898.0
V02154,CU01368,Ather Rizta,Rizta Z 2.9kWh,Family,2.9,2025,2025-08-01,12236.0
V02155,CU01369,Ather 450X,450X 2.9kWh,Performance,2.9,2023,2023-11-30,28273.0
V02156,CU01369,Ather Rizta,Rizta Z 3.7kWh,Family,3.7,2026,2026-08-26,1237.0
V02157,CU01370,Ather Rizta,Rizta Z 2.9kWh,Family,2.9,2025,2025-06-29,14593.0
V02158,CU01371,Ather Rizta,Rizta S 2.9kWh,Family,2.9,2026,2026-08-13,1223.0
V02159,CU01372,Ather Rizta,Rizta Z 3.7kWh,Family,3.7,2025,2025-06-07,19727.0
V02160,CU01372,Ather Rizta,Rizta Z 3.7kWh,Family,3.7,2025,2025-12-18,6400.0
V02161,CU01372,Ather 450X,450X 3.7kWh,Performance,3.7,2020,2020-07-08,127483.0
V02162,CU01373,Ather 450X,450X 2.9kWh,Performance,2.9,2020,2020-06-03,47269.0
V02163,CU01374,Ather Rizta,Rizta S 2.9kWh,Family,2.9,2026,2026-06-21,2648.0
V02164,CU01375,Ather 450 Apex,450 Apex 3.7kWh,Performance,3.7,2026,2026-07-25,1855.0
V02165,CU01376,Ather Rizta,Rizta Z 2.9kWh,Family,2.9,2025,2025-07-17,13394.0
V02166,CU01377,Ather Rizta,Rizta Z 2.9kWh,Family,2.9,2024,2024-09-03,25888.0
V02167,CU01378,Ather Rizta,Rizta Z 3.7kWh,Family,3.7,2024,2024-11-24,17633.0
V02168,CU01379,Ather Rizta,Rizta Z 2.9kWh,Family,2.9,2025,2025-03-07,7481.0
V02169,CU01380,Ather 450X,450X 3.7kWh,Performance,3.7,2024,2024-06-13,21307.0
V02170,CU01381,Ather Rizta,Rizta Z 2.9kWh,Family,2.9,2025,2025-11-19,11574.0
V02171,CU01381,Ather 450X,450X 3.7kWh,Performance,3.7,2021,2021-02-07,43248.0
V02172,CU01382,Ather Rizta,Rizta S 2.9kWh,Family,2.9,2025,2025-10-14,12601.0
V02173,CU01382,Ather 450X,450X 2.9kWh,Performance,2.9,2025,2025-07-29,22982.0
V02174,CU01383,Ather 450X,450X 2.9kWh,Performance,2.9,2025,2025-05-04,10776.0
V02175,CU01384,Ather 450 Apex,450 Apex 3.7kWh,Performance,3.7,2024,2024-05-10,13347.0
V02176,CU01385,Ather Rizta,Rizta Z 2.9kWh,Family,2.9,2026,2026-04-14,4807.0
V02177,CU01386,Ather Rizta,Rizta Z 3.7kWh,Family,3.7,2024,2024-08-18,24493.0
V02178,CU01387,Ather Rizta,Rizta S 2.9kWh,Family,2.9,2025,2025-04-10,16798.0
V02179,CU01388,Ather 450X,450X 2.9kWh,Performance,2.9,2026,2026-06-26,2639.0
V02180,CU01389,Ather Rizta,Rizta S 2.9kWh,Family,2.9,2026,2026-04-20,3244.0
V02181,CU01390,Ather Rizta,Rizta S 2.9kWh,Family,2.9,2026,2026-02-04,8156.0
V02182,CU01391,Ather 450X,450X 3.7kWh,Performance,3.7,2020,2020-07-28,48384.0
V02183,CU01392,Ather 450X,450X 2.9kWh,Performance,2.9,2025,2025-05-17,12670.0
V02184,CU01393,Ather Rizta,Rizta Z 3.7kWh,Family,3.7,2026,2026-08-30,1468.0
V02185,CU01393,Ather 450X,450X 3.7kWh,Performance,3.7,2024,2024-06-02,22577.0
V02186,CU01393,Ather 450X,450X 2.9kWh,Performance,2.9,2022,2022-04-06,44030.0
V02187,CU01393,Ather 450 Apex,450 Apex 3.7kWh,Performance,3.7,2026,2026-09-09,920.0
V02188,CU01393,Ather 450 Apex,450 Apex 3.7kWh,Performance,3.7,2025,2025-08-24,10159.0
V02189,CU01393,Ather Rizta,Rizta S 2.9kWh,Family,2.9,2025,2025-10-12,19786.0
V02190,CU01394,Ather 450X,450X 2.9kWh,Performance,2.9,2022,2022-02-14,43357.0
V02191,CU01395,Ather 450X,450X 2.9kWh,Performance,2.9,2020,2020-06-28,36732.0
V02192,CU01396,Ather 450X,450X 3.7kWh,Performance,3.7,2025,2025-08-05,15171.0
V02193,CU01397,Ather 450X,450X 2.9kWh,Performance,2.9,2024,2024-09-07,19558.0
V02194,CU01398,Ather Rizta,Rizta Z 2.9kWh,Family,2.9,2026,2026-01-05,4858.0
V02195,CU01399,Ather 450 Apex,450 Apex 3.7kWh,Performance,3.7,2024,2024-12-28,20121.0
V02196,CU01400,Ather 450X,450X 3.7kWh,Performance,3.7,2021,2021-05-15,68701.0
V02197,CU01401,Ather 450X,450X 2.9kWh,Performance,2.9,2020,2020-08-15,75021.0
V02198,CU01402,Ather 450 Apex,450 Apex 3.7kWh,Performance,3.7,2024,2024-11-29,12599.0
V02199,CU01403,Ather 450X,450X 2.9kWh,Performance,2.9,2024,2024-04-27,28073.0
V02200,CU01404,Ather 450X,450X 2.9kWh,Performance,2.9,2022,2022-01-02,26693.0
V02201,CU01404,Ather 450 Apex,450 Apex 3.7kWh,Performance,3.7,2025,2025-01-05,16144.0
V02202,CU01405,Ather Rizta,Rizta S 2.9kWh,Family,2.9,2025,2025-03-21,16238.0
V02203,CU01405,Ather Rizta,Rizta S 2.9kWh,Family,2.9,2025,2025-02-21,15148.0
V02204,CU01406,Ather 450X,450X 2.9kWh,Performance,2.9,2025,2025-03-15,16639.0
V02205,CU01407,Ather 450X,450X 3.7kWh,Performance,3.7,2023,2023-12-04,28960.0
V02206,CU01408,Ather 450X,450X 3.7kWh,Performance,3.7,2020,2020-02-27,50989.0
V02207,CU01409,Ather 450X,450X 2.9kWh,Performance,2.9,2021,2021-05-29,62783.0
V02208,CU01410,Ather Rizta,Rizta Z 3.7kWh,Family,3.7,2025,2025-08-03,11593.0
V02209,CU01411,Ather 450X,450X 3.7kWh,Performance,3.7,2021,2021-11-11,42519.0
V02210,CU01412,Ather Rizta,Rizta S 2.9kWh,Family,2.9,2025,2025-08-03,11703.0
V02211,CU01413,Ather 450X,450X 3.7kWh,Performance,3.7,2026,2026-05-10,4379.0
V02212,CU01414,Ather 450X,450X 2.9kWh,Performance,2.9,2025,2025-11-22,8443.0
V02213,CU01415,Ather 450 Apex,450 Apex 3.7kWh,Performance,3.7,2025,2025-01-11,15361.0
V02214,CU01416,Ather Rizta,Rizta Z 3.7kWh,Family,3.7,2026,2026-02-07,27258.0
V02215,CU01416,Ather 450X,450X 2.9kWh,Performance,2.9,2024,2024-12-21,46145.0
V02216,CU01416,Ather Rizta,Rizta Z 3.7kWh,Family,3.7,2026,2026-08-19,5146.0
V02217,CU01416,Ather Rizta,Rizta Z 2.9kWh,Family,2.9,2025,2025-05-22,37491.0
V02218,CU01416,Ather Rizta,Rizta Z 3.7kWh,Family,3.7,2025,2025-12-06,22490.0
V02219,CU01416,Ather 450X,450X 3.7kWh,Performance,3.7,2022,2022-06-07,154122.0
V02220,CU01416,Ather 450X,450X 3.7kWh,Performance,3.7,2025,2025-03-11,36617.0
V02221,CU01416,Ather Rizta,Rizta Z 2.9kWh,Family,2.9,2024,2024-08-05,79421.0
V02222,CU01416,Ather 450X,450X 3.7kWh,Performance,3.7,2026,2026-08-21,3955.0
V02223,CU01416,Ather 450X,450X 2.9kWh,Performance,2.9,2021,2021-11-19,198524.0
V02224,CU01416,Ather Rizta,Rizta S 2.9kWh,Family,2.9,2026,2026-07-25,3734.0
V02225,CU01416,Ather 450X,450X 3.7kWh,Performance,3.7,2024,2024-05-08,68925.0
V02226,CU01416,Ather Rizta,Rizta S 2.9kWh,Family,2.9,2024,2024-10-15,72924.0
V02227,CU01416,Ather 450X,450X 2.9kWh,Performance,2.9,2026,2026-09-02,2636.0
V02228,CU01416,Ather Rizta,Rizta Z 2.9kWh,Family,2.9,2024,2024-08-03,64579.0
V02229,CU01416,Ather 450X,450X 3.7kWh,Performance,3.7,2024,2024-12-31,41164.0
V02230,CU01417,Ather Rizta,Rizta Z 3.7kWh,Family,3.7,2025,2025-01-03,17906.0
V02231,CU01418,Ather Rizta,Rizta Z 3.7kWh,Family,3.7,2024,2024-11-12,21807.0
V02232,CU01419,Ather Rizta,Rizta Z 2.9kWh,Family,2.9,2025,2025-12-10,8797.0
V02233,CU01420,Ather Rizta,Rizta S 2.9kWh,Family,2.9,2026,2026-05-27,2896.0
V02234,CU01421,Ather 450X,450X 2.9kWh,Performance,2.9,2024,2024-03-23,25315.0
V02235,CU01422,Ather 450X,450X 3.7kWh,Performance,3.7,2020,2020-03-31,18992.0
V02236,CU01423,Ather 450X,450X 2.9kWh,Performance,2.9,2025,2025-10-24,6249.0
V02237,CU01424,Ather Rizta,Rizta S 2.9kWh,Family,2.9,2026,2026-02-10,3571.0
V02238,CU01425,Ather Rizta,Rizta S 2.9kWh,Family,2.9,2025,2025-04-30,15628.0
V02239,CU01426,Ather Rizta,Rizta S 2.9kWh,Family,2.9,2026,2026-05-15,4440.0
V02240,CU01427,Ather 450X,450X 2.9kWh,Performance,2.9,2020,2020-03-29,70578.0
V02241,CU01427,Ather 450X,450X 2.9kWh,Performance,2.9,2026,2026-08-24,1540.0
V02242,CU01427,Ather 450X,450X 3.7kWh,Performance,3.7,2020,2020-06-03,89680.0
V02243,CU01428,Ather Rizta,Rizta S 2.9kWh,Family,2.9,2025,2025-06-04,16873.0
V02244,CU01429,Ather Rizta,Rizta S 2.9kWh,Family,2.9,2024,2024-09-30,22017.0
V02245,CU01430,Ather 450 Apex,450 Apex 3.7kWh,Performance,3.7,2025,2025-12-10,7788.0
V02246,CU01431,Ather 450X,450X 2.9kWh,Performance,2.9,2023,2023-01-24,39159.0
V02247,CU01432,Ather 450X,450X 3.7kWh,Performance,3.7,2020,2020-05-30,35100.0
V02248,CU01433,Ather 450X,450X 2.9kWh,Performance,2.9,2024,2024-02-24,38198.0
V02249,CU01434,Ather Rizta,Rizta Z 2.9kWh,Family,2.9,2024,2024-07-25,26707.0
V02250,CU01435,Ather 450X,450X 3.7kWh,Performance,3.7,2022,2022-06-24,60052.0
V02251,CU01436,Ather 450X,450X 2.9kWh,Performance,2.9,2024,2024-01-04,24754.0
V02252,CU01437,Ather Rizta,Rizta Z 3.7kWh,Family,3.7,2025,2025-03-10,19318.0
V02253,CU01438,Ather Rizta,Rizta Z 2.9kWh,Family,2.9,2025,2025-04-11,15155.0
V02254,CU01439,Ather 450 Apex,450 Apex 3.7kWh,Performance,3.7,2024,2024-12-18,15788.0
V02255,CU01440,Ather 450X,450X 3.7kWh,Performance,3.7,2026,2026-03-06,6678.0
V02256,CU01441,Ather Rizta,Rizta Z 3.7kWh,Family,3.7,2024,2024-07-16,19815.0
V02257,CU01442,Ather 450X,450X 2.9kWh,Performance,2.9,2020,2020-12-27,65151.0
V02258,CU01443,Ather Rizta,Rizta Z 2.9kWh,Family,2.9,2026,2026-04-18,3567.0
V02259,CU01444,Ather 450X,450X 2.9kWh,Performance,2.9,2023,2023-06-28,42338.0
V02260,CU01445,Ather 450X,450X 3.7kWh,Performance,3.7,2025,2025-05-27,8507.0
V02261,CU01446,Ather 450X,450X 2.9kWh,Performance,2.9,2025,2025-03-06,46069.0
V02262,CU01446,Ather 450X,450X 2.9kWh,Performance,2.9,2021,2021-06-27,128877.0
V02263,CU01446,Ather Rizta,Rizta S 2.9kWh,Family,2.9,2025,2025-12-03,34302.0
V02264,CU01446,Ather 450X,450X 3.7kWh,Performance,3.7,2024,2024-06-05,52183.0
V02265,CU01446,Ather 450X,450X 3.7kWh,Performance,3.7,2026,2026-09-09,1443.0
V02266,CU01446,Ather Rizta,Rizta Z 3.7kWh,Family,3.7,2025,2025-11-02,33275.0
V02267,CU01446,Ather 450X,450X 2.9kWh,Performance,2.9,2023,2023-06-24,72397.0
V02268,CU01446,Ather Rizta,Rizta Z 2.9kWh,Family,2.9,2024,2024-11-07,35140.0
V02269,CU01446,Ather Rizta,Rizta Z 3.7kWh,Family,3.7,2024,2024-09-24,64437.0
V02270,CU01446,Ather 450X,450X 2.9kWh,Performance,2.9,2021,2021-12-16,140824.0
V02271,CU01446,Ather Rizta,Rizta S 2.9kWh,Family,2.9,2025,2025-05-17,38014.0
V02272,CU01446,Ather Rizta,Rizta Z 2.9kWh,Family,2.9,2026,2026-08-27,2438.0
V02273,CU01446,Ather 450X,450X 2.9kWh,Performance,2.9,2020,2020-08-08,200711.0
V02274,CU01446,Ather Rizta,Rizta S 2.9kWh,Family,2.9,2025,2025-03-27,40585.0
V02275,CU01446,Ather 450X,450X 2.9kWh,Performance,2.9,2026,2026-06-27,8515.0
V02276,CU01446,Ather 450X,450X 3.7kWh,Performance,3.7,2022,2022-03-30,148270.0
V02277,CU01446,Ather Rizta,Rizta Z 3.7kWh,Family,3.7,2024,2024-10-16,93389.0
V02278,CU01446,Ather 450X,450X 2.9kWh,Performance,2.9,2023,2023-10-09,95315.0
V02279,CU01447,Ather 450X,450X 3.7kWh,Performance,3.7,2021,2021-01-15,235724.0
V02280,CU01447,Ather 450X,450X 2.9kWh,Performance,2.9,2026,2026-03-08,21801.0
V02281,CU01447,Ather 450X,450X 2.9kWh,Performance,2.9,2023,2023-05-04,116964.0
V02282,CU01447,Ather 450X,450X 3.7kWh,Performance,3.7,2024,2024-04-15,67898.0
V02283,CU01447,Ather Rizta,Rizta Z 3.7kWh,Family,3.7,2026,2026-05-24,10064.0
V02284,CU01448,Ather 450 Apex,450 Apex 3.7kWh,Performance,3.7,2026,2026-02-15,5834.0
V02285,CU01449,Ather 450X,450X 2.9kWh,Performance,2.9,2021,2021-09-03,22487.0
V02286,CU01450,Ather Rizta,Rizta Z 3.7kWh,Family,3.7,2026,2026-03-14,4320.0
V02287,CU01451,Ather Rizta,Rizta Z 3.7kWh,Family,3.7,2025,2025-01-02,19446.0
V02288,CU01452,Ather Rizta,Rizta Z 3.7kWh,Family,3.7,2025,2025-12-20,9000.0
V02289,CU01453,Ather 450X,450X 3.7kWh,Performance,3.7,2024,2024-02-01,28885.0
V02290,CU01454,Ather Rizta,Rizta S 2.9kWh,Family,2.9,2025,2025-02-03,10887.0
V02291,CU01455,Ather 450 Apex,450 Apex 3.7kWh,Performance,3.7,2025,2025-01-15,19668.0
V02292,CU01456,Ather Rizta,Rizta Z 3.7kWh,Family,3.7,2026,2026-01-13,5192.0
V02293,CU01457,Ather 450X,450X 2.9kWh,Performance,2.9,2026,2026-08-28,573.0
V02294,CU01458,Ather 450 Apex,450 Apex 3.7kWh,Performance,3.7,2024,2024-03-10,30900.0
V02295,CU01459,Ather 450 Apex,450 Apex 3.7kWh,Performance,3.7,2026,2026-09-07,341.0
V02296,CU01460,Ather Rizta,Rizta Z 2.9kWh,Family,2.9,2025,2025-04-03,8614.0
V02297,CU01461,Ather Rizta,Rizta Z 2.9kWh,Family,2.9,2026,2026-07-27,1095.0
V02298,CU01462,Ather Rizta,Rizta S 2.9kWh,Family,2.9,2025,2025-05-11,12625.0
V02299,CU01462,Ather Rizta,Rizta S 2.9kWh,Family,2.9,2024,2024-11-03,12729.0
V02300,CU01463,Ather 450X,450X 3.7kWh,Performance,3.7,2026,2026-03-16,8425.0
V02301,CU01464,Ather 450 Apex,450 Apex 3.7kWh,Performance,3.7,2025,2025-05-10,12948.0
V02302,CU01464,Ather Rizta,Rizta S 2.9kWh,Family,2.9,2025,2025-02-18,9736.0
V02303,CU01465,Ather Rizta,Rizta Z 2.9kWh,Family,2.9,2026,2026-01-12,7913.0
V02304,CU01466,Ather 450 Apex,450 Apex 3.7kWh,Performance,3.7,2026,2026-06-23,2370.0
V02305,CU01467,Ather Rizta,Rizta Z 2.9kWh,Family,2.9,2025,2025-09-16,10729.0
V02306,CU01468,Ather 450X,450X 3.7kWh,Performance,3.7,2024,2024-06-24,20770.0
V02307,CU01468,Ather 450X,450X 3.7kWh,Performance,3.7,2022,2022-06-26,26482.0
V02308,CU01469,Ather 450X,450X 2.9kWh,Performance,2.9,2024,2024-11-07,16786.0
V02309,CU01470,Ather Rizta,Rizta S 2.9kWh,Family,2.9,2025,2025-10-31,7732.0
V02310,CU01471,Ather Rizta,Rizta S 2.9kWh,Family,2.9,2025,2025-03-08,18811.0
V02311,CU01472,Ather Rizta,Rizta Z 3.7kWh,Family,3.7,2025,2025-09-26,4405.0
V02312,CU01473,Ather Rizta,Rizta Z 2.9kWh,Family,2.9,2025,2025-07-31,12162.0
V02313,CU01474,Ather 450X,450X 3.7kWh,Performance,3.7,2021,2021-10-05,53206.0
V02314,CU01475,Ather Rizta,Rizta S 2.9kWh,Family,2.9,2026,2026-05-04,2826.0
V02315,CU01476,Ather 450 Apex,450 Apex 3.7kWh,Performance,3.7,2024,2024-08-21,20868.0
V02316,CU01477,Ather 450 Apex,450 Apex 3.7kWh,Performance,3.7,2024,2024-03-23,36806.0
V02317,CU01478,Ather 450X,450X 3.7kWh,Performance,3.7,2021,2021-12-13,40067.0
V02318,CU01479,Ather 450X,450X 2.9kWh,Performance,2.9,2025,2025-06-27,10031.0
V02319,CU01480,Ather Rizta,Rizta Z 2.9kWh,Family,2.9,2026,2026-09-04,469.0
V02320,CU01481,Ather Rizta,Rizta Z 2.9kWh,Family,2.9,2026,2026-06-19,2619.0
V02321,CU01482,Ather 450X,450X 3.7kWh,Performance,3.7,2026,2026-04-07,3394.0
V02322,CU01483,Ather Rizta,Rizta Z 3.7kWh,Family,3.7,2024,2024-11-21,38210.0
V02323,CU01483,Ather Rizta,Rizta Z 2.9kWh,Family,2.9,2024,2024-10-06,48986.0
V02324,CU01483,Ather Rizta,Rizta Z 3.7kWh,Family,3.7,2025,2025-05-01,49391.0
V02325,CU01483,Ather 450X,450X 2.9kWh,Performance,2.9,2024,2024-12-23,45821.0
V02326,CU01483,Ather 450X,450X 2.9kWh,Performance,2.9,2021,2021-10-26,132820.0
V02327,CU01483,Ather Rizta,Rizta S 2.9kWh,Family,2.9,2025,2025-02-25,42913.0
V02328,CU01483,Ather Rizta,Rizta Z 2.9kWh,Family,2.9,2024,2024-07-16,69079.0
V02329,CU01483,Ather Rizta,Rizta S 2.9kWh,Family,2.9,2024,2024-09-24,71277.0
V02330,CU01483,Ather Rizta,Rizta S 2.9kWh,Family,2.9,2024,2024-12-23,70235.0
V02331,CU01484,Ather 450X,450X 3.7kWh,Performance,3.7,2022,2022-04-29,36948.0
V02332,CU01485,Ather Rizta,Rizta Z 2.9kWh,Family,2.9,2025,2025-01-20,19260.0
V02333,CU01486,Ather 450X,450X 3.7kWh,Performance,3.7,2023,2023-08-14,42257.0
V02334,CU01487,Ather Rizta,Rizta S 2.9kWh,Family,2.9,2026,2026-02-10,2985.0
V02335,CU01488,Ather 450X,450X 3.7kWh,Performance,3.7,2020,2020-02-05,80931.0
V02336,CU01488,Ather 450 Apex,450 Apex 3.7kWh,Performance,3.7,2025,2025-05-21,17031.0
V02337,CU01489,Ather Rizta,Rizta S 2.9kWh,Family,2.9,2026,2026-08-23,3154.0
V02338,CU01489,Ather Rizta,Rizta Z 3.7kWh,Family,3.7,2026,2026-06-09,8584.0
V02339,CU01489,Ather 450X,450X 3.7kWh,Performance,3.7,2026,2026-03-10,12539.0
V02340,CU01489,Ather 450X,450X 3.7kWh,Performance,3.7,2022,2022-07-26,129043.0
V02341,CU01490,Ather Rizta,Rizta Z 2.9kWh,Family,2.9,2025,2025-03-04,13588.0
V02342,CU01491,Ather 450X,450X 3.7kWh,Performance,3.7,2023,2023-07-04,33934.0
V02343,CU01492,Ather Rizta,Rizta S 2.9kWh,Family,2.9,2025,2025-08-23,13817.0
V02344,CU01493,Ather Rizta,Rizta Z 3.7kWh,Family,3.7,2026,2026-05-01,3905.0
V02345,CU01494,Ather 450X,450X 3.7kWh,Performance,3.7,2023,2023-12-12,26018.0
V02346,CU01495,Ather 450 Apex,450 Apex 3.7kWh,Performance,3.7,2025,2025-01-11,11548.0
V02347,CU01496,Ather Rizta,Rizta Z 3.7kWh,Family,3.7,2026,2026-02-27,4107.0
V02348,CU01497,Ather Rizta,Rizta S 2.9kWh,Family,2.9,2025,2025-06-28,11314.0
V02349,CU01498,Ather 450 Apex,450 Apex 3.7kWh,Performance,3.7,2024,2024-09-06,22676.0
V02350,CU01499,Ather 450X,450X 3.7kWh,Performance,3.7,2020,2020-10-29,50340.0
V02351,CU01500,Ather 450X,450X 2.9kWh,Performance,2.9,2024,2024-06-17,21436.0
V02352,CU01501,Ather 450X,450X 3.7kWh,Performance,3.7,2023,2023-08-18,32794.0
V02353,CU01502,Ather 450X,450X 3.7kWh,Performance,3.7,2023,2023-03-10,35904.0
V02354,CU01503,Ather 450 Apex,450 Apex 3.7kWh,Performance,3.7,2025,2025-11-13,7179.0
V02355,CU01504,Ather 450 Apex,450 Apex 3.7kWh,Performance,3.7,2024,2024-12-18,14142.0
V02356,CU01504,Ather Rizta,Rizta S 2.9kWh,Family,2.9,2025,2025-07-20,13286.0
V02357,CU01505,Ather Rizta,Rizta Z 3.7kWh,Family,3.7,2026,2026-03-05,5249.0
V02358,CU01506,Ather Rizta,Rizta Z 2.9kWh,Family,2.9,2024,2024-10-29,22699.0
V02359,CU01507,Ather Rizta,Rizta S 2.9kWh,Family,2.9,2024,2024-08-28,74171.0
V02360,CU01507,Ather Rizta,Rizta Z 3.7kWh,Family,3.7,2025,2025-01-10,45098.0
V02361,CU01507,Ather Rizta,Rizta S 2.9kWh,Family,2.9,2024,2024-12-23,61355.0
V02362,CU01507,Ather 450X,450X 2.9kWh,Performance,2.9,2025,2025-10-03,26356.0
V02363,CU01507,Ather 450X,450X 3.7kWh,Performance,3.7,2020,2020-06-24,174859.0
V02364,CU01507,Ather Rizta,Rizta Z 2.9kWh,Family,2.9,2024,2024-06-24,54900.0
V02365,CU01507,Ather Rizta,Rizta Z 3.7kWh,Family,3.7,2025,2025-07-22,30322.0
V02366,CU01507,Ather 450X,450X 2.9kWh,Performance,2.9,2023,2023-05-03,62144.0
V02367,CU01507,Ather 450X,450X 2.9kWh,Performance,2.9,2025,2025-05-31,30536.0
V02368,CU01507,Ather Rizta,Rizta Z 3.7kWh,Family,3.7,2024,2024-08-11,75647.0
V02369,CU01508,Ather Rizta,Rizta Z 3.7kWh,Family,3.7,2025,2025-06-08,9556.0
V02370,CU01509,Ather 450X,450X 2.9kWh,Performance,2.9,2022,2022-06-10,40588.0
V02371,CU01510,Ather 450 Apex,450 Apex 3.7kWh,Performance,3.7,2026,2026-08-10,1521.0
V02372,CU01511,Ather 450 Apex,450 Apex 3.7kWh,Performance,3.7,2026,2026-03-13,6984.0
V02373,CU01512,Ather Rizta,Rizta S 2.9kWh,Family,2.9,2025,2025-04-08,14209.0
V02374,CU01513,Ather Rizta,Rizta S 2.9kWh,Family,2.9,2025,2025-04-04,16055.0
V02375,CU01514,Ather 450 Apex,450 Apex 3.7kWh,Performance,3.7,2025,2025-08-23,8598.0
V02376,CU01515,Ather 450X,450X 3.7kWh,Performance,3.7,2025,2025-12-18,4268.0
V02377,CU01516,Ather Rizta,Rizta S 2.9kWh,Family,2.9,2024,2024-08-19,21561.0
V02378,CU01517,Ather Rizta,Rizta S 2.9kWh,Family,2.9,2026,2026-07-04,2237.0
V02379,CU01518,Ather Rizta,Rizta Z 3.7kWh,Family,3.7,2026,2026-03-27,6249.0
V02380,CU01519,Ather 450 Apex,450 Apex 3.7kWh,Performance,3.7,2026,2026-01-29,9357.0
V02381,CU01520,Ather Rizta,Rizta S 2.9kWh,Family,2.9,2026,2026-05-19,4247.0
V02382,CU01521,Ather 450X,450X 2.9kWh,Performance,2.9,2020,2020-10-21,90839.0
V02383,CU01522,Ather 450X,450X 2.9kWh,Performance,2.9,2021,2021-04-30,60545.0
V02384,CU01523,Ather 450X,450X 3.7kWh,Performance,3.7,2023,2023-12-15,30872.0
V02385,CU01524,Ather 450 Apex,450 Apex 3.7kWh,Performance,3.7,2026,2026-01-14,10422.0
V02386,CU01525,Ather Rizta,Rizta S 2.9kWh,Family,2.9,2025,2025-03-17,16149.0
V02387,CU01526,Ather Rizta,Rizta S 2.9kWh,Family,2.9,2025,2025-10-11,12234.0
V02388,CU01527,Ather 450X,450X 3.7kWh,Performance,3.7,2026,2026-08-01,1660.0
V02389,CU01528,Ather 450X,450X 3.7kWh,Performance,3.7,2026,2026-08-14,1578.0
V02390,CU01529,Ather Rizta,Rizta S 2.9kWh,Family,2.9,2026,2026-02-18,3033.0
V02391,CU01530,Ather 450X,450X 3.7kWh,Performance,3.7,2020,2020-05-25,59082.0
V02392,CU01531,Ather Rizta,Rizta Z 2.9kWh,Family,2.9,2024,2024-10-12,21737.0
V02393,CU01532,Ather Rizta,Rizta S 2.9kWh,Family,2.9,2024,2024-08-23,21758.0
V02394,CU01533,Ather Rizta,Rizta S 2.9kWh,Family,2.9,2025,2025-05-16,11729.0
V02395,CU01534,Ather Rizta,Rizta S 2.9kWh,Family,2.9,2026,2026-01-13,6394.0
V02396,CU01535,Ather 450X,450X 3.7kWh,Performance,3.7,2021,2021-05-13,57521.0
V02397,CU01536,Ather Rizta,Rizta Z 2.9kWh,Family,2.9,2025,2025-02-08,17211.0
V02398,CU01537,Ather Rizta,Rizta Z 3.7kWh,Family,3.7,2026,2026-08-12,1168.0
V02399,CU01538,Ather 450X,450X 3.7kWh,Performance,3.7,2026,2026-01-14,9421.0
V02400,CU01539,Ather Rizta,Rizta Z 2.9kWh,Family,2.9,2026,2026-09-07,338.0
V02401,CU01540,Ather 450X,450X 2.9kWh,Performance,2.9,2025,2025-01-07,17455.0
V02402,CU01541,Ather 450X,450X 3.7kWh,Performance,3.7,2020,2020-12-20,46516.0
V02403,CU01542,Ather Rizta,Rizta Z 2.9kWh,Family,2.9,2024,2024-12-28,18959.0
V02404,CU01543,Ather Rizta,Rizta Z 3.7kWh,Family,3.7,2025,2025-10-14,8932.0
V02405,CU01544,Ather Rizta,Rizta S 2.9kWh,Family,2.9,2025,2025-07-08,8286.0
V02406,CU01545,Ather Rizta,Rizta Z 2.9kWh,Family,2.9,2025,2025-06-13,11277.0
V02407,CU01546,Ather Rizta,Rizta Z 3.7kWh,Family,3.7,2025,2025-05-01,13989.0
V02408,CU01547,Ather 450 Apex,450 Apex 3.7kWh,Performance,3.7,2024,2024-03-27,27655.0
V02409,CU01548,Ather Rizta,Rizta S 2.9kWh,Family,2.9,2026,2026-03-24,4602.0
V02410,CU01548,Ather 450X,450X 2.9kWh,Performance,2.9,2025,2025-10-16,9491.0
V02411,CU01549,Ather 450X,450X 2.9kWh,Performance,2.9,2025,2025-02-13,16028.0
V02412,CU01550,Ather 450 Apex,450 Apex 3.7kWh,Performance,3.7,2024,2024-04-07,11976.0
V02413,CU01551,Ather 450X,450X 2.9kWh,Performance,2.9,2023,2023-05-04,32164.0
V02414,CU01552,Ather 450X,450X 3.7kWh,Performance,3.7,2024,2024-12-29,12522.0
V02415,CU01553,Ather Rizta,Rizta Z 3.7kWh,Family,3.7,2024,2024-09-15,5960.0
V02416,CU01554,Ather Rizta,Rizta Z 3.7kWh,Family,3.7,2026,2026-02-18,7035.0
V02417,CU01555,Ather Rizta,Rizta S 2.9kWh,Family,2.9,2025,2025-01-08,13583.0
V02418,CU01556,Ather 450X,450X 3.7kWh,Performance,3.7,2025,2025-10-18,8012.0
V02419,CU01557,Ather 450 Apex,450 Apex 3.7kWh,Performance,3.7,2025,2025-03-26,18052.0
V02420,CU01558,Ather 450X,450X 3.7kWh,Performance,3.7,2026,2026-06-02,3730.0
V02421,CU01559,Ather Rizta,Rizta S 2.9kWh,Family,2.9,2024,2024-09-21,20459.0
V02422,CU01560,Ather Rizta,Rizta Z 2.9kWh,Family,2.9,2026,2026-04-03,4647.0
V02423,CU01561,Ather Rizta,Rizta Z 3.7kWh,Family,3.7,2025,2025-08-08,12460.0
V02424,CU01561,Ather 450X,450X 2.9kWh,Performance,2.9,2025,2025-04-22,15104.0
V02425,CU01562,Ather 450X,450X 2.9kWh,Performance,2.9,2023,2023-02-25,47717.0
V02426,CU01563,Ather 450 Apex,450 Apex 3.7kWh,Performance,3.7,2026,2026-03-24,3050.0
V02427,CU01564,Ather 450X,450X 3.7kWh,Performance,3.7,2026,2026-08-22,3685.0
V02428,CU01564,Ather 450X,450X 2.9kWh,Performance,2.9,2023,2023-12-11,78933.0
V02429,CU01564,Ather Rizta,Rizta S 2.9kWh,Family,2.9,2025,2025-08-18,24615.0
V02430,CU01564,Ather Rizta,Rizta Z 2.9kWh,Family,2.9,2025,2025-08-26,39672.0
V02431,CU01564,Ather Rizta,Rizta S 2.9kWh,Family,2.9,2025,2025-10-01,26919.0
V02432,CU01564,Ather 450X,450X 2.9kWh,Performance,2.9,2024,2024-12-25,46699.0
V02433,CU01564,Ather 450X,450X 2.9kWh,Performance,2.9,2023,2023-07-15,118783.0
V02434,CU01564,Ather Rizta,Rizta Z 3.7kWh,Family,3.7,2025,2025-09-29,17226.0
V02435,CU01564,Ather 450X,450X 2.9kWh,Performance,2.9,2022,2022-02-04,104545.0
V02436,CU01564,Ather 450X,450X 3.7kWh,Performance,3.7,2026,2026-03-13,16858.0
V02437,CU01564,Ather Rizta,Rizta S 2.9kWh,Family,2.9,2024,2024-12-21,49096.0
V02438,CU01564,Ather 450X,450X 3.7kWh,Performance,3.7,2025,2025-06-23,19976.0
V02439,CU01564,Ather Rizta,Rizta Z 2.9kWh,Family,2.9,2024,2024-11-01,68312.0
V02440,CU01564,Ather Rizta,Rizta Z 3.7kWh,Family,3.7,2025,2025-04-17,44465.0
V02441,CU01564,Ather Rizta,Rizta S 2.9kWh,Family,2.9,2026,2026-04-19,11706.0
V02442,CU01564,Ather 450X,450X 3.7kWh,Performance,3.7,2026,2026-04-21,13022.0
V02443,CU01564,Ather Rizta,Rizta S 2.9kWh,Family,2.9,2025,2025-07-19,19274.0
V02444,CU01564,Ather Rizta,Rizta Z 2.9kWh,Family,2.9,2025,2025-07-15,34526.0
V02445,CU01564,Ather Rizta,Rizta S 2.9kWh,Family,2.9,2026,2026-08-12,3793.0
V02446,CU01565,Ather 450X,450X 3.7kWh,Performance,3.7,2024,2024-10-03,19953.0
V02447,CU01565,Ather 450X,450X 3.7kWh,Performance,3.7,2020,2020-05-19,57878.0
V02448,CU01566,Ather 450X,450X 3.7kWh,Performance,3.7,2026,2026-07-29,1330.0
V02449,CU01567,Ather 450X,450X 3.7kWh,Performance,3.7,2024,2024-02-28,11256.0
V02450,CU01568,Ather Rizta,Rizta S 2.9kWh,Family,2.9,2025,2025-11-30,19259.0
V02451,CU01568,Ather 450X,450X 2.9kWh,Performance,2.9,2021,2021-08-05,116703.0
V02452,CU01568,Ather 450X,450X 2.9kWh,Performance,2.9,2023,2023-06-23,65848.0
V02453,CU01568,Ather 450X,450X 2.9kWh,Performance,2.9,2021,2021-02-27,108902.0
V02454,CU01568,Ather Rizta,Rizta S 2.9kWh,Family,2.9,2026,2026-08-18,4644.0
V02455,CU01568,Ather 450X,450X 3.7kWh,Performance,3.7,2022,2022-07-22,112738.0
V02456,CU01568,Ather Rizta,Rizta Z 3.7kWh,Family,3.7,2025,2025-07-29,29153.0
V02457,CU01568,Ather 450X,450X 2.9kWh,Performance,2.9,2023,2023-09-01,118264.0
V02458,CU01568,Ather 450X,450X 2.9kWh,Performance,2.9,2026,2026-03-17,14879.0
V02459,CU01568,Ather 450X,450X 3.7kWh,Performance,3.7,2023,2023-11-03,65691.0
V02460,CU01568,Ather 450X,450X 3.7kWh,Performance,3.7,2024,2024-03-09,84317.0
V02461,CU01568,Ather 450X,450X 2.9kWh,Performance,2.9,2020,2020-03-30,214658.0
V02462,CU01568,Ather Rizta,Rizta Z 3.7kWh,Family,3.7,2026,2026-04-24,16875.0
V02463,CU01568,Ather 450X,450X 3.7kWh,Performance,3.7,2025,2025-07-25,37502.0
V02464,CU01569,Ather 450 Apex,450 Apex 3.7kWh,Performance,3.7,2026,2026-05-28,2874.0
V02465,CU01570,Ather 450 Apex,450 Apex 3.7kWh,Performance,3.7,2025,2025-09-29,7038.0
V02466,CU01571,Ather 450 Apex,450 Apex 3.7kWh,Performance,3.7,2024,2024-06-08,16160.0
V02467,CU01572,Ather Rizta,Rizta S 2.9kWh,Family,2.9,2026,2026-08-22,1258.0
V02468,CU01573,Ather Rizta,Rizta Z 2.9kWh,Family,2.9,2024,2024-08-05,19057.0
V02469,CU01574,Ather 450X,450X 3.7kWh,Performance,3.7,2026,2026-04-13,2496.0
V02470,CU01575,Ather 450X,450X 2.9kWh,Performance,2.9,2022,2022-03-28,63589.0
V02471,CU01576,Ather 450X,450X 3.7kWh,Performance,3.7,2021,2021-01-29,54725.0
V02472,CU01577,Ather Rizta,Rizta S 2.9kWh,Family,2.9,2026,2026-04-15,14436.0
V02473,CU01577,Ather Rizta,Rizta S 2.9kWh,Family,2.9,2026,2026-05-22,14018.0
V02474,CU01577,Ather 450X,450X 3.7kWh,Performance,3.7,2021,2021-03-16,162510.0
V02475,CU01577,Ather 450X,450X 3.7kWh,Performance,3.7,2026,2026-04-29,14800.0
V02476,CU01577,Ather Rizta,Rizta S 2.9kWh,Family,2.9,2024,2024-07-09,50239.0
V02477,CU01577,Ather Rizta,Rizta Z 3.7kWh,Family,3.7,2025,2025-10-12,30769.0
V02478,CU01577,Ather 450X,450X 3.7kWh,Performance,3.7,2021,2021-10-13,159465.0
V02479,CU01578,Ather Rizta,Rizta S 2.9kWh,Family,2.9,2024,2024-09-06,27484.0
V02480,CU01578,Ather 450 Apex,450 Apex 3.7kWh,Performance,3.7,2026,2026-03-16,6262.0
V02481,CU01579,Ather Rizta,Rizta S 2.9kWh,Family,2.9,2025,2025-12-27,8483.0
V02482,CU01580,Ather 450X,450X 2.9kWh,Performance,2.9,2022,2022-02-18,52688.0
V02483,CU01581,Ather Rizta,Rizta Z 2.9kWh,Family,2.9,2025,2025-03-20,14981.0
V02484,CU01582,Ather 450X,450X 3.7kWh,Performance,3.7,2021,2021-12-27,38791.0
V02485,CU01583,Ather Rizta,Rizta Z 2.9kWh,Family,2.9,2026,2026-05-30,1880.0
V02486,CU01584,Ather Rizta,Rizta Z 2.9kWh,Family,2.9,2026,2026-06-29,1627.0
V02487,CU01585,Ather Rizta,Rizta S 2.9kWh,Family,2.9,2026,2026-05-02,3499.0
V02488,CU01586,Ather 450X,450X 3.7kWh,Performance,3.7,2020,2020-06-26,64933.0
V02489,CU01587,Ather Rizta,Rizta S 2.9kWh,Family,2.9,2025,2025-04-09,15672.0
V02490,CU01588,Ather Rizta,Rizta Z 3.7kWh,Family,3.7,2025,2025-12-18,8222.0
V02491,CU01589,Ather Rizta,Rizta S 2.9kWh,Family,2.9,2025,2025-11-26,5358.0
V02492,CU01590,Ather Rizta,Rizta Z 2.9kWh,Family,2.9,2025,2025-07-20,13962.0
V02493,CU01591,Ather 450X,450X 2.9kWh,Performance,2.9,2023,2023-03-17,18664.0
V02494,CU01592,Ather Rizta,Rizta Z 3.7kWh,Family,3.7,2026,2026-01-25,6927.0
V02495,CU01593,Ather 450X,450X 3.7kWh,Performance,3.7,2024,2024-04-29,23477.0
V02496,CU01594,Ather 450X,450X 3.7kWh,Performance,3.7,2026,2026-01-06,5104.0
V02497,CU01595,Ather Rizta,Rizta Z 2.9kWh,Family,2.9,2025,2025-11-19,8865.0
V02498,CU01596,Ather Rizta,Rizta S 2.9kWh,Family,2.9,2026,2026-05-04,12565.0
V02499,CU01596,Ather Rizta,Rizta Z 3.7kWh,Family,3.7,2025,2025-10-19,34309.0
V02500,CU01596,Ather Rizta,Rizta Z 2.9kWh,Family,2.9,2026,2026-03-10,12501.0
V02501,CU01596,Ather 450X,450X 3.7kWh,Performance,3.7,2025,2025-07-13,48902.0
V02502,CU01596,Ather 450X,450X 2.9kWh,Performance,2.9,2020,2020-12-01,139794.0
V02503,CU01596,Ather Rizta,Rizta Z 3.7kWh,Family,3.7,2026,2026-03-05,20776.0
V02504,CU01596,Ather Rizta,Rizta Z 3.7kWh,Family,3.7,2026,2026-01-14,22854.0
V02505,CU01596,Ather 450X,450X 2.9kWh,Performance,2.9,2020,2020-06-05,200018.0
V02506,CU01597,Ather 450X,450X 3.7kWh,Performance,3.7,2021,2021-10-12,27733.0
V02507,CU01598,Ather 450X,450X 3.7kWh,Performance,3.7,2024,2024-07-01,22680.0
V02508,CU01599,Ather 450X,450X 3.7kWh,Performance,3.7,2020,2020-10-19,51140.0
V02509,CU01600,Ather 450X,450X 3.7kWh,Performance,3.7,2026,2026-02-01,6170.0
V02510,CU01601,Ather Rizta,Rizta Z 3.7kWh,Family,3.7,2026,2026-01-20,6508.0
V02511,CU01602,Ather Rizta,Rizta S 2.9kWh,Family,2.9,2025,2025-09-16,7872.0
V02512,CU01603,Ather Rizta,Rizta Z 3.7kWh,Family,3.7,2025,2025-06-24,15303.0
V02513,CU01604,Ather 450X,450X 2.9kWh,Performance,2.9,2021,2021-04-25,30298.0
V02514,CU01605,Ather 450X,450X 2.9kWh,Performance,2.9,2025,2025-04-15,13735.0
V02515,CU01606,Ather Rizta,Rizta Z 3.7kWh,Family,3.7,2025,2025-01-28,13607.0
V02516,CU01607,Ather Rizta,Rizta Z 2.9kWh,Family,2.9,2026,2026-03-10,7772.0
V02517,CU01608,Ather 450X,450X 3.7kWh,Performance,3.7,2025,2025-03-16,11024.0
V02518,CU01609,Ather Rizta,Rizta S 2.9kWh,Family,2.9,2025,2025-08-11,10761.0
V02519,CU01610,Ather 450X,450X 3.7kWh,Performance,3.7,2020,2020-07-24,41058.0
V02520,CU01611,Ather 450X,450X 3.7kWh,Performance,3.7,2020,2020-09-23,52874.0
V02521,CU01612,Ather Rizta,Rizta Z 3.7kWh,Family,3.7,2025,2025-11-28,7689.0
V02522,CU01613,Ather 450X,450X 3.7kWh,Performance,3.7,2020,2020-10-20,41567.0
V02523,CU01614,Ather Rizta,Rizta Z 2.9kWh,Family,2.9,2024,2024-06-08,23499.0
V02524,CU01615,Ather 450X,450X 3.7kWh,Performance,3.7,2025,2025-07-26,10199.0
V02525,CU01616,Ather Rizta,Rizta Z 3.7kWh,Family,3.7,2025,2025-06-02,10595.0
V02526,CU01617,Ather 450X,450X 3.7kWh,Performance,3.7,2022,2022-05-03,47657.0
V02527,CU01618,Ather Rizta,Rizta Z 3.7kWh,Family,3.7,2025,2025-09-28,6769.0
V02528,CU01619,Ather Rizta,Rizta S 2.9kWh,Family,2.9,2025,2025-06-08,11372.0
V02529,CU01620,Ather Rizta,Rizta Z 2.9kWh,Family,2.9,2025,2025-06-19,20512.0
V02530,CU01621,Ather Rizta,Rizta Z 3.7kWh,Family,3.7,2026,2026-01-10,5564.0
V02531,CU01622,Ather Rizta,Rizta S 2.9kWh,Family,2.9,2025,2025-05-26,16977.0
V02532,CU01622,Ather Rizta,Rizta S 2.9kWh,Family,2.9,2024,2024-08-16,21124.0
V02533,CU01623,Ather Rizta,Rizta Z 2.9kWh,Family,2.9,2025,2025-02-09,9192.0
V02534,CU01624,Ather 450X,450X 3.7kWh,Performance,3.7,2021,2021-11-28,45861.0
V02535,CU01625,Ather 450X,450X 2.9kWh,Performance,2.9,2020,2020-02-11,56508.0
V02536,CU01626,Ather 450X,450X 2.9kWh,Performance,2.9,2025,2025-09-14,8893.0
V02537,CU01627,Ather 450 Apex,450 Apex 3.7kWh,Performance,3.7,2026,2026-02-04,5323.0
V02538,CU01628,Ather 450 Apex,450 Apex 3.7kWh,Performance,3.7,2024,2024-12-12,25106.0
V02539,CU01629,Ather 450X,450X 3.7kWh,Performance,3.7,2021,2021-07-06,50536.0
V02540,CU01630,Ather Rizta,Rizta Z 2.9kWh,Family,2.9,2025,2025-09-04,10420.0
V02541,CU01631,Ather 450X,450X 2.9kWh,Performance,2.9,2021,2021-10-13,54666.0
V02542,CU01632,Ather 450X,450X 3.7kWh,Performance,3.7,2025,2025-12-28,6154.0
V02543,CU01633,Ather Rizta,Rizta Z 2.9kWh,Family,2.9,2025,2025-03-20,15832.0
V02544,CU01634,Ather 450 Apex,450 Apex 3.7kWh,Performance,3.7,2026,2026-03-11,3211.0
V02545,CU01635,Ather 450 Apex,450 Apex 3.7kWh,Performance,3.7,2026,2026-05-28,2553.0
V02546,CU01636,Ather Rizta,Rizta S 2.9kWh,Family,2.9,2025,2025-07-24,13140.0
V02547,CU01637,Ather 450X,450X 3.7kWh,Performance,3.7,2026,2026-05-21,2128.0
V02548,CU01638,Ather Rizta,Rizta Z 3.7kWh,Family,3.7,2025,2025-09-30,8133.0
V02549,CU01639,Ather 450X,450X 3.7kWh,Performance,3.7,2026,2026-05-25,4359.0
V02550,CU01640,Ather 450X,450X 3.7kWh,Performance,3.7,2020,2020-11-28,55899.0
V02551,CU01641,Ather 450 Apex,450 Apex 3.7kWh,Performance,3.7,2024,2024-10-05,22388.0
V02552,CU01642,Ather 450X,450X 3.7kWh,Performance,3.7,2022,2022-09-06,41305.0
V02553,CU01643,Ather 450X,450X 3.7kWh,Performance,3.7,2021,2021-10-01,55992.0
V02554,CU01644,Ather 450 Apex,450 Apex 3.7kWh,Performance,3.7,2026,2026-02-27,6495.0
V02555,CU01645,Ather 450X,450X 2.9kWh,Performance,2.9,2020,2020-04-30,73271.0
V02556,CU01646,Ather Rizta,Rizta Z 3.7kWh,Family,3.7,2026,2026-04-29,5612.0
V02557,CU01647,Ather Rizta,Rizta Z 2.9kWh,Family,2.9,2024,2024-07-28,23474.0
V02558,CU01648,Ather 450 Apex,450 Apex 3.7kWh,Performance,3.7,2025,2025-03-28,15457.0
V02559,CU01649,Ather 450X,450X 3.7kWh,Performance,3.7,2024,2024-09-16,20489.0
V02560,CU01650,Ather 450X,450X 3.7kWh,Performance,3.7,2022,2022-01-23,34682.0
V02561,CU01651,Ather Rizta,Rizta S 2.9kWh,Family,2.9,2025,2025-02-05,8378.0
V02562,CU01652,Ather 450X,450X 2.9kWh,Performance,2.9,2025,2025-08-17,6058.0
V02563,CU01653,Ather Rizta,Rizta Z 2.9kWh,Family,2.9,2026,2026-01-29,6658.0
V02564,CU01654,Ather Rizta,Rizta Z 3.7kWh,Family,3.7,2024,2024-10-08,20579.0
V02565,CU01655,Ather 450X,450X 3.7kWh,Performance,3.7,2021,2021-12-05,34033.0
V02566,CU01656,Ather 450X,450X 3.7kWh,Performance,3.7,2025,2025-04-20,4224.0
V02567,CU01657,Ather 450X,450X 3.7kWh,Performance,3.7,2025,2025-10-30,8173.0
V02568,CU01658,Ather 450X,450X 2.9kWh,Performance,2.9,2021,2021-05-03,82297.0
V02569,CU01659,Ather 450X,450X 2.9kWh,Performance,2.9,2020,2020-09-01,56780.0
V02570,CU01660,Ather 450X,450X 2.9kWh,Performance,2.9,2021,2021-02-08,59391.0
V02571,CU01661,Ather Rizta,Rizta Z 3.7kWh,Family,3.7,2024,2024-10-28,19577.0
V02572,CU01662,Ather Rizta,Rizta S 2.9kWh,Family,2.9,2024,2024-10-20,20901.0
V02573,CU01663,Ather 450X,450X 3.7kWh,Performance,3.7,2024,2024-12-08,62182.0
V02574,CU01663,Ather 450X,450X 3.7kWh,Performance,3.7,2025,2025-03-08,58345.0
V02575,CU01663,Ather Rizta,Rizta S 2.9kWh,Family,2.9,2024,2024-10-21,65906.0
V02576,CU01663,Ather 450X,450X 2.9kWh,Performance,2.9,2025,2025-03-27,35446.0
V02577,CU01664,Ather Rizta,Rizta S 2.9kWh,Family,2.9,2025,2025-08-02,11453.0
V02578,CU01665,Ather 450X,450X 2.9kWh,Performance,2.9,2024,2024-10-12,18674.0
V02579,CU01666,Ather Rizta,Rizta S 2.9kWh,Family,2.9,2025,2025-04-19,12212.0
V02580,CU01667,Ather 450X,450X 2.9kWh,Performance,2.9,2025,2025-05-12,12138.0
V02581,CU01668,Ather 450X,450X 3.7kWh,Performance,3.7,2021,2021-11-06,28924.0
V02582,CU01669,Ather Rizta,Rizta Z 3.7kWh,Family,3.7,2026,2026-04-27,3512.0
V02583,CU01670,Ather Rizta,Rizta Z 3.7kWh,Family,3.7,2025,2025-03-14,4520.0
V02584,CU01671,Ather 450X,450X 3.7kWh,Performance,3.7,2021,2021-06-05,64009.0
V02585,CU01672,Ather Rizta,Rizta Z 3.7kWh,Family,3.7,2025,2025-12-07,9245.0
V02586,CU01672,Ather 450X,450X 3.7kWh,Performance,3.7,2025,2025-05-09,6725.0
V02587,CU01673,Ather 450X,450X 3.7kWh,Performance,3.7,2022,2022-09-18,167581.0
V02588,CU01673,Ather Rizta,Rizta Z 2.9kWh,Family,2.9,2025,2025-04-14,32135.0
V02589,CU01673,Ather 450X,450X 3.7kWh,Performance,3.7,2020,2020-03-06,247186.0
V02590,CU01673,Ather 450X,450X 3.7kWh,Performance,3.7,2025,2025-02-20,65587.0
V02591,CU01673,Ather Rizta,Rizta Z 3.7kWh,Family,3.7,2024,2024-11-19,60811.0
V02592,CU01673,Ather 450X,450X 2.9kWh,Performance,2.9,2024,2024-09-16,49996.0
V02593,CU01673,Ather 450X,450X 2.9kWh,Performance,2.9,2023,2023-06-01,133644.0
V02594,CU01673,Ather 450X,450X 2.9kWh,Performance,2.9,2025,2025-04-27,50743.0
V02595,CU01673,Ather 450X,450X 3.7kWh,Performance,3.7,2021,2021-08-27,115923.0
V02596,CU01673,Ather Rizta,Rizta S 2.9kWh,Family,2.9,2025,2025-03-15,45347.0
V02597,CU01673,Ather 450X,450X 2.9kWh,Performance,2.9,2026,2026-09-03,1982.0
V02598,CU01673,Ather Rizta,Rizta Z 2.9kWh,Family,2.9,2025,2025-09-11,39322.0
V02599,CU01674,Ather 450X,450X 3.7kWh,Performance,3.7,2025,2025-01-03,17077.0
V02600,CU01675,Ather 450X,450X 2.9kWh,Performance,2.9,2020,2020-02-26,85538.0
V02601,CU01676,Ather Rizta,Rizta Z 3.7kWh,Family,3.7,2026,2026-07-13,2826.0
V02602,CU01677,Ather 450 Apex,450 Apex 3.7kWh,Performance,3.7,2025,2025-04-29,14458.0
V02603,CU01677,Ather 450X,450X 3.7kWh,Performance,3.7,2024,2024-07-17,24955.0
V02604,CU01678,Ather 450X,450X 3.7kWh,Performance,3.7,2023,2023-01-31,36324.0
V02605,CU01679,Ather 450X,450X 2.9kWh,Performance,2.9,2022,2022-08-13,35178.0
V02606,CU01680,Ather Rizta,Rizta Z 3.7kWh,Family,3.7,2026,2026-05-17,3348.0
V02607,CU01681,Ather 450X,450X 3.7kWh,Performance,3.7,2020,2020-11-19,58205.0
V02608,CU01681,Ather 450X,450X 2.9kWh,Performance,2.9,2020,2020-04-05,48661.0
V02609,CU01682,Ather 450X,450X 2.9kWh,Performance,2.9,2022,2022-08-25,36198.0
V02610,CU01683,Ather 450X,450X 2.9kWh,Performance,2.9,2022,2022-04-25,80150.0
V02611,CU01683,Ather 450X,450X 2.9kWh,Performance,2.9,2025,2025-06-04,12343.0
V02612,CU01684,Ather Rizta,Rizta S 2.9kWh,Family,2.9,2026,2026-02-13,5995.0
V02613,CU01685,Ather 450X,450X 3.7kWh,Performance,3.7,2026,2026-03-30,4646.0
V02614,CU01686,Ather Rizta,Rizta Z 3.7kWh,Family,3.7,2025,2025-02-21,18538.0
V02615,CU01687,Ather 450X,450X 2.9kWh,Performance,2.9,2026,2026-08-01,1098.0
V02616,CU01688,Ather Rizta,Rizta S 2.9kWh,Family,2.9,2025,2025-05-18,17062.0
V02617,CU01689,Ather Rizta,Rizta Z 2.9kWh,Family,2.9,2024,2024-08-18,15304.0
V02618,CU01690,Ather Rizta,Rizta S 2.9kWh,Family,2.9,2025,2025-09-04,12148.0
V02619,CU01691,Ather 450 Apex,450 Apex 3.7kWh,Performance,3.7,2026,2026-05-31,3290.0
V02620,CU01692,Ather Rizta,Rizta Z 3.7kWh,Family,3.7,2026,2026-05-25,4098.0
V02621,CU01693,Ather 450X,450X 2.9kWh,Performance,2.9,2024,2024-05-19,32611.0
V02622,CU01694,Ather 450X,450X 2.9kWh,Performance,2.9,2025,2025-11-27,7557.0
V02623,CU01695,Ather Rizta,Rizta Z 2.9kWh,Family,2.9,2024,2024-07-24,9312.0
V02624,CU01696,Ather 450X,450X 3.7kWh,Performance,3.7,2020,2020-01-23,48124.0
V02625,CU01696,Ather 450X,450X 3.7kWh,Performance,3.7,2024,2024-08-05,22661.0
V02626,CU01697,Ather 450X,450X 3.7kWh,Performance,3.7,2024,2024-07-26,25027.0
V02627,CU01698,Ather Rizta,Rizta S 2.9kWh,Family,2.9,2026,2026-06-15,2248.0
V02628,CU01699,Ather 450X,450X 2.9kWh,Performance,2.9,2022,2022-02-17,40374.0
V02629,CU01700,Ather 450X,450X 3.7kWh,Performance,3.7,2026,2026-08-26,1031.0
V02630,CU01701,Ather 450X,450X 3.7kWh,Performance,3.7,2026,2026-06-23,2532.0
V02631,CU01702,Ather Rizta,Rizta Z 3.7kWh,Family,3.7,2025,2025-11-24,8682.0
V02632,CU01703,Ather Rizta,Rizta Z 2.9kWh,Family,2.9,2025,2025-06-26,13178.0
V02633,CU01704,Ather 450X,450X 3.7kWh,Performance,3.7,2026,2026-07-08,1939.0
V02634,CU01705,Ather 450X,450X 3.7kWh,Performance,3.7,2022,2022-10-21,41209.0
V02635,CU01706,Ather Rizta,Rizta Z 2.9kWh,Family,2.9,2024,2024-10-19,17580.0
V02636,CU01707,Ather 450X,450X 3.7kWh,Performance,3.7,2022,2022-04-15,62459.0
V02637,CU01708,Ather 450X,450X 3.7kWh,Performance,3.7,2026,2026-04-14,4806.0
V02638,CU01709,Ather Rizta,Rizta S 2.9kWh,Family,2.9,2025,2025-09-06,11359.0
V02639,CU01710,Ather 450X,450X 3.7kWh,Performance,3.7,2023,2023-05-15,34638.0
V02640,CU01711,Ather Rizta,Rizta Z 2.9kWh,Family,2.9,2024,2024-10-27,19619.0
V02641,CU01712,Ather 450X,450X 3.7kWh,Performance,3.7,2023,2023-04-29,41727.0
V02642,CU01713,Ather 450X,450X 3.7kWh,Performance,3.7,2022,2022-01-28,69538.0
V02643,CU01714,Ather 450X,450X 2.9kWh,Performance,2.9,2020,2020-07-27,75470.0
V02644,CU01715,Ather 450X,450X 2.9kWh,Performance,2.9,2026,2026-09-01,888.0
V02645,CU01716,Ather 450X,450X 3.7kWh,Performance,3.7,2020,2020-01-21,54658.0
V02646,CU01717,Ather 450X,450X 3.7kWh,Performance,3.7,2023,2023-09-18,36388.0
V02647,CU01718,Ather Rizta,Rizta S 2.9kWh,Family,2.9,2025,2025-05-01,12873.0
V02648,CU01719,Ather 450 Apex,450 Apex 3.7kWh,Performance,3.7,2024,2024-03-30,20124.0
V02649,CU01720,Ather 450X,450X 2.9kWh,Performance,2.9,2020,2020-06-10,75123.0
V02650,CU01720,Ather Rizta,Rizta S 2.9kWh,Family,2.9,2026,2026-03-13,4347.0
V02651,CU01721,Ather 450X,450X 2.9kWh,Performance,2.9,2020,2020-01-21,27840.0
V02652,CU01722,Ather Rizta,Rizta Z 3.7kWh,Family,3.7,2024,2024-07-04,22656.0
V02653,CU01723,Ather 450X,450X 3.7kWh,Performance,3.7,2023,2023-09-30,28920.0
V02654,CU01724,Ather Rizta,Rizta Z 3.7kWh,Family,3.7,2025,2025-04-26,6351.0
V02655,CU01725,Ather Rizta,Rizta S 2.9kWh,Family,2.9,2025,2025-09-05,13940.0
V02656,CU01726,Ather 450X,450X 2.9kWh,Performance,2.9,2020,2020-08-08,48358.0
V02657,CU01727,Ather 450X,450X 3.7kWh,Performance,3.7,2026,2026-08-16,1496.0
V02658,CU01728,Ather 450X,450X 3.7kWh,Performance,3.7,2020,2020-12-14,90811.0
V02659,CU01728,Ather Rizta,Rizta Z 3.7kWh,Family,3.7,2026,2026-06-28,4593.0
V02660,CU01728,Ather Rizta,Rizta Z 2.9kWh,Family,2.9,2025,2025-05-31,16578.0
V02661,CU01728,Ather 450X,450X 3.7kWh,Performance,3.7,2025,2025-09-16,11952.0
V02662,CU01729,Ather Rizta,Rizta S 2.9kWh,Family,2.9,2024,2024-09-28,20266.0
V02663,CU01730,Ather 450X,450X 2.9kWh,Performance,2.9,2023,2023-07-29,27190.0
V02664,CU01731,Ather 450X,450X 3.7kWh,Performance,3.7,2022,2022-08-05,24554.0
V02665,CU01732,Ather Rizta,Rizta S 2.9kWh,Family,2.9,2025,2025-11-16,11270.0
V02666,CU01733,Ather Rizta,Rizta Z 3.7kWh,Family,3.7,2025,2025-12-22,4361.0
V02667,CU01734,Ather 450 Apex,450 Apex 3.7kWh,Performance,3.7,2024,2024-08-17,23458.0
V02668,CU01735,Ather 450X,450X 3.7kWh,Performance,3.7,2021,2021-07-16,54607.0
V02669,CU01736,Ather 450X,450X 3.7kWh,Performance,3.7,2022,2022-08-16,65064.0
V02670,CU01737,Ather 450X,450X 3.7kWh,Performance,3.7,2023,2023-08-17,30595.0
V02671,CU01738,Ather 450X,450X 3.7kWh,Performance,3.7,2021,2021-07-05,68655.0
V02672,CU01739,Ather Rizta,Rizta Z 2.9kWh,Family,2.9,2024,2024-10-01,11591.0
V02673,CU01740,Ather Rizta,Rizta S 2.9kWh,Family,2.9,2024,2024-12-29,11023.0
V02674,CU01741,Ather 450X,450X 2.9kWh,Performance,2.9,2025,2025-03-31,11054.0
V02675,CU01742,Ather Rizta,Rizta Z 2.9kWh,Family,2.9,2024,2024-08-13,14320.0
V02676,CU01743,Ather Rizta,Rizta Z 2.9kWh,Family,2.9,2025,2025-09-05,11517.0
V02677,CU01744,Ather 450X,450X 3.7kWh,Performance,3.7,2023,2023-01-04,37145.0
V02678,CU01745,Ather 450X,450X 3.7kWh,Performance,3.7,2021,2021-01-01,64624.0
V02679,CU01745,Ather 450X,450X 3.7kWh,Performance,3.7,2021,2021-06-24,66250.0
V02680,CU01746,Ather 450X,450X 2.9kWh,Performance,2.9,2026,2026-01-07,6583.0
V02681,CU01747,Ather 450X,450X 3.7kWh,Performance,3.7,2025,2025-03-09,21755.0
V02682,CU01748,Ather 450X,450X 3.7kWh,Performance,3.7,2022,2022-07-28,32092.0
V02683,CU01749,Ather Rizta,Rizta Z 3.7kWh,Family,3.7,2025,2025-02-13,18875.0
V02684,CU01750,Ather 450X,450X 3.7kWh,Performance,3.7,2022,2022-11-24,36198.0
V02685,CU01751,Ather Rizta,Rizta Z 2.9kWh,Family,2.9,2026,2026-08-29,714.0
V02686,CU01752,Ather Rizta,Rizta S 2.9kWh,Family,2.9,2026,2026-03-18,6695.0
V02687,CU01753,Ather 450X,450X 2.9kWh,Performance,2.9,2026,2026-03-15,6181.0
V02688,CU01754,Ather 450X,450X 3.7kWh,Performance,3.7,2025,2025-12-11,6851.0
V02689,CU01755,Ather Rizta,Rizta S 2.9kWh,Family,2.9,2026,2026-02-09,7483.0
V02690,CU01756,Ather Rizta,Rizta S 2.9kWh,Family,2.9,2025,2025-06-11,12313.0
V02691,CU01757,Ather 450X,450X 3.7kWh,Performance,3.7,2020,2020-07-11,60681.0
V02692,CU01758,Ather 450X,450X 3.7kWh,Performance,3.7,2025,2025-01-30,
V02693,CU01759,Ather 450X,450X 3.7kWh,Performance,3.7,2025,2025-09-27,8866.0
V02694,CU01760,Ather Rizta,Rizta Z 3.7kWh,Family,3.7,2025,2025-01-14,15474.0
V02695,CU01761,Ather Rizta,Rizta S 2.9kWh,Family,2.9,2024,2024-12-21,56414.0
V02696,CU01761,Ather 450X,450X 2.9kWh,Performance,2.9,2024,2024-07-12,67716.0
V02697,CU01761,Ather 450X,450X 2.9kWh,Performance,2.9,2024,2024-02-09,76179.0
V02698,CU01761,Ather Rizta,Rizta Z 2.9kWh,Family,2.9,2024,2024-08-25,67196.0
V02699,CU01761,Ather 450X,450X 3.7kWh,Performance,3.7,2026,2026-01-19,16482.0
V02700,CU01761,Ather Rizta,Rizta Z 3.7kWh,Family,3.7,2026,2026-04-09,10491.0
V02701,CU01761,Ather Rizta,Rizta Z 2.9kWh,Family,2.9,2024,2024-11-07,47782.0
V02702,CU01761,Ather 450X,450X 3.7kWh,Performance,3.7,2020,2020-09-22,184916.0
V02703,CU01762,Ather Rizta,Rizta Z 2.9kWh,Family,2.9,2026,2026-07-14,2179.0
V02704,CU01763,Ather 450X,450X 2.9kWh,Performance,2.9,2025,2025-06-20,12941.0
V02705,CU01764,Ather Rizta,Rizta S 2.9kWh,Family,2.9,2025,2025-12-10,8293.0
V02706,CU01765,Ather Rizta,Rizta Z 2.9kWh,Family,2.9,2024,2024-09-15,16950.0
V02707,CU01766,Ather 450X,450X 3.7kWh,Performance,3.7,2020,2020-09-21,50360.0
V02708,CU01767,Ather 450X,450X 2.9kWh,Performance,2.9,2020,2020-12-03,50813.0
V02709,CU01768,Ather Rizta,Rizta Z 3.7kWh,Family,3.7,2024,2024-06-26,19844.0
V02710,CU01768,Ather 450X,450X 2.9kWh,Performance,2.9,2025,2025-09-16,9917.0
V02711,CU01769,Ather Rizta,Rizta S 2.9kWh,Family,2.9,2025,2025-11-11,6961.0
V02712,CU01770,Ather 450X,450X 2.9kWh,Performance,2.9,2026,2026-03-18,5867.0
V02713,CU01771,Ather 450 Apex,450 Apex 3.7kWh,Performance,3.7,2026,2026-01-06,5598.0
V02714,CU01772,Ather Rizta,Rizta Z 3.7kWh,Family,3.7,2026,2026-04-17,4061.0
V02715,CU01773,Ather Rizta,Rizta Z 2.9kWh,Family,2.9,2026,2026-05-04,5213.0
V02716,CU01774,Ather 450X,450X 3.7kWh,Performance,3.7,2023,2023-04-14,41443.0
V02717,CU01775,Ather Rizta,Rizta Z 3.7kWh,Family,3.7,2026,2026-04-16,5144.0
V02718,CU01776,Ather Rizta,Rizta Z 2.9kWh,Family,2.9,2026,2026-08-16,1466.0
V02719,CU01777,Ather 450X,450X 2.9kWh,Performance,2.9,2023,2023-01-30,60942.0
V02720,CU01778,Ather Rizta,Rizta S 2.9kWh,Family,2.9,2026,2026-05-09,4195.0
V02721,CU01778,Ather Rizta,Rizta Z 3.7kWh,Family,3.7,2025,2025-03-26,20118.0
V02722,CU01778,Ather 450X,450X 2.9kWh,Performance,2.9,2025,2025-09-13,22636.0
V02723,CU01778,Ather 450 Apex,450 Apex 3.7kWh,Performance,3.7,2026,2026-06-03,2012.0
V02724,CU01779,Ather 450 Apex,450 Apex 3.7kWh,Performance,3.7,2026,2026-01-23,5904.0
V02725,CU01780,Ather 450X,450X 3.7kWh,Performance,3.7,2026,2026-02-19,6263.0
V02726,CU01781,Ather 450X,450X 2.9kWh,Performance,2.9,2026,2026-07-22,1967.0
V02727,CU01781,Ather Rizta,Rizta Z 2.9kWh,Family,2.9,2024,2024-07-23,33198.0
V02728,CU01781,Ather Rizta,Rizta S 2.9kWh,Family,2.9,2026,2026-08-03,3128.0
V02729,CU01782,Ather Rizta,Rizta S 2.9kWh,Family,2.9,2026,2026-01-31,3785.0
V02730,CU01783,Ather 450X,450X 3.7kWh,Performance,3.7,2026,2026-02-04,4296.0
V02731,CU01784,Ather 450X,450X 3.7kWh,Performance,3.7,2023,2023-06-05,40208.0
V02732,CU01785,Ather Rizta,Rizta S 2.9kWh,Family,2.9,2025,2025-02-24,26631.0
V02733,CU01786,Ather 450X,450X 2.9kWh,Performance,2.9,2024,2024-04-15,36500.0
V02734,CU01787,Ather Rizta,Rizta Z 2.9kWh,Family,2.9,2026,2026-05-12,4124.0
V02735,CU01787,Ather Rizta,Rizta S 2.9kWh,Family,2.9,2025,2025-03-21,13417.0
V02736,CU01788,Ather Rizta,Rizta Z 3.7kWh,Family,3.7,2026,2026-09-05,1536.0
V02737,CU01788,Ather Rizta,Rizta Z 3.7kWh,Family,3.7,2026,2026-04-11,15649.0
V02738,CU01788,Ather 450X,450X 2.9kWh,Performance,2.9,2025,2025-02-15,41208.0
V02739,CU01788,Ather 450X,450X 3.7kWh,Performance,3.7,2025,2025-10-12,24177.0
V02740,CU01788,Ather 450X,450X 3.7kWh,Performance,3.7,2021,2021-05-01,228093.0
V02741,CU01788,Ather Rizta,Rizta Z 2.9kWh,Family,2.9,2025,2025-09-20,33862.0
V02742,CU01789,Ather 450X,450X 3.7kWh,Performance,3.7,2021,2021-03-30,36220.0
V02743,CU01790,Ather Rizta,Rizta Z 3.7kWh,Family,3.7,2024,2024-07-17,22527.0
V02744,CU01791,Ather Rizta,Rizta Z 2.9kWh,Family,2.9,2025,2025-11-01,9679.0
V02745,CU01792,Ather 450 Apex,450 Apex 3.7kWh,Performance,3.7,2024,2024-10-21,14962.0
V02746,CU01793,Ather Rizta,Rizta S 2.9kWh,Family,2.9,2025,2025-09-21,6065.0
V02747,CU01794,Ather 450 Apex,450 Apex 3.7kWh,Performance,3.7,2026,2026-02-22,5111.0
V02748,CU01795,Ather Rizta,Rizta S 2.9kWh,Family,2.9,2024,2024-09-22,18781.0
V02749,CU01796,Ather Rizta,Rizta S 2.9kWh,Family,2.9,2024,2024-10-29,18063.0
V02750,CU01797,Ather 450X,450X 2.9kWh,Performance,2.9,2025,2025-08-22,28716.0
V02751,CU01797,Ather 450X,450X 3.7kWh,Performance,3.7,2021,2021-11-25,160230.0
V02752,CU01797,Ather 450X,450X 2.9kWh,Performance,2.9,2022,2022-08-30,124148.0
V02753,CU01797,Ather Rizta,Rizta Z 3.7kWh,Family,3.7,2025,2025-11-28,40924.0
V02754,CU01797,Ather 450X,450X 2.9kWh,Performance,2.9,2024,2024-12-01,52997.0
V02755,CU01797,Ather 450X,450X 2.9kWh,Performance,2.9,2021,2021-01-20,95914.0
V02756,CU01797,Ather Rizta,Rizta S 2.9kWh,Family,2.9,2025,2025-08-06,28426.0
V02757,CU01798,Ather Rizta,Rizta Z 2.9kWh,Family,2.9,2024,2024-12-04,19325.0
V02758,CU01799,Ather 450X,450X 3.7kWh,Performance,3.7,2020,2020-02-13,80330.0
V02759,CU01800,Ather Rizta,Rizta Z 2.9kWh,Family,2.9,2026,2026-04-01,4047.0
V02760,CU01801,Ather Rizta,Rizta Z 3.7kWh,Family,3.7,2026,2026-02-11,6135.0
V02761,CU01802,Ather 450X,450X 3.7kWh,Performance,3.7,2022,2022-06-17,37749.0
V02762,CU01803,Ather Rizta,Rizta Z 3.7kWh,Family,3.7,2024,2024-09-01,10251.0
V02763,CU01804,Ather Rizta,Rizta S 2.9kWh,Family,2.9,2026,2026-01-24,26997.0
V02764,CU01804,Ather Rizta,Rizta Z 2.9kWh,Family,2.9,2026,2026-06-20,5438.0
V02765,CU01804,Ather Rizta,Rizta Z 3.7kWh,Family,3.7,2025,2025-02-23,53803.0
V02766,CU01804,Ather Rizta,Rizta S 2.9kWh,Family,2.9,2025,2025-09-22,33246.0
V02767,CU01804,Ather 450X,450X 3.7kWh,Performance,3.7,2022,2022-05-19,123930.0
V02768,CU01804,Ather 450X,450X 2.9kWh,Performance,2.9,2020,2020-06-30,149655.0
V02769,CU01804,Ather 450X,450X 3.7kWh,Performance,3.7,2020,2020-02-23,108116.0
V02770,CU01804,Ather Rizta,Rizta Z 3.7kWh,Family,3.7,2025,2025-09-27,32586.0
V02771,CU01804,Ather Rizta,Rizta Z 2.9kWh,Family,2.9,2025,2025-02-02,36355.0
V02772,CU01804,Ather 450X,450X 3.7kWh,Performance,3.7,2020,2020-12-01,130947.0
V02773,CU01804,Ather Rizta,Rizta Z 2.9kWh,Family,2.9,2024,2024-11-08,39443.0
V02774,CU01804,Ather 450X,450X 3.7kWh,Performance,3.7,2023,2023-08-31,106108.0
V02775,CU01804,Ather Rizta,Rizta S 2.9kWh,Family,2.9,2025,2025-08-07,31926.0
V02776,CU01804,Ather Rizta,Rizta Z 2.9kWh,Family,2.9,2024,2024-10-18,48363.0
V02777,CU01804,Ather Rizta,Rizta Z 2.9kWh,Family,2.9,2026,2026-09-09,1647.0
V02778,CU01804,Ather 450X,450X 3.7kWh,Performance,3.7,2025,2025-01-23,46635.0
V02779,CU01804,Ather 450X,450X 3.7kWh,Performance,3.7,2021,2021-04-27,122132.0
V02780,CU01804,Ather Rizta,Rizta S 2.9kWh,Family,2.9,2026,2026-05-23,10091.0
V02781,CU01804,Ather Rizta,Rizta S 2.9kWh,Family,2.9,2024,2024-08-19,53577.0
V02782,CU01804,Ather Rizta,Rizta Z 3.7kWh,Family,3.7,2025,2025-08-01,43597.0
V02783,CU01805,Ather 450X,450X 3.7kWh,Performance,3.7,2020,2020-05-06,68905.0
V02784,CU01806,Ather 450X,450X 2.9kWh,Performance,2.9,2022,2022-01-30,41985.0
V02785,CU01807,Ather Rizta,Rizta S 2.9kWh,Family,2.9,2026,2026-08-18,1114.0
V02786,CU01808,Ather 450X,450X 3.7kWh,Performance,3.7,2026,2026-08-28,1036.0
V02787,CU01809,Ather 450X,450X 2.9kWh,Performance,2.9,2022,2022-06-14,43354.0
V02788,CU01810,Ather 450 Apex,450 Apex 3.7kWh,Performance,3.7,2024,2024-02-24,31471.0
V02789,CU01811,Ather 450X,450X 3.7kWh,Performance,3.7,2020,2020-02-05,56388.0
V02790,CU01812,Ather Rizta,Rizta Z 2.9kWh,Family,2.9,2025,2025-08-17,7290.0
V02791,CU01813,Ather 450 Apex,450 Apex 3.7kWh,Performance,3.7,2025,2025-01-08,17137.0
V02792,CU01814,Ather 450X,450X 2.9kWh,Performance,2.9,2025,2025-07-15,10770.0
V02793,CU01815,Ather Rizta,Rizta S 2.9kWh,Family,2.9,2026,2026-07-20,1523.0
V02794,CU01816,Ather Rizta,Rizta S 2.9kWh,Family,2.9,2025,2025-05-01,9707.0
V02795,CU01817,Ather 450X,450X 2.9kWh,Performance,2.9,2021,2021-02-07,29748.0
V02796,CU01818,Ather Rizta,Rizta Z 3.7kWh,Family,3.7,2026,2026-03-15,3886.0
V02797,CU01819,Ather 450X,450X 2.9kWh,Performance,2.9,2023,2023-01-14,49167.0
V02798,CU01820,Ather 450X,450X 3.7kWh,Performance,3.7,2021,2021-11-01,54142.0
V02799,CU01820,Ather 450X,450X 3.7kWh,Performance,3.7,2026,2026-03-26,5296.0
V02800,CU01821,Ather 450X,450X 3.7kWh,Performance,3.7,2021,2021-07-26,50406.0
V02801,CU01822,Ather 450X,450X 3.7kWh,Performance,3.7,2026,2026-03-11,5000.0
V02802,CU01823,Ather Rizta,Rizta Z 2.9kWh,Family,2.9,2025,2025-01-12,18589.0
V02803,CU01824,Ather 450X,450X 3.7kWh,Performance,3.7,2025,2025-11-17,7572.0
V02804,CU01825,Ather Rizta,Rizta S 2.9kWh,Family,2.9,2025,2025-10-09,6275.0
V02805,CU01826,Ather Rizta,Rizta Z 3.7kWh,Family,3.7,2024,2024-08-09,23182.0
V02806,CU01827,Ather 450X,450X 2.9kWh,Performance,2.9,2024,2024-10-23,21309.0
V02807,CU01828,Ather Rizta,Rizta Z 3.7kWh,Family,3.7,2026,2026-01-31,21912.0
V02808,CU01828,Ather Rizta,Rizta Z 2.9kWh,Family,2.9,2024,2024-11-03,45116.0
V02809,CU01828,Ather Rizta,Rizta Z 2.9kWh,Family,2.9,2026,2026-07-26,6205.0
V02810,CU01828,Ather Rizta,Rizta Z 3.7kWh,Family,3.7,2024,2024-07-02,102818.0
V02811,CU01828,Ather Rizta,Rizta Z 3.7kWh,Family,3.7,2025,2025-09-02,36404.0
V02812,CU01828,Ather Rizta,Rizta Z 2.9kWh,Family,2.9,2026,2026-02-03,19798.0
V02813,CU01828,Ather Rizta,Rizta Z 3.7kWh,Family,3.7,2026,2026-08-13,3659.0
V02814,CU01828,Ather Rizta,Rizta Z 2.9kWh,Family,2.9,2024,2024-10-26,59497.0
V02815,CU01828,Ather Rizta,Rizta Z 2.9kWh,Family,2.9,2024,2024-08-07,69570.0
V02816,CU01828,Ather 450X,450X 3.7kWh,Performance,3.7,2026,2026-02-08,13776.0
V02817,CU01828,Ather Rizta,Rizta S 2.9kWh,Family,2.9,2026,2026-07-06,9927.0
V02818,CU01828,Ather 450X,450X 2.9kWh,Performance,2.9,2023,2023-07-02,85041.0
V02819,CU01828,Ather Rizta,Rizta S 2.9kWh,Family,2.9,2024,2024-09-02,81531.0
V02820,CU01828,Ather 450X,450X 3.7kWh,Performance,3.7,2024,2024-06-16,78779.0
V02821,CU01828,Ather 450X,450X 3.7kWh,Performance,3.7,2024,2024-06-29,68496.0
V02822,CU01828,Ather Rizta,Rizta S 2.9kWh,Family,2.9,2024,2024-09-29,50023.0
V02823,CU01828,Ather Rizta,Rizta Z 2.9kWh,Family,2.9,2024,2024-12-23,52632.0
V02824,CU01829,Ather Rizta,Rizta Z 2.9kWh,Family,2.9,2026,2026-05-28,1465.0
V02825,CU01830,Ather Rizta,Rizta S 2.9kWh,Family,2.9,2025,2025-10-05,9572.0
V02826,CU01831,Ather Rizta,Rizta Z 3.7kWh,Family,3.7,2026,2026-08-02,1972.0
V02827,CU01832,Ather Rizta,Rizta Z 2.9kWh,Family,2.9,2025,2025-12-28,8616.0
V02828,CU01833,Ather 450X,450X 2.9kWh,Performance,2.9,2022,2022-06-28,35491.0
V02829,CU01834,Ather 450X,450X 2.9kWh,Performance,2.9,2024,2024-04-27,21566.0
V02830,CU01835,Ather 450X,450X 2.9kWh,Performance,2.9,2023,2023-11-07,35162.0
V02831,CU01836,Ather 450X,450X 3.7kWh,Performance,3.7,2026,2026-08-05,1382.0
V02832,CU01837,Ather Rizta,Rizta S 2.9kWh,Family,2.9,2026,2026-04-05,5172.0
V02833,CU01838,Ather 450X,450X 2.9kWh,Performance,2.9,2023,2023-09-29,90738.0
V02834,CU01838,Ather 450X,450X 2.9kWh,Performance,2.9,2025,2025-02-18,39219.0
V02835,CU01838,Ather Rizta,Rizta Z 3.7kWh,Family,3.7,2025,2025-02-16,51815.0
V02836,CU01838,Ather Rizta,Rizta Z 3.7kWh,Family,3.7,2026,2026-08-29,2334.0
V02837,CU01838,Ather 450X,450X 3.7kWh,Performance,3.7,2026,2026-03-08,15930.0
V02838,CU01838,Ather Rizta,Rizta S 2.9kWh,Family,2.9,2024,2024-12-08,52920.0
V02839,CU01838,Ather 450X,450X 2.9kWh,Performance,2.9,2025,2025-03-13,38720.0
V02840,CU01838,Ather Rizta,Rizta Z 2.9kWh,Family,2.9,2024,2024-12-30,36319.0
V02841,CU01838,Ather Rizta,Rizta S 2.9kWh,Family,2.9,2025,2025-05-18,44055.0
V02842,CU01838,Ather 450X,450X 3.7kWh,Performance,3.7,2022,2022-01-16,89692.0
V02843,CU01838,Ather Rizta,Rizta S 2.9kWh,Family,2.9,2025,2025-11-10,33923.0
V02844,CU01838,Ather 450X,450X 3.7kWh,Performance,3.7,2025,2025-01-13,52867.0
V02845,CU01838,Ather 450X,450X 2.9kWh,Performance,2.9,2022,2022-07-29,130676.0
V02846,CU01838,Ather 450X,450X 2.9kWh,Performance,2.9,2025,2025-05-30,34149.0
V02847,CU01839,Ather Rizta,Rizta Z 3.7kWh,Family,3.7,2026,2026-01-20,7461.0
V02848,CU01840,Ather 450 Apex,450 Apex 3.7kWh,Performance,3.7,2026,2026-05-08,4736.0
V02849,CU01840,Ather Rizta,Rizta Z 3.7kWh,Family,3.7,2026,2026-01-20,5187.0
V02850,CU01841,Ather Rizta,Rizta Z 3.7kWh,Family,3.7,2026,2026-08-31,321.0
V02851,CU01842,Ather 450X,450X 3.7kWh,Performance,3.7,2024,2024-10-25,10532.0
V02852,CU01843,Ather 450X,450X 3.7kWh,Performance,3.7,2020,2020-04-18,42375.0
V02853,CU01844,Ather 450 Apex,450 Apex 3.7kWh,Performance,3.7,2024,2024-03-21,21619.0
V02854,CU01845,Ather Rizta,Rizta S 2.9kWh,Family,2.9,2025,2025-08-23,10991.0
V02855,CU01846,Ather 450X,450X 2.9kWh,Performance,2.9,2022,2022-05-05,41408.0
V02856,CU01847,Ather Rizta,Rizta Z 3.7kWh,Family,3.7,2026,2026-05-15,3788.0
V02857,CU01848,Ather 450X,450X 3.7kWh,Performance,3.7,2024,2024-09-19,47663.0
V02858,CU01848,Ather Rizta,Rizta Z 2.9kWh,Family,2.9,2025,2025-01-03,61154.0
V02859,CU01848,Ather Rizta,Rizta Z 2.9kWh,Family,2.9,2025,2025-04-19,25810.0
V02860,CU01848,Ather Rizta,Rizta Z 3.7kWh,Family,3.7,2026,2026-02-24,15547.0
V02861,CU01848,Ather 450X,450X 3.7kWh,Performance,3.7,2020,2020-04-20,153149.0
V02862,CU01848,Ather 450X,450X 2.9kWh,Performance,2.9,2025,2025-01-28,35207.0
V02863,CU01849,Ather Rizta,Rizta Z 2.9kWh,Family,2.9,2025,2025-12-13,6767.0
V02864,CU01850,Ather Rizta,Rizta S 2.9kWh,Family,2.9,2024,2024-08-27,26200.0
V02865,CU01851,Ather 450X,450X 2.9kWh,Performance,2.9,2023,2023-04-21,29737.0
V02866,CU01851,Ather 450X,450X 3.7kWh,Performance,3.7,2020,2020-06-23,101642.0
V02867,CU01852,Ather 450X,450X 3.7kWh,Performance,3.7,2024,2024-06-22,17558.0
V02868,CU01852,Ather 450X,450X 3.7kWh,Performance,3.7,2022,2022-05-16,22772.0
V02869,CU01853,Ather Rizta,Rizta Z 3.7kWh,Family,3.7,2025,2025-02-14,21352.0
V02870,CU01854,Ather Rizta,Rizta Z 3.7kWh,Family,3.7,2024,2024-07-16,20435.0
V02871,CU01855,Ather Rizta,Rizta S 2.9kWh,Family,2.9,2026,2026-08-28,671.0
V02872,CU01856,Ather 450X,450X 3.7kWh,Performance,3.7,2023,2023-08-13,34200.0
V02873,CU01857,Ather 450X,450X 2.9kWh,Performance,2.9,2025,2025-04-14,6737.0
V02874,CU01858,Ather 450X,450X 2.9kWh,Performance,2.9,2025,2025-01-10,14670.0
V02875,CU01859,Ather Rizta,Rizta Z 2.9kWh,Family,2.9,2025,2025-09-10,7831.0
V02876,CU01860,Ather 450X,450X 2.9kWh,Performance,2.9,2025,2025-07-08,16841.0
V02877,CU01861,Ather 450X,450X 3.7kWh,Performance,3.7,2020,2020-05-01,52869.0
V02878,CU01862,Ather Rizta,Rizta Z 2.9kWh,Family,2.9,2026,2026-06-18,2219.0
V02879,CU01863,Ather 450X,450X 3.7kWh,Performance,3.7,2020,2020-11-21,22756.0
V02880,CU01864,Ather 450X,450X 2.9kWh,Performance,2.9,2023,2023-09-07,20134.0
V02881,CU01865,Ather Rizta,Rizta S 2.9kWh,Family,2.9,2026,2026-07-08,1358.0
V02882,CU01866,Ather Rizta,Rizta S 2.9kWh,Family,2.9,2024,2024-12-13,15308.0
V02883,CU01867,Ather 450X,450X 3.7kWh,Performance,3.7,2022,2022-01-14,54404.0
V02884,CU01868,Ather Rizta,Rizta S 2.9kWh,Family,2.9,2024,2024-09-17,87067.0
V02885,CU01868,Ather 450X,450X 3.7kWh,Performance,3.7,2022,2022-02-16,109163.0
V02886,CU01868,Ather Rizta,Rizta Z 2.9kWh,Family,2.9,2025,2025-03-11,50272.0
V02887,CU01868,Ather Rizta,Rizta S 2.9kWh,Family,2.9,2025,2025-01-18,49254.0
V02888,CU01868,Ather 450X,450X 3.7kWh,Performance,3.7,2024,2024-07-28,54013.0
V02889,CU01869,Ather Rizta,Rizta Z 3.7kWh,Family,3.7,2026,2026-06-10,3976.0
V02890,CU01870,Ather 450X,450X 3.7kWh,Performance,3.7,2026,2026-05-09,3829.0
V02891,CU01871,Ather 450X,450X 3.7kWh,Performance,3.7,2023,2023-08-14,24727.0
V02892,CU01872,Ather 450 Apex,450 Apex 3.7kWh,Performance,3.7,2025,2025-12-16,9495.0
V02893,CU01873,Ather Rizta,Rizta Z 2.9kWh,Family,2.9,2024,2024-12-08,27613.0
V02894,CU01873,Ather Rizta,Rizta S 2.9kWh,Family,2.9,2026,2026-05-11,4998.0
V02895,CU01873,Ather 450X,450X 3.7kWh,Performance,3.7,2021,2021-07-31,73888.0
V02896,CU01873,Ather 450X,450X 3.7kWh,Performance,3.7,2023,2023-09-25,38123.0
V02897,CU01874,Ather 450X,450X 2.9kWh,Performance,2.9,2022,2022-06-04,50505.0
V02898,CU01875,Ather 450 Apex,450 Apex 3.7kWh,Performance,3.7,2024,2024-04-08,18751.0
V02899,CU01876,Ather 450 Apex,450 Apex 3.7kWh,Performance,3.7,2026,2026-02-24,6564.0
V02900,CU01877,Ather 450X,450X 2.9kWh,Performance,2.9,2022,2022-08-05,32910.0
V02901,CU01878,Ather Rizta,Rizta S 2.9kWh,Family,2.9,2025,2025-02-22,21599.0
V02902,CU01878,Ather Rizta,Rizta Z 2.9kWh,Family,2.9,2025,2025-01-23,21924.0
V02903,CU01879,Ather Rizta,Rizta Z 3.7kWh,Family,3.7,2025,2025-03-24,14751.0
V02904,CU01880,Ather Rizta,Rizta S 2.9kWh,Family,2.9,2025,2025-07-07,7677.0
V02905,CU01881,Ather Rizta,Rizta Z 3.7kWh,Family,3.7,2026,2026-03-08,2907.0
V02906,CU01882,Ather 450X,450X 3.7kWh,Performance,3.7,2023,2023-01-02,42309.0
V02907,CU01883,Ather Rizta,Rizta Z 3.7kWh,Family,3.7,2026,2026-02-24,3636.0
V02908,CU01884,Ather 450X,450X 2.9kWh,Performance,2.9,2023,2023-05-09,28076.0
V02909,CU01885,Ather 450X,450X 2.9kWh,Performance,2.9,2025,2025-05-22,12626.0
V02910,CU01886,Ather 450 Apex,450 Apex 3.7kWh,Performance,3.7,2026,2026-06-09,2373.0
V02911,CU01887,Ather Rizta,Rizta Z 3.7kWh,Family,3.7,2026,2026-03-15,6466.0
V02912,CU01888,Ather 450X,450X 3.7kWh,Performance,3.7,2021,2021-12-05,47759.0
V02913,CU01889,Ather Rizta,Rizta Z 2.9kWh,Family,2.9,2024,2024-11-24,18512.0
V02914,CU01890,Ather 450X,450X 3.7kWh,Performance,3.7,2020,2020-12-21,62911.0
V02915,CU01891,Ather 450X,450X 3.7kWh,Performance,3.7,2023,2023-02-09,26311.0
V02916,CU01892,Ather 450X,450X 2.9kWh,Performance,2.9,2021,2021-07-21,61061.0
V02917,CU01893,Ather 450X,450X 3.7kWh,Performance,3.7,2026,2026-07-04,2194.0
V02918,CU01894,Ather Rizta,Rizta Z 2.9kWh,Family,2.9,2026,2026-01-11,3404.0
V02919,CU01895,Ather 450X,450X 2.9kWh,Performance,2.9,2023,2023-10-30,28519.0
V02920,CU01896,Ather Rizta,Rizta Z 2.9kWh,Family,2.9,2025,2025-06-06,27435.0
V02921,CU01896,Ather Rizta,Rizta S 2.9kWh,Family,2.9,2025,2025-09-12,13656.0
V02922,CU01896,Ather Rizta,Rizta Z 2.9kWh,Family,2.9,2025,2025-05-11,12733.0
V02923,CU01897,Ather 450X,450X 3.7kWh,Performance,3.7,2022,2022-04-15,59146.0
V02924,CU01898,Ather Rizta,Rizta Z 3.7kWh,Family,3.7,2025,2025-06-04,20234.0
V02925,CU01899,Ather Rizta,Rizta Z 2.9kWh,Family,2.9,2026,2026-02-12,6089.0
V02926,CU01900,Ather Rizta,Rizta Z 3.7kWh,Family,3.7,2025,2025-01-10,22184.0
V02927,CU01900,Ather 450X,450X 2.9kWh,Performance,2.9,2025,2025-05-31,14783.0
V02928,CU01901,Ather 450 Apex,450 Apex 3.7kWh,Performance,3.7,2026,2026-03-30,3457.0
V02929,CU01902,Ather 450X,450X 3.7kWh,Performance,3.7,2024,2024-06-01,23632.0
V02930,CU01903,Ather 450X,450X 3.7kWh,Performance,3.7,2022,2022-09-14,22956.0
V02931,CU01904,Ather 450X,450X 2.9kWh,Performance,2.9,2024,2024-02-13,18030.0
V02932,CU01905,Ather Rizta,Rizta Z 3.7kWh,Family,3.7,2026,2026-03-07,6737.0
V02933,CU01906,Ather 450X,450X 2.9kWh,Performance,2.9,2026,2026-03-23,9749.0
V02934,CU01906,Ather 450 Apex,450 Apex 3.7kWh,Performance,3.7,2026,2026-06-03,4682.0
V02935,CU01906,Ather Rizta,Rizta Z 3.7kWh,Family,3.7,2026,2026-03-15,6499.0
V02936,CU01906,Ather Rizta,Rizta Z 2.9kWh,Family,2.9,2026,2026-05-22,7314.0
V02937,CU01907,Ather Rizta,Rizta Z 3.7kWh,Family,3.7,2025,2025-06-01,10406.0
V02938,CU01908,Ather 450 Apex,450 Apex 3.7kWh,Performance,3.7,2025,2025-06-07,8746.0
V02939,CU01909,Ather 450X,450X 3.7kWh,Performance,3.7,2026,2026-08-26,
V02940,CU01910,Ather Rizta,Rizta S 2.9kWh,Family,2.9,2025,2025-05-01,20051.0
V02941,CU01911,Ather 450X,450X 2.9kWh,Performance,2.9,2023,2023-02-21,44989.0
V02942,CU01912,Ather 450X,450X 3.7kWh,Performance,3.7,2024,2024-08-10,33961.0
V02943,CU01913,Ather 450X,450X 2.9kWh,Performance,2.9,2023,2023-12-07,26955.0
V02944,CU01914,Ather Rizta,Rizta S 2.9kWh,Family,2.9,2025,2025-01-22,15366.0
V02945,CU01915,Ather 450X,450X 3.7kWh,Performance,3.7,2026,2026-05-23,2980.0
V02946,CU01915,Ather Rizta,Rizta Z 3.7kWh,Family,3.7,2025,2025-10-10,10962.0
V02947,CU01916,Ather Rizta,Rizta Z 3.7kWh,Family,3.7,2025,2025-08-13,4933.0
V02948,CU01917,Ather 450 Apex,450 Apex 3.7kWh,Performance,3.7,2026,2026-01-17,7411.0
V02949,CU01918,Ather 450X,450X 3.7kWh,Performance,3.7,2022,2022-05-14,18609.0
V02950,CU01919,Ather 450X,450X 3.7kWh,Performance,3.7,2025,2025-12-03,7899.0
V02951,CU01920,Ather Rizta,Rizta Z 2.9kWh,Family,2.9,2025,2025-11-30,11548.0
V02952,CU01921,Ather Rizta,Rizta Z 3.7kWh,Family,3.7,2025,2025-02-11,7948.0
V02953,CU01922,Ather 450X,450X 2.9kWh,Performance,2.9,2021,2021-04-21,57080.0
V02954,CU01923,Ather Rizta,Rizta Z 3.7kWh,Family,3.7,2025,2025-08-19,15878.0
V02955,CU01924,Ather Rizta,Rizta Z 2.9kWh,Family,2.9,2024,2024-11-18,17135.0
V02956,CU01925,Ather Rizta,Rizta Z 2.9kWh,Family,2.9,2026,2026-01-15,5576.0
V02957,CU01926,Ather 450X,450X 2.9kWh,Performance,2.9,2025,2025-05-03,14187.0
V02958,CU01927,Ather Rizta,Rizta S 2.9kWh,Family,2.9,2026,2026-09-01,776.0
V02959,CU01928,Ather Rizta,Rizta S 2.9kWh,Family,2.9,2025,2025-01-05,17045.0
V02960,CU01929,Ather 450 Apex,450 Apex 3.7kWh,Performance,3.7,2026,2026-03-03,4375.0
V02961,CU01930,Ather 450X,450X 2.9kWh,Performance,2.9,2022,2022-05-21,53672.0
V02962,CU01931,Ather Rizta,Rizta Z 2.9kWh,Family,2.9,2025,2025-02-12,17000.0
V02963,CU01932,Ather 450X,450X 3.7kWh,Performance,3.7,2023,2023-10-21,29708.0
V02964,CU01933,Ather Rizta,Rizta Z 3.7kWh,Family,3.7,2025,2025-02-22,16003.0
V02965,CU01934,Ather Rizta,Rizta S 2.9kWh,Family,2.9,2025,2025-01-26,15591.0
V02966,CU01935,Ather Rizta,Rizta S 2.9kWh,Family,2.9,2024,2024-11-21,18532.0
V02967,CU01936,Ather Rizta,Rizta S 2.9kWh,Family,2.9,2026,2026-04-15,4615.0
V02968,CU01937,Ather Rizta,Rizta Z 3.7kWh,Family,3.7,2024,2024-07-12,22937.0
V02969,CU01937,Ather Rizta,Rizta Z 2.9kWh,Family,2.9,2026,2026-08-15,1367.0
V02970,CU01938,Ather Rizta,Rizta Z 3.7kWh,Family,3.7,2026,2026-09-06,698.0
V02971,CU01939,Ather 450X,450X 3.7kWh,Performance,3.7,2020,2020-08-14,59069.0
V02972,CU01940,Ather 450X,450X 3.7kWh,Performance,3.7,2025,2025-05-01,7323.0
V02973,CU01941,Ather Rizta,Rizta Z 2.9kWh,Family,2.9,2025,2025-02-08,17412.0
V02974,CU01942,Ather 450 Apex,450 Apex 3.7kWh,Performance,3.7,2024,2024-11-20,22291.0
V02975,CU01943,Ather 450X,450X 2.9kWh,Performance,2.9,2020,2020-10-18,44722.0
V02976,CU01944,Ather 450X,450X 2.9kWh,Performance,2.9,2021,2021-01-25,21947.0
V02977,CU01945,Ather 450 Apex,450 Apex 3.7kWh,Performance,3.7,2025,2025-02-16,17340.0
V02978,CU01946,Ather 450X,450X 2.9kWh,Performance,2.9,2021,2021-10-21,87690.0
V02979,CU01947,Ather Rizta,Rizta Z 3.7kWh,Family,3.7,2024,2024-10-02,22121.0
V02980,CU01948,Ather 450X,450X 3.7kWh,Performance,3.7,2022,2022-08-27,40562.0
V02981,CU01949,Ather 450X,450X 3.7kWh,Performance,3.7,2022,2022-05-13,53818.0
V02982,CU01950,Ather 450X,450X 2.9kWh,Performance,2.9,2026,2026-06-02,2589.0
V02983,CU01951,Ather Rizta,Rizta Z 2.9kWh,Family,2.9,2025,2025-07-10,9529.0
V02984,CU01952,Ather Rizta,Rizta S 2.9kWh,Family,2.9,2025,2025-04-20,13179.0
V02985,CU01953,Ather 450X,450X 3.7kWh,Performance,3.7,2023,2023-05-23,46666.0
V02986,CU01954,Ather Rizta,Rizta S 2.9kWh,Family,2.9,2026,2026-03-12,3426.0
V02987,CU01955,Ather Rizta,Rizta S 2.9kWh,Family,2.9,2026,2026-07-13,3088.0
V02988,CU01955,Ather 450X,450X 3.7kWh,Performance,3.7,2023,2023-03-27,29327.0
V02989,CU01956,Ather Rizta,Rizta S 2.9kWh,Family,2.9,2025,2025-10-24,12627.0
V02990,CU01957,Ather 450X,450X 2.9kWh,Performance,2.9,2024,2024-10-18,15267.0
V02991,CU01958,Ather 450X,450X 3.7kWh,Performance,3.7,2025,2025-09-02,10717.0
V02992,CU01959,Ather 450X,450X 2.9kWh,Performance,2.9,2024,2024-08-10,85654.0
V02993,CU01959,Ather Rizta,Rizta S 2.9kWh,Family,2.9,2025,2025-05-01,44934.0
V02994,CU01959,Ather 450X,450X 2.9kWh,Performance,2.9,2023,2023-05-10,103254.0
V02995,CU01959,Ather 450X,450X 3.7kWh,Performance,3.7,2025,2025-08-27,45073.0
V02996,CU01959,Ather 450X,450X 2.9kWh,Performance,2.9,2023,2023-01-16,121591.0
V02997,CU01959,Ather Rizta,Rizta Z 2.9kWh,Family,2.9,2025,2025-05-12,38015.0
V02998,CU01959,Ather Rizta,Rizta Z 2.9kWh,Family,2.9,2026,2026-02-23,15327.0
V02999,CU01959,Ather 450X,450X 2.9kWh,Performance,2.9,2021,2021-05-03,151333.0
V03000,CU01959,Ather Rizta,Rizta Z 2.9kWh,Family,2.9,2024,2024-09-28,65332.0
V03001,CU01959,Ather Rizta,Rizta Z 3.7kWh,Family,3.7,2026,2026-05-21,11666.0
V03002,CU01959,Ather Rizta,Rizta Z 3.7kWh,Family,3.7,2026,2026-07-09,8338.0
V03003,CU01959,Ather Rizta,Rizta Z 2.9kWh,Family,2.9,2025,2025-08-30,25836.0
V03004,CU01959,Ather 450X,450X 2.9kWh,Performance,2.9,2024,2024-06-01,49278.0
V03005,CU01959,Ather 450X,450X 2.9kWh,Performance,2.9,2024,2024-11-13,41193.0
V03006,CU01959,Ather 450X,450X 3.7kWh,Performance,3.7,2022,2022-08-28,109921.0
V03007,CU01959,Ather Rizta,Rizta Z 3.7kWh,Family,3.7,2026,2026-03-06,20209.0
V03008,CU01959,Ather Rizta,Rizta Z 3.7kWh,Family,3.7,2025,2025-08-11,36654.0
V03009,CU01960,Ather Rizta,Rizta Z 2.9kWh,Family,2.9,2026,2026-02-28,6846.0
V03010,CU01961,Ather Rizta,Rizta S 2.9kWh,Family,2.9,2024,2024-06-21,12145.0
V03011,CU01962,Ather Rizta,Rizta Z 2.9kWh,Family,2.9,2026,2026-07-21,976.0
V03012,CU01963,Ather Rizta,Rizta S 2.9kWh,Family,2.9,2026,2026-05-19,3389.0
V03013,CU01964,Ather 450X,450X 3.7kWh,Performance,3.7,2024,2024-09-22,28398.0
V03014,CU01965,Ather Rizta,Rizta S 2.9kWh,Family,2.9,2026,2026-06-07,3061.0
V03015,CU01966,Ather 450X,450X 2.9kWh,Performance,2.9,2023,2023-09-24,25657.0
V03016,CU01967,Ather Rizta,Rizta Z 2.9kWh,Family,2.9,2026,2026-09-02,1402.0
V03017,CU01967,Ather 450X,450X 3.7kWh,Performance,3.7,2025,2025-12-01,29306.0
V03018,CU01967,Ather 450X,450X 2.9kWh,Performance,2.9,2020,2020-08-12,173886.0
V03019,CU01967,Ather Rizta,Rizta Z 2.9kWh,Family,2.9,2025,2025-08-09,23632.0
V03020,CU01967,Ather 450X,450X 2.9kWh,Performance,2.9,2020,2020-07-21,205498.0
V03021,CU01967,Ather Rizta,Rizta Z 3.7kWh,Family,3.7,2026,2026-06-28,4311.0
V03022,CU01967,Ather 450X,450X 3.7kWh,Performance,3.7,2021,2021-08-03,182878.0
V03023,CU01967,Ather Rizta,Rizta Z 2.9kWh,Family,2.9,2025,2025-09-30,21859.0
V03024,CU01968,Ather 450X,450X 2.9kWh,Performance,2.9,2023,2023-01-10,45299.0
V03025,CU01969,Ather 450X,450X 3.7kWh,Performance,3.7,2024,2024-11-14,17068.0
V03026,CU01970,Ather 450X,450X 2.9kWh,Performance,2.9,2021,2021-09-18,35566.0
V03027,CU01971,Ather 450 Apex,450 Apex 3.7kWh,Performance,3.7,2025,2025-08-07,13428.0
V03028,CU01972,Ather 450X,450X 2.9kWh,Performance,2.9,2020,2020-09-01,41224.0
V03029,CU01973,Ather 450X,450X 2.9kWh,Performance,2.9,2025,2025-01-22,27646.0
V03030,CU01973,Ather 450X,450X 3.7kWh,Performance,3.7,2022,2022-12-21,58319.0
V03031,CU01973,Ather 450X,450X 2.9kWh,Performance,2.9,2023,2023-07-26,58277.0
V03032,CU01973,Ather 450X,450X 2.9kWh,Performance,2.9,2024,2024-07-02,26064.0
V03033,CU01973,Ather 450X,450X 3.7kWh,Performance,3.7,2022,2022-10-24,64719.0
V03034,CU01974,Ather Rizta,Rizta Z 2.9kWh,Family,2.9,2026,2026-01-01,6131.0
V03035,CU01975,Ather 450X,450X 3.7kWh,Performance,3.7,2023,2023-10-28,27112.0
V03036,CU01976,Ather Rizta,Rizta S 2.9kWh,Family,2.9,2025,2025-08-16,11125.0
V03037,CU01977,Ather Rizta,Rizta Z 2.9kWh,Family,2.9,2024,2024-11-04,29673.0
V03038,CU01978,Ather Rizta,Rizta S 2.9kWh,Family,2.9,2025,2025-10-15,6905.0
V03039,CU01979,Ather Rizta,Rizta Z 3.7kWh,Family,3.7,2026,2026-07-17,1585.0
V03040,CU01980,Ather Rizta,Rizta Z 2.9kWh,Family,2.9,2026,2026-04-11,4168.0
V03041,CU01981,Ather 450 Apex,450 Apex 3.7kWh,Performance,3.7,2026,2026-04-30,5301.0
V03042,CU01982,Ather Rizta,Rizta S 2.9kWh,Family,2.9,2025,2025-07-03,18474.0
V03043,CU01983,Ather Rizta,Rizta S 2.9kWh,Family,2.9,2026,2026-08-11,738.0
V03044,CU01984,Ather 450X,450X 2.9kWh,Performance,2.9,2025,2025-11-06,11006.0
V03045,CU01984,Ather 450X,450X 3.7kWh,Performance,3.7,2024,2024-12-05,10935.0
V03046,CU01985,Ather 450X,450X 3.7kWh,Performance,3.7,2022,2022-11-02,33324.0
V03047,CU01986,Ather 450 Apex,450 Apex 3.7kWh,Performance,3.7,2026,2026-03-21,4602.0
V03048,CU01987,Ather Rizta,Rizta Z 2.9kWh,Family,2.9,2026,2026-06-23,2814.0
V03049,CU01988,Ather Rizta,Rizta S 2.9kWh,Family,2.9,2026,2026-09-08,420.0
V03050,CU01989,Ather Rizta,Rizta Z 2.9kWh,Family,2.9,2024,2024-11-18,15411.0
V03051,CU01990,Ather 450X,450X 2.9kWh,Performance,2.9,2025,2025-01-11,20637.0
V03052,CU01991,Ather 450X,450X 3.7kWh,Performance,3.7,2021,2021-03-20,59023.0
V03053,CU01992,Ather Rizta,Rizta S 2.9kWh,Family,2.9,2024,2024-10-15,16416.0
V03054,CU01993,Ather 450X,450X 2.9kWh,Performance,2.9,2023,2023-02-21,40664.0
V03055,CU01994,Ather 450 Apex,450 Apex 3.7kWh,Performance,3.7,2025,2025-09-16,10508.0
V03056,CU01995,Ather Rizta,Rizta Z 2.9kWh,Family,2.9,2025,2025-07-14,12154.0
V03057,CU01996,Ather 450X,450X 2.9kWh,Performance,2.9,2026,2026-07-31,2547.0
V03058,CU01997,Ather 450X,450X 3.7kWh,Performance,3.7,2020,2020-09-30,207952.0
V03059,CU01997,Ather 450X,450X 2.9kWh,Performance,2.9,2025,2025-08-13,36900.0
V03060,CU01997,Ather Rizta,Rizta Z 2.9kWh,Family,2.9,2024,2024-12-17,42220.0
V03061,CU01997,Ather Rizta,Rizta Z 2.9kWh,Family,2.9,2025,2025-03-20,60631.0
V03062,CU01997,Ather 450X,450X 2.9kWh,Performance,2.9,2022,2022-04-12,126907.0
V03063,CU01997,Ather 450X,450X 2.9kWh,Performance,2.9,2025,2025-08-28,39617.0
V03064,CU01997,Ather Rizta,Rizta S 2.9kWh,Family,2.9,2025,2025-02-21,30581.0
V03065,CU01997,Ather 450X,450X 2.9kWh,Performance,2.9,2026,2026-08-12,4459.0
V03066,CU01998,Ather 450X,450X 3.7kWh,Performance,3.7,2026,2026-05-20,3644.0
V03067,CU01999,Ather Rizta,Rizta S 2.9kWh,Family,2.9,2026,2026-02-07,12979.0
V03068,CU01999,Ather 450X,450X 2.9kWh,Performance,2.9,2021,2021-09-23,171322.0
V03069,CU01999,Ather Rizta,Rizta S 2.9kWh,Family,2.9,2024,2024-07-17,65539.0
V03070,CU01999,Ather 450X,450X 2.9kWh,Performance,2.9,2025,2025-08-13,39160.0
V03071,CU01999,Ather 450X,450X 2.9kWh,Performance,2.9,2024,2024-03-07,57583.0
V03072,CU01999,Ather 450X,450X 3.7kWh,Performance,3.7,2026,2026-07-20,6727.0
V03073,CU01999,Ather Rizta,Rizta Z 2.9kWh,Family,2.9,2025,2025-11-19,26445.0
V03074,CU01999,Ather Rizta,Rizta Z 2.9kWh,Family,2.9,2025,2025-10-05,37162.0
V03075,CU01999,Ather Rizta,Rizta Z 2.9kWh,Family,2.9,2026,2026-04-30,11079.0
V03076,CU01999,Ather Rizta,Rizta Z 3.7kWh,Family,3.7,2025,2025-11-25,22891.0
V03077,CU01999,Ather Rizta,Rizta S 2.9kWh,Family,2.9,2025,2025-05-31,35337.0
V03078,CU01999,Ather 450X,450X 2.9kWh,Performance,2.9,2025,2025-09-12,34735.0
V03079,CU01999,Ather 450X,450X 3.7kWh,Performance,3.7,2023,2023-05-14,106045.0
V03080,CU01999,Ather Rizta,Rizta Z 3.7kWh,Family,3.7,2024,2024-11-24,38017.0
V03081,CU02000,Ather 450X,450X 3.7kWh,Performance,3.7,2024,2024-12-15,16473.0
V03082,CU02001,Ather 450X,450X 3.7kWh,Performance,3.7,2026,2026-04-27,1390.0
V03083,CU02002,Ather Rizta,Rizta Z 2.9kWh,Family,2.9,2026,2026-08-09,1615.0
V03084,CU02002,Ather Rizta,Rizta S 2.9kWh,Family,2.9,2025,2025-03-17,12365.0
V03085,CU02003,Ather 450 Apex,450 Apex 3.7kWh,Performance,3.7,2026,2026-03-30,2587.0
V03086,CU02004,Ather 450X,450X 2.9kWh,Performance,2.9,2021,2021-03-02,33564.0
V03087,CU02005,Ather 450X,450X 3.7kWh,Performance,3.7,2025,2025-07-18,15920.0
V03088,CU02006,Ather 450X,450X 2.9kWh,Performance,2.9,2021,2021-04-05,32145.0
V03089,CU02007,Ather Rizta,Rizta S 2.9kWh,Family,2.9,2025,2025-12-15,7166.0
V03090,CU02008,Ather 450X,450X 3.7kWh,Performance,3.7,2021,2021-09-28,48255.0
V03091,CU02009,Ather 450 Apex,450 Apex 3.7kWh,Performance,3.7,2025,2025-08-11,9321.0
V03092,CU02010,Ather 450 Apex,450 Apex 3.7kWh,Performance,3.7,2024,2024-12-21,14579.0
V03093,CU02011,Ather Rizta,Rizta Z 3.7kWh,Family,3.7,2026,2026-08-04,1765.0
V03094,CU02012,Ather Rizta,Rizta Z 3.7kWh,Family,3.7,2025,2025-07-03,13180.0
V03095,CU02013,Ather 450 Apex,450 Apex 3.7kWh,Performance,3.7,2025,2025-03-11,19944.0
V03096,CU02014,Ather 450 Apex,450 Apex 3.7kWh,Performance,3.7,2025,2025-11-29,7403.0
V03097,CU02015,Ather 450X,450X 2.9kWh,Performance,2.9,2022,2022-11-05,37858.0
V03098,CU02016,Ather 450 Apex,450 Apex 3.7kWh,Performance,3.7,2024,2024-12-23,17863.0
V03099,CU02017,Ather Rizta,Rizta Z 2.9kWh,Family,2.9,2025,2025-09-16,13299.0
V03100,CU02018,Ather Rizta,Rizta Z 2.9kWh,Family,2.9,2025,2025-10-05,6873.0
V03101,CU02019,Ather 450X,450X 2.9kWh,Performance,2.9,2026,2026-01-14,5631.0
V03102,CU02020,Ather 450 Apex,450 Apex 3.7kWh,Performance,3.7,2026,2026-05-01,3409.0
V03103,CU02021,Ather 450 Apex,450 Apex 3.7kWh,Performance,3.7,2024,2024-06-28,33233.0
V03104,CU02022,Ather Rizta,Rizta S 2.9kWh,Family,2.9,2024,2024-11-13,14053.0
V03105,CU02023,Ather 450X,450X 3.7kWh,Performance,3.7,2024,2024-11-04,9831.0
V03106,CU02024,Ather 450X,450X 3.7kWh,Performance,3.7,2020,2020-10-30,32256.0
V03107,CU02025,Ather 450X,450X 2.9kWh,Performance,2.9,2021,2021-09-26,45742.0
V03108,CU02026,Ather Rizta,Rizta Z 2.9kWh,Family,2.9,2025,2025-10-26,10552.0
V03109,CU02027,Ather 450 Apex,450 Apex 3.7kWh,Performance,3.7,2025,2025-11-13,10125.0
V03110,CU02028,Ather Rizta,Rizta Z 2.9kWh,Family,2.9,2024,2024-08-14,17147.0
V03111,CU02028,Ather Rizta,Rizta Z 2.9kWh,Family,2.9,2025,2025-05-22,17769.0
V03112,CU02029,Ather Rizta,Rizta S 2.9kWh,Family,2.9,2026,2026-07-18,2616.0
V03113,CU02030,Ather 450X,450X 2.9kWh,Performance,2.9,2021,2021-09-05,48419.0
V03114,CU02031,Ather Rizta,Rizta Z 3.7kWh,Family,3.7,2024,2024-09-28,17159.0
V03115,CU02032,Ather Rizta,Rizta Z 2.9kWh,Family,2.9,2025,2025-01-31,17430.0
V03116,CU02033,Ather 450X,450X 2.9kWh,Performance,2.9,2024,2024-10-21,35854.0
V03117,CU02033,Ather Rizta,Rizta S 2.9kWh,Family,2.9,2025,2025-07-16,31915.0
V03118,CU02033,Ather Rizta,Rizta S 2.9kWh,Family,2.9,2026,2026-06-02,7330.0
V03119,CU02033,Ather 450X,450X 2.9kWh,Performance,2.9,2023,2023-10-19,80360.0
V03120,CU02033,Ather Rizta,Rizta S 2.9kWh,Family,2.9,2025,2025-12-03,27431.0
V03121,CU02033,Ather 450X,450X 3.7kWh,Performance,3.7,2023,2023-07-11,103270.0
V03122,CU02033,Ather 450X,450X 2.9kWh,Performance,2.9,2023,2023-04-08,120739.0
V03123,CU02034,Ather 450X,450X 2.9kWh,Performance,2.9,2020,2020-08-31,38887.0
V03124,CU02035,Ather 450 Apex,450 Apex 3.7kWh,Performance,3.7,2024,2024-06-13,14204.0
V03125,CU02036,Ather Rizta,Rizta S 2.9kWh,Family,2.9,2026,2026-04-24,4417.0
V03126,CU02037,Ather 450X,450X 3.7kWh,Performance,3.7,2025,2025-08-29,11068.0
V03127,CU02038,Ather 450X,450X 2.9kWh,Performance,2.9,2025,2025-04-01,16294.0
V03128,CU02039,Ather 450X,450X 2.9kWh,Performance,2.9,2025,2025-10-30,7933.0
V03129,CU02040,Ather Rizta,Rizta Z 2.9kWh,Family,2.9,2024,2024-09-30,10602.0
V03130,CU02041,Ather 450X,450X 2.9kWh,Performance,2.9,2020,2020-03-26,42381.0
V03131,CU02042,Ather Rizta,Rizta Z 2.9kWh,Family,2.9,2025,2025-01-14,17964.0
V03132,CU02043,Ather 450X,450X 3.7kWh,Performance,3.7,2021,2021-03-15,53469.0
V03133,CU02044,Ather 450X,450X 2.9kWh,Performance,2.9,2023,2023-01-28,37567.0
V03134,CU02045,Ather 450X,450X 3.7kWh,Performance,3.7,2022,2022-10-06,40570.0
V03135,CU02045,Ather 450X,450X 3.7kWh,Performance,3.7,2024,2024-01-02,8016.0
V03136,CU02046,Ather Rizta,Rizta S 2.9kWh,Family,2.9,2026,2026-05-06,3286.0
V03137,CU02047,Ather 450X,450X 2.9kWh,Performance,2.9,2024,2024-03-31,37478.0
V03138,CU02047,Ather Rizta,Rizta S 2.9kWh,Family,2.9,2025,2025-02-07,42437.0
V03139,CU02047,Ather Rizta,Rizta Z 3.7kWh,Family,3.7,2024,2024-11-20,65802.0
V03140,CU02047,Ather 450X,450X 3.7kWh,Performance,3.7,2020,2020-06-29,225187.0
V03141,CU02047,Ather Rizta,Rizta Z 2.9kWh,Family,2.9,2025,2025-12-18,28133.0
V03142,CU02047,Ather Rizta,Rizta Z 3.7kWh,Family,3.7,2026,2026-08-11,4869.0
V03143,CU02047,Ather 450X,450X 2.9kWh,Performance,2.9,2022,2022-09-11,113567.0
V03144,CU02047,Ather 450X,450X 2.9kWh,Performance,2.9,2024,2024-08-25,41888.0
V03145,CU02048,Ather Rizta,Rizta S 2.9kWh,Family,2.9,2025,2025-04-19,15695.0
V03146,CU02049,Ather 450X,450X 3.7kWh,Performance,3.7,2022,2022-01-16,46059.0
V03147,CU02049,Ather 450 Apex,450 Apex 3.7kWh,Performance,3.7,2025,2025-01-28,18390.0
V03148,CU02050,Ather Rizta,Rizta Z 3.7kWh,Family,3.7,2025,2025-08-30,13505.0
V03149,CU02051,Ather Rizta,Rizta S 2.9kWh,Family,2.9,2025,2025-09-08,8048.0
V03150,CU02052,Ather 450X,450X 2.9kWh,Performance,2.9,2022,2022-10-13,24339.0
V03151,CU02053,Ather 450X,450X 3.7kWh,Performance,3.7,2025,2025-12-11,6190.0
V03152,CU02054,Ather Rizta,Rizta Z 2.9kWh,Family,2.9,2024,2024-11-25,14460.0
V03153,CU02055,Ather 450X,450X 2.9kWh,Performance,2.9,2022,2022-12-28,24220.0
V03154,CU02056,Ather 450 Apex,450 Apex 3.7kWh,Performance,3.7,2024,2024-08-22,22315.0
V03155,CU02057,Ather Rizta,Rizta Z 2.9kWh,Family,2.9,2025,2025-07-28,12715.0
V03156,CU02058,Ather Rizta,Rizta Z 3.7kWh,Family,3.7,2026,2026-03-24,3784.0
V03157,CU02059,Ather 450X,450X 3.7kWh,Performance,3.7,2023,2023-06-05,31545.0
V03158,CU02060,Ather Rizta,Rizta Z 3.7kWh,Family,3.7,2024,2024-12-21,11164.0
V03159,CU02061,Ather 450X,450X 3.7kWh,Performance,3.7,2023,2023-05-12,57190.0
V03160,CU02062,Ather 450X,450X 3.7kWh,Performance,3.7,2024,2024-04-04,18038.0
V03161,CU02063,Ather 450X,450X 3.7kWh,Performance,3.7,2021,2021-11-30,63327.0
V03162,CU02064,Ather Rizta,Rizta S 2.9kWh,Family,2.9,2024,2024-08-31,22161.0
V03163,CU02065,Ather 450X,450X 3.7kWh,Performance,3.7,2025,2025-01-02,19244.0
V03164,CU02066,Ather Rizta,Rizta Z 2.9kWh,Family,2.9,2026,2026-04-26,3853.0
V03165,CU02067,Ather Rizta,Rizta S 2.9kWh,Family,2.9,2025,2025-11-13,8594.0
V03166,CU02068,Ather 450X,450X 3.7kWh,Performance,3.7,2021,2021-05-09,52884.0
V03167,CU02069,Ather Rizta,Rizta S 2.9kWh,Family,2.9,2026,2026-09-04,742.0
V03168,CU02069,Ather Rizta,Rizta S 2.9kWh,Family,2.9,2025,2025-09-27,14022.0
V03169,CU02069,Ather 450X,450X 3.7kWh,Performance,3.7,2025,2025-10-21,17185.0
V03170,CU02069,Ather 450X,450X 2.9kWh,Performance,2.9,2021,2021-01-19,75501.0
V03171,CU02069,Ather Rizta,Rizta Z 2.9kWh,Family,2.9,2025,2025-12-30,10178.0
V03172,CU02070,Ather Rizta,Rizta Z 2.9kWh,Family,2.9,2026,2026-06-21,1915.0
V03173,CU02071,Ather Rizta,Rizta Z 3.7kWh,Family,3.7,2024,2024-08-03,26400.0
V03174,CU02072,Ather Rizta,Rizta Z 2.9kWh,Family,2.9,2025,2025-08-04,6990.0
V03175,CU02073,Ather Rizta,Rizta S 2.9kWh,Family,2.9,2025,2025-10-25,5717.0
V03176,CU02074,Ather 450X,450X 2.9kWh,Performance,2.9,2023,2023-06-11,32352.0
V03177,CU02075,Ather 450 Apex,450 Apex 3.7kWh,Performance,3.7,2025,2025-06-15,15541.0
V03178,CU02076,Ather 450X,450X 2.9kWh,Performance,2.9,2025,2025-11-21,8971.0
V03179,CU02077,Ather 450X,450X 3.7kWh,Performance,3.7,2021,2021-12-19,46670.0
V03180,CU02078,Ather Rizta,Rizta S 2.9kWh,Family,2.9,2024,2024-10-10,23046.0
V03181,CU02079,Ather Rizta,Rizta Z 2.9kWh,Family,2.9,2025,2025-06-21,36403.0
V03182,CU02079,Ather 450X,450X 3.7kWh,Performance,3.7,2020,2020-03-13,180711.0
V03183,CU02079,Ather Rizta,Rizta Z 3.7kWh,Family,3.7,2025,2025-10-20,21934.0
V03184,CU02079,Ather Rizta,Rizta S 2.9kWh,Family,2.9,2025,2025-06-03,41903.0
V03185,CU02080,Ather 450X,450X 3.7kWh,Performance,3.7,2022,2022-04-14,22029.0
V03186,CU02081,Ather Rizta,Rizta S 2.9kWh,Family,2.9,2026,2026-01-21,7988.0
V03187,CU02082,Ather 450X,450X 3.7kWh,Performance,3.7,2020,2020-11-25,146513.0
V03188,CU02082,Ather Rizta,Rizta S 2.9kWh,Family,2.9,2026,2026-03-25,13457.0
V03189,CU02082,Ather 450X,450X 2.9kWh,Performance,2.9,2024,2024-05-03,67921.0
V03190,CU02082,Ather Rizta,Rizta Z 3.7kWh,Family,3.7,2025,2025-06-11,21608.0
V03191,CU02082,Ather 450X,450X 3.7kWh,Performance,3.7,2020,2020-03-21,184923.0
V03192,CU02082,Ather 450X,450X 2.9kWh,Performance,2.9,2022,2022-10-12,114974.0
V03193,CU02083,Ather 450X,450X 2.9kWh,Performance,2.9,2021,2021-09-29,78006.0
V03194,CU02084,Ather Rizta,Rizta S 2.9kWh,Family,2.9,2025,2025-08-26,8130.0
V03195,CU02085,Ather Rizta,Rizta Z 3.7kWh,Family,3.7,2026,2026-05-15,3144.0
V03196,CU02086,Ather Rizta,Rizta Z 3.7kWh,Family,3.7,2025,2025-09-20,8123.0
V03197,CU02087,Ather 450X,450X 3.7kWh,Performance,3.7,2023,2023-04-07,29329.0
V03198,CU02088,Ather Rizta,Rizta Z 2.9kWh,Family,2.9,2026,2026-05-11,2149.0
V03199,CU02088,Ather 450 Apex,450 Apex 3.7kWh,Performance,3.7,2025,2025-02-10,10542.0
V03200,CU02089,Ather 450X,450X 2.9kWh,Performance,2.9,2021,2021-06-17,50900.0
V03201,CU02090,Ather Rizta,Rizta Z 3.7kWh,Family,3.7,2025,2025-07-02,13417.0
V03202,CU02091,Ather Rizta,Rizta Z 3.7kWh,Family,3.7,2024,2024-08-02,35559.0
V03203,CU02092,Ather Rizta,Rizta Z 2.9kWh,Family,2.9,2024,2024-07-19,10280.0
V03204,CU02093,Ather 450X,450X 3.7kWh,Performance,3.7,2020,2020-02-22,225840.0
V03205,CU02093,Ather 450X,450X 3.7kWh,Performance,3.7,2024,2024-01-25,72128.0
V03206,CU02093,Ather Rizta,Rizta Z 2.9kWh,Family,2.9,2026,2026-08-15,2757.0
V03207,CU02093,Ather 450X,450X 3.7kWh,Performance,3.7,2023,2023-05-04,102687.0
V03208,CU02093,Ather Rizta,Rizta Z 2.9kWh,Family,2.9,2025,2025-05-02,33652.0
V03209,CU02093,Ather Rizta,Rizta Z 2.9kWh,Family,2.9,2024,2024-09-14,61752.0
V03210,CU02093,Ather 450X,450X 2.9kWh,Performance,2.9,2024,2024-11-12,73634.0
V03211,CU02093,Ather Rizta,Rizta Z 3.7kWh,Family,3.7,2025,2025-10-18,20640.0
V03212,CU02093,Ather 450X,450X 3.7kWh,Performance,3.7,2021,2021-11-27,155898.0
V03213,CU02094,Ather 450X,450X 2.9kWh,Performance,2.9,2025,2025-08-14,10136.0
V03214,CU02095,Ather 450 Apex,450 Apex 3.7kWh,Performance,3.7,2024,2024-04-11,23998.0
V03215,CU02096,Ather 450X,450X 3.7kWh,Performance,3.7,2022,2022-12-16,33736.0
V03216,CU02097,Ather Rizta,Rizta Z 3.7kWh,Family,3.7,2026,2026-01-12,5495.0
V03217,CU02098,Ather 450X,450X 3.7kWh,Performance,3.7,2022,2022-01-02,46485.0
V03218,CU02099,Ather Rizta,Rizta S 2.9kWh,Family,2.9,2026,2026-04-11,3575.0
V03219,CU02100,Ather 450X,450X 2.9kWh,Performance,2.9,2023,2023-02-06,33454.0
V03220,CU02101,Ather 450X,450X 3.7kWh,Performance,3.7,2023,2023-06-20,34736.0
V03221,CU02102,Ather Rizta,Rizta Z 3.7kWh,Family,3.7,2026,2026-02-10,4025.0
V03222,CU02103,Ather Rizta,Rizta Z 2.9kWh,Family,2.9,2026,2026-04-09,2186.0
V03223,CU02104,Ather 450X,450X 2.9kWh,Performance,2.9,2024,2024-09-07,25133.0
V03224,CU02105,Ather 450X,450X 2.9kWh,Performance,2.9,2022,2022-09-16,37097.0
V03225,CU02106,Ather 450X,450X 2.9kWh,Performance,2.9,2026,2026-07-15,2227.0
V03226,CU02107,Ather Rizta,Rizta Z 3.7kWh,Family,3.7,2025,2025-12-22,21981.0
V03227,CU02107,Ather Rizta,Rizta Z 2.9kWh,Family,2.9,2026,2026-06-21,9398.0
V03228,CU02107,Ather 450X,450X 2.9kWh,Performance,2.9,2021,2021-07-01,251722.0
V03229,CU02107,Ather Rizta,Rizta S 2.9kWh,Family,2.9,2026,2026-07-20,5590.0
V03230,CU02107,Ather Rizta,Rizta S 2.9kWh,Family,2.9,2026,2026-03-07,19647.0
V03231,CU02107,Ather 450X,450X 3.7kWh,Performance,3.7,2021,2021-03-24,217820.0
V03232,CU02107,Ather Rizta,Rizta Z 3.7kWh,Family,3.7,2024,2024-10-26,64252.0
V03233,CU02107,Ather 450X,450X 2.9kWh,Performance,2.9,2026,2026-06-29,3720.0
V03234,CU02107,Ather Rizta,Rizta Z 3.7kWh,Family,3.7,2026,2026-02-06,20539.0
V03235,CU02107,Ather Rizta,Rizta Z 2.9kWh,Family,2.9,2026,2026-06-02,9385.0
V03236,CU02107,Ather 450X,450X 3.7kWh,Performance,3.7,2026,2026-02-01,12638.0
V03237,CU02107,Ather 450X,450X 3.7kWh,Performance,3.7,2025,2025-12-07,28546.0
V03238,CU02107,Ather Rizta,Rizta Z 2.9kWh,Family,2.9,2025,2025-02-16,46560.0
V03239,CU02107,Ather Rizta,Rizta Z 3.7kWh,Family,3.7,2026,2026-01-24,19778.0
V03240,CU02107,Ather 450X,450X 2.9kWh,Performance,2.9,2023,2023-08-28,57618.0
V03241,CU02107,Ather Rizta,Rizta Z 2.9kWh,Family,2.9,2024,2024-06-08,61859.0
V03242,CU02107,Ather Rizta,Rizta Z 3.7kWh,Family,3.7,2025,2025-08-29,28491.0
V03243,CU02107,Ather Rizta,Rizta Z 3.7kWh,Family,3.7,2025,2025-10-12,35067.0
V03244,CU02108,Ather Rizta,Rizta Z 2.9kWh,Family,2.9,2024,2024-07-15,8518.0
V03245,CU02109,Ather 450X,450X 3.7kWh,Performance,3.7,2022,2022-03-08,36363.0
V03246,CU02110,Ather Rizta,Rizta Z 3.7kWh,Family,3.7,2025,2025-07-31,13350.0
V03247,CU02111,Ather Rizta,Rizta Z 2.9kWh,Family,2.9,2024,2024-09-09,24616.0
V03248,CU02112,Ather Rizta,Rizta Z 3.7kWh,Family,3.7,2024,2024-09-11,10656.0
V03249,CU02113,Ather Rizta,Rizta Z 3.7kWh,Family,3.7,2025,2025-11-08,32033.0
V03250,CU02113,Ather 450X,450X 2.9kWh,Performance,2.9,2025,2025-09-28,36683.0
V03251,CU02113,Ather 450X,450X 2.9kWh,Performance,2.9,2025,2025-07-21,29440.0
V03252,CU02113,Ather 450X,450X 2.9kWh,Performance,2.9,2023,2023-06-26,72436.0
V03253,CU02113,Ather 450X,450X 3.7kWh,Performance,3.7,2026,2026-04-16,18719.0
V03254,CU02113,Ather Rizta,Rizta Z 2.9kWh,Family,2.9,2026,2026-03-19,24651.0
V03255,CU02113,Ather Rizta,Rizta Z 3.7kWh,Family,3.7,2024,2024-08-10,76313.0
V03256,CU02113,Ather 450X,450X 2.9kWh,Performance,2.9,2023,2023-08-22,119880.0
V03257,CU02113,Ather Rizta,Rizta Z 3.7kWh,Family,3.7,2026,2026-03-30,9591.0
V03258,CU02113,Ather 450X,450X 3.7kWh,Performance,3.7,2020,2020-05-02,170625.0
V03259,CU02113,Ather 450X,450X 2.9kWh,Performance,2.9,2024,2024-04-04,68554.0
V03260,CU02113,Ather 450X,450X 3.7kWh,Performance,3.7,2021,2021-04-19,166299.0
V03261,CU02113,Ather Rizta,Rizta S 2.9kWh,Family,2.9,2026,2026-02-09,20841.0
V03262,CU02113,Ather Rizta,Rizta S 2.9kWh,Family,2.9,2025,2025-01-19,38214.0
V03263,CU02114,Ather Rizta,Rizta Z 2.9kWh,Family,2.9,2026,2026-02-22,6788.0
V03264,CU02115,Ather Rizta,Rizta S 2.9kWh,Family,2.9,2025,2025-02-14,17548.0
V03265,CU02116,Ather 450X,450X 3.7kWh,Performance,3.7,2026,2026-01-21,6409.0
V03266,CU02117,Ather Rizta,Rizta S 2.9kWh,Family,2.9,2026,2026-07-25,2220.0
V03267,CU02118,Ather 450 Apex,450 Apex 3.7kWh,Performance,3.7,2025,2025-11-07,8510.0
V03268,CU02119,Ather Rizta,Rizta Z 3.7kWh,Family,3.7,2025,2025-04-01,10827.0
V03269,CU02120,Ather Rizta,Rizta Z 3.7kWh,Family,3.7,2025,2025-11-18,7901.0
V03270,CU02121,Ather 450X,450X 3.7kWh,Performance,3.7,2026,2026-04-17,3310.0
V03271,CU02122,Ather Rizta,Rizta Z 2.9kWh,Family,2.9,2024,2024-11-16,16671.0
V03272,CU02123,Ather 450X,450X 3.7kWh,Performance,3.7,2025,2025-07-05,10844.0
V03273,CU02124,Ather 450X,450X 3.7kWh,Performance,3.7,2026,2026-02-04,18959.0
V03274,CU02124,Ather Rizta,Rizta Z 3.7kWh,Family,3.7,2025,2025-05-04,43551.0
V03275,CU02124,Ather 450X,450X 2.9kWh,Performance,2.9,2023,2023-11-12,89738.0
V03276,CU02124,Ather Rizta,Rizta Z 2.9kWh,Family,2.9,2024,2024-06-12,68512.0
V03277,CU02124,Ather 450X,450X 2.9kWh,Performance,2.9,2025,2025-08-21,37241.0
V03278,CU02124,Ather 450X,450X 3.7kWh,Performance,3.7,2024,2024-09-01,45573.0
V03279,CU02124,Ather 450X,450X 3.7kWh,Performance,3.7,2023,2023-05-14,109241.0
V03280,CU02124,Ather Rizta,Rizta S 2.9kWh,Family,2.9,2026,2026-09-04,2289.0
V03281,CU02124,Ather 450X,450X 3.7kWh,Performance,3.7,2023,2023-02-16,139945.0
V03282,CU02125,Ather 450X,450X 2.9kWh,Performance,2.9,2021,2021-03-19,73758.0
V03283,CU02125,Ather 450X,450X 2.9kWh,Performance,2.9,2024,2024-06-23,28653.0
V03284,CU02125,Ather 450X,450X 3.7kWh,Performance,3.7,2022,2022-03-20,78117.0
V03285,CU02126,Ather 450 Apex,450 Apex 3.7kWh,Performance,3.7,2026,2026-05-31,4182.0
V03286,CU02127,Ather Rizta,Rizta S 2.9kWh,Family,2.9,2025,2025-07-21,13197.0
V03287,CU02128,Ather Rizta,Rizta S 2.9kWh,Family,2.9,2026,2026-04-24,4557.0
V03288,CU02129,Ather Rizta,Rizta S 2.9kWh,Family,2.9,2024,2024-10-08,13735.0
V03289,CU02130,Ather 450X,450X 3.7kWh,Performance,3.7,2026,2026-04-21,4028.0
V03290,CU02131,Ather Rizta,Rizta Z 2.9kWh,Family,2.9,2025,2025-08-04,22249.0
V03291,CU02131,Ather Rizta,Rizta Z 3.7kWh,Family,3.7,2024,2024-06-24,55961.0
V03292,CU02131,Ather Rizta,Rizta Z 3.7kWh,Family,3.7,2025,2025-05-03,47492.0
V03293,CU02131,Ather Rizta,Rizta Z 2.9kWh,Family,2.9,2026,2026-01-25,20781.0
V03294,CU02131,Ather Rizta,Rizta S 2.9kWh,Family,2.9,2026,2026-01-10,19336.0
V03295,CU02131,Ather 450X,450X 3.7kWh,Performance,3.7,2022,2022-02-28,127220.0
V03296,CU02131,Ather 450X,450X 2.9kWh,Performance,2.9,2023,2023-07-05,101441.0
V03297,CU02131,Ather Rizta,Rizta S 2.9kWh,Family,2.9,2024,2024-12-29,44215.0
V03298,CU02131,Ather 450X,450X 3.7kWh,Performance,3.7,2020,2020-11-14,109409.0
V03299,CU02131,Ather Rizta,Rizta Z 2.9kWh,Family,2.9,2025,2025-07-21,29787.0
V03300,CU02131,Ather 450X,450X 2.9kWh,Performance,2.9,2023,2023-06-17,125111.0
V03301,CU02131,Ather Rizta,Rizta Z 3.7kWh,Family,3.7,2024,2024-09-11,61310.0
V03302,CU02131,Ather 450X,450X 3.7kWh,Performance,3.7,2024,2024-09-08,48139.0
V03303,CU02131,Ather 450X,450X 3.7kWh,Performance,3.7,2020,2020-09-03,255100.0
V03304,CU02131,Ather Rizta,Rizta Z 2.9kWh,Family,2.9,2026,2026-07-30,4370.0
V03305,CU02132,Ather Rizta,Rizta Z 3.7kWh,Family,3.7,2025,2025-09-26,11036.0
V03306,CU02133,Ather Rizta,Rizta Z 2.9kWh,Family,2.9,2026,2026-03-27,5004.0
V03307,CU02134,Ather Rizta,Rizta Z 2.9kWh,Family,2.9,2025,2025-01-21,19467.0
V03308,CU02135,Ather 450X,450X 2.9kWh,Performance,2.9,2025,2025-11-03,9129.0
V03309,CU02136,Ather 450X,450X 2.9kWh,Performance,2.9,2024,2024-09-23,17069.0
V03310,CU02137,Ather 450 Apex,450 Apex 3.7kWh,Performance,3.7,2025,2025-01-01,18304.0
V03311,CU02138,Ather 450X,450X 2.9kWh,Performance,2.9,2023,2023-04-23,29892.0
V03312,CU02139,Ather 450X,450X 3.7kWh,Performance,3.7,2026,2026-05-19,2666.0
V03313,CU02140,Ather 450X,450X 3.7kWh,Performance,3.7,2026,2026-07-30,1921.0
V03314,CU02141,Ather Rizta,Rizta S 2.9kWh,Family,2.9,2025,2025-03-10,17803.0
V03315,CU02142,Ather 450X,450X 2.9kWh,Performance,2.9,2020,2020-03-21,40141.0
V03316,CU02143,Ather Rizta,Rizta S 2.9kWh,Family,2.9,2025,2025-06-13,12669.0
V03317,CU02144,Ather 450 Apex,450 Apex 3.7kWh,Performance,3.7,2025,2025-09-09,12433.0
V03318,CU02145,Ather 450X,450X 2.9kWh,Performance,2.9,2025,2025-04-03,15042.0
V03319,CU02146,Ather 450 Apex,450 Apex 3.7kWh,Performance,3.7,2026,2026-03-30,6292.0
V03320,CU02147,Ather Rizta,Rizta Z 3.7kWh,Family,3.7,2024,2024-08-09,18511.0
V03321,CU02148,Ather Rizta,Rizta S 2.9kWh,Family,2.9,2024,2024-09-11,19728.0
V03322,CU02149,Ather 450X,450X 2.9kWh,Performance,2.9,2021,2021-05-22,48454.0
V03323,CU02150,Ather Rizta,Rizta S 2.9kWh,Family,2.9,2024,2024-06-23,13737.0
V03324,CU02151,Ather Rizta,Rizta Z 3.7kWh,Family,3.7,2025,2025-12-04,7557.0
V03325,CU02152,Ather 450 Apex,450 Apex 3.7kWh,Performance,3.7,2025,2025-11-17,8065.0
V03326,CU02153,Ather Rizta,Rizta Z 3.7kWh,Family,3.7,2026,2026-02-21,7490.0
V03327,CU02154,Ather Rizta,Rizta Z 3.7kWh,Family,3.7,2025,2025-11-29,5655.0
V03328,CU02155,Ather 450X,450X 3.7kWh,Performance,3.7,2021,2021-07-22,36783.0
V03329,CU02156,Ather Rizta,Rizta Z 2.9kWh,Family,2.9,2024,2024-07-28,27740.0
V03330,CU02157,Ather 450 Apex,450 Apex 3.7kWh,Performance,3.7,2025,2025-09-04,10104.0
V03331,CU02157,Ather Rizta,Rizta Z 2.9kWh,Family,2.9,2025,2025-10-30,8395.0
V03332,CU02158,Ather Rizta,Rizta S 2.9kWh,Family,2.9,2024,2024-06-13,10600.0
V03333,CU02159,Ather 450X,450X 3.7kWh,Performance,3.7,2020,2020-04-03,58141.0
V03334,CU02160,Ather 450 Apex,450 Apex 3.7kWh,Performance,3.7,2024,2024-09-25,20107.0
V03335,CU02161,Ather 450X,450X 3.7kWh,Performance,3.7,2020,2020-09-13,55606.0
V03336,CU02162,Ather 450X,450X 2.9kWh,Performance,2.9,2026,2026-08-19,1058.0
V03337,CU02163,Ather 450 Apex,450 Apex 3.7kWh,Performance,3.7,2026,2026-08-17,
V03338,CU02164,Ather 450X,450X 3.7kWh,Performance,3.7,2022,2022-09-11,49705.0
V03339,CU02165,Ather 450X,450X 2.9kWh,Performance,2.9,2023,2023-10-30,28508.0
V03340,CU02166,Ather Rizta,Rizta Z 2.9kWh,Family,2.9,2025,2025-04-11,12201.0
V03341,CU02166,Ather 450 Apex,450 Apex 3.7kWh,Performance,3.7,2026,2026-09-09,418.0
V03342,CU02167,Ather 450X,450X 2.9kWh,Performance,2.9,2026,2026-07-25,1726.0
V03343,CU02168,Ather Rizta,Rizta Z 3.7kWh,Family,3.7,2025,2025-02-03,13358.0
V03344,CU02169,Ather 450X,450X 3.7kWh,Performance,3.7,2020,2020-01-22,89495.0
V03345,CU02170,Ather 450X,450X 3.7kWh,Performance,3.7,2026,2026-02-02,4807.0
V03346,CU02170,Ather 450X,450X 2.9kWh,Performance,2.9,2025,2025-05-31,9529.0
V03347,CU02171,Ather Rizta,Rizta Z 2.9kWh,Family,2.9,2024,2024-10-07,26547.0
V03348,CU02172,Ather Rizta,Rizta Z 3.7kWh,Family,3.7,2025,2025-12-21,7363.0
V03349,CU02173,Ather 450 Apex,450 Apex 3.7kWh,Performance,3.7,2024,2024-06-24,26244.0
V03350,CU02174,Ather Rizta,Rizta Z 3.7kWh,Family,3.7,2026,2026-09-01,544.0
V03351,CU02175,Ather Rizta,Rizta S 2.9kWh,Family,2.9,2025,2025-02-24,19094.0
V03352,CU02176,Ather 450 Apex,450 Apex 3.7kWh,Performance,3.7,2025,2025-06-11,16741.0
V03353,CU02177,Ather 450X,450X 2.9kWh,Performance,2.9,2020,2020-05-10,105705.0
V03354,CU02178,Ather 450X,450X 3.7kWh,Performance,3.7,2021,2021-03-22,63630.0
V03355,CU02179,Ather Rizta,Rizta S 2.9kWh,Family,2.9,2025,2025-06-06,13176.0
V03356,CU02180,Ather Rizta,Rizta Z 3.7kWh,Family,3.7,2025,2025-02-04,20586.0
V03357,CU02181,Ather 450X,450X 3.7kWh,Performance,3.7,2025,2025-09-19,36972.0
V03358,CU02181,Ather 450X,450X 2.9kWh,Performance,2.9,2025,2025-06-22,26063.0
V03359,CU02181,Ather Rizta,Rizta Z 2.9kWh,Family,2.9,2025,2025-06-27,25089.0
V03360,CU02181,Ather Rizta,Rizta Z 2.9kWh,Family,2.9,2026,2026-04-10,8805.0
V03361,CU02181,Ather 450X,450X 3.7kWh,Performance,3.7,2025,2025-06-07,50603.0
V03362,CU02182,Ather 450 Apex,450 Apex 3.7kWh,Performance,3.7,2025,2025-08-22,13255.0
V03363,CU02183,Ather 450X,450X 2.9kWh,Performance,2.9,2020,2020-03-12,98890.0
V03364,CU02183,Ather 450 Apex,450 Apex 3.7kWh,Performance,3.7,2025,2025-03-05,16629.0
V03365,CU02184,Ather Rizta,Rizta S 2.9kWh,Family,2.9,2025,2025-09-29,9842.0
V03366,CU02184,Ather 450X,450X 3.7kWh,Performance,3.7,2020,2020-12-26,62654.0
V03367,CU02185,Ather 450 Apex,450 Apex 3.7kWh,Performance,3.7,2025,2025-07-14,9716.0
V03368,CU02186,Ather 450X,450X 2.9kWh,Performance,2.9,2021,2021-07-09,15272.0
V03369,CU02187,Ather 450X,450X 3.7kWh,Performance,3.7,2021,2021-08-06,51120.0
V03370,CU02188,Ather Rizta,Rizta Z 2.9kWh,Family,2.9,2025,2025-04-30,47135.0
V03371,CU02188,Ather 450X,450X 2.9kWh,Performance,2.9,2025,2025-04-03,41993.0
V03372,CU02188,Ather 450X,450X 2.9kWh,Performance,2.9,2026,2026-05-17,11266.0
V03373,CU02188,Ather 450X,450X 2.9kWh,Performance,2.9,2022,2022-01-18,
V03374,CU02188,Ather 450X,450X 2.9kWh,Performance,2.9,2022,2022-12-07,63822.0
V03375,CU02188,Ather Rizta,Rizta Z 3.7kWh,Family,3.7,2025,2025-10-23,19695.0
V03376,CU02188,Ather Rizta,Rizta S 2.9kWh,Family,2.9,2026,2026-04-04,12087.0
V03377,CU02188,Ather 450X,450X 3.7kWh,Performance,3.7,2022,2022-05-17,143772.0
V03378,CU02188,Ather 450X,450X 3.7kWh,Performance,3.7,2022,2022-02-20,167395.0
V03379,CU02188,Ather 450X,450X 3.7kWh,Performance,3.7,2025,2025-02-22,47646.0
V03380,CU02188,Ather 450X,450X 3.7kWh,Performance,3.7,2021,2021-04-27,172715.0
V03381,CU02188,Ather Rizta,Rizta S 2.9kWh,Family,2.9,2026,2026-05-28,10908.0
V03382,CU02188,Ather Rizta,Rizta Z 2.9kWh,Family,2.9,2025,2025-07-22,47623.0
V03383,CU02188,Ather Rizta,Rizta S 2.9kWh,Family,2.9,2024,2024-09-02,48083.0
V03384,CU02188,Ather 450X,450X 3.7kWh,Performance,3.7,2022,2022-12-26,160737.0
V03385,CU02188,Ather Rizta,Rizta Z 3.7kWh,Family,3.7,2024,2024-11-21,60941.0
V03386,CU02188,Ather Rizta,Rizta S 2.9kWh,Family,2.9,2025,2025-09-25,18256.0
V03387,CU02188,Ather Rizta,Rizta Z 3.7kWh,Family,3.7,2024,2024-11-07,43653.0
V03388,CU02188,Ather Rizta,Rizta S 2.9kWh,Family,2.9,2025,2025-10-31,26806.0
V03389,CU02188,Ather 450X,450X 3.7kWh,Performance,3.7,2022,2022-02-06,178555.0
V03390,CU02189,Ather Rizta,Rizta S 2.9kWh,Family,2.9,2026,2026-07-11,1161.0
V03391,CU02190,Ather 450X,450X 3.7kWh,Performance,3.7,2023,2023-05-08,33586.0
V03392,CU02191,Ather Rizta,Rizta Z 2.9kWh,Family,2.9,2026,2026-05-05,3601.0
V03393,CU02192,Ather Rizta,Rizta S 2.9kWh,Family,2.9,2024,2024-06-23,19554.0
V03394,CU02193,Ather 450X,450X 2.9kWh,Performance,2.9,2026,2026-07-28,2087.0
V03395,CU02194,Ather 450 Apex,450 Apex 3.7kWh,Performance,3.7,2026,2026-03-02,4832.0
V03396,CU02195,Ather 450X,450X 2.9kWh,Performance,2.9,2021,2021-07-25,40458.0
V03397,CU02196,Ather Rizta,Rizta Z 3.7kWh,Family,3.7,2026,2026-02-11,7170.0
V03398,CU02197,Ather Rizta,Rizta Z 3.7kWh,Family,3.7,2026,2026-05-22,4026.0
V03399,CU02197,Ather Rizta,Rizta Z 3.7kWh,Family,3.7,2024,2024-08-21,29571.0
V03400,CU02197,Ather Rizta,Rizta Z 2.9kWh,Family,2.9,2026,2026-04-06,6773.0
V03401,CU02197,Ather Rizta,Rizta Z 3.7kWh,Family,3.7,2025,2025-07-21,17650.0
V03402,CU02197,Ather Rizta,Rizta Z 2.9kWh,Family,2.9,2024,2024-06-16,25133.0
V03403,CU02197,Ather Rizta,Rizta Z 2.9kWh,Family,2.9,2025,2025-09-18,14995.0
V03404,CU02198,Ather Rizta,Rizta S 2.9kWh,Family,2.9,2025,2025-04-13,10839.0
V03405,CU02199,Ather 450 Apex,450 Apex 3.7kWh,Performance,3.7,2025,2025-10-12,4845.0
V03406,CU02200,Ather 450X,450X 2.9kWh,Performance,2.9,2020,2020-10-24,86255.0
V03407,CU02201,Ather Rizta,Rizta Z 3.7kWh,Family,3.7,2024,2024-11-22,22700.0
V03408,CU02202,Ather Rizta,Rizta Z 3.7kWh,Family,3.7,2025,2025-06-24,11542.0
V03409,CU02202,Ather Rizta,Rizta S 2.9kWh,Family,2.9,2024,2024-06-23,32589.0
V03410,CU02203,Ather 450X,450X 3.7kWh,Performance,3.7,2025,2025-05-24,6591.0
V03411,CU02204,Ather 450X,450X 3.7kWh,Performance,3.7,2026,2026-04-04,5639.0
V03412,CU02205,Ather Rizta,Rizta S 2.9kWh,Family,2.9,2025,2025-10-16,4836.0
V03413,CU02206,Ather 450 Apex,450 Apex 3.7kWh,Performance,3.7,2025,2025-10-23,14612.0
V03414,CU02207,Ather Rizta,Rizta Z 3.7kWh,Family,3.7,2025,2025-01-02,17524.0
V03415,CU02208,Ather 450 Apex,450 Apex 3.7kWh,Performance,3.7,2024,2024-11-25,15533.0
V03416,CU02209,Ather Rizta,Rizta Z 2.9kWh,Family,2.9,2026,2026-04-25,4043.0
V03417,CU02210,Ather 450X,450X 3.7kWh,Performance,3.7,2023,2023-10-25,61997.0
V03418,CU02210,Ather Rizta,Rizta Z 2.9kWh,Family,2.9,2026,2026-02-14,13136.0
V03419,CU02211,Ather 450X,450X 3.7kWh,Performance,3.7,2025,2025-02-02,18075.0
V03420,CU02212,Ather 450 Apex,450 Apex 3.7kWh,Performance,3.7,2025,2025-04-10,14124.0
V03421,CU02213,Ather Rizta,Rizta Z 2.9kWh,Family,2.9,2026,2026-01-03,8633.0
V03422,CU02214,Ather 450X,450X 2.9kWh,Performance,2.9,2026,2026-03-17,7406.0
V03423,CU02215,Ather 450X,450X 2.9kWh,Performance,2.9,2022,2022-08-20,57439.0
V03424,CU02216,Ather 450X,450X 3.7kWh,Performance,3.7,2026,2026-04-16,2873.0
V03425,CU02216,Ather 450X,450X 3.7kWh,Performance,3.7,2022,2022-03-16,31167.0
V03426,CU02217,Ather 450 Apex,450 Apex 3.7kWh,Performance,3.7,2025,2025-03-12,16339.0
V03427,CU02218,Ather Rizta,Rizta S 2.9kWh,Family,2.9,2025,2025-02-15,13938.0
V03428,CU02219,Ather 450X,450X 3.7kWh,Performance,3.7,2023,2023-07-07,33089.0
V03429,CU02220,Ather Rizta,Rizta Z 2.9kWh,Family,2.9,2026,2026-08-10,1731.0
V03430,CU02221,Ather Rizta,Rizta Z 3.7kWh,Family,3.7,2024,2024-09-07,19712.0
V03431,CU02222,Ather Rizta,Rizta Z 2.9kWh,Family,2.9,2026,2026-03-27,5435.0
V03432,CU02223,Ather Rizta,Rizta S 2.9kWh,Family,2.9,2026,2026-08-12,1614.0
V03433,CU02223,Ather Rizta,Rizta Z 3.7kWh,Family,3.7,2025,2025-04-23,19188.0
V03434,CU02223,Ather 450 Apex,450 Apex 3.7kWh,Performance,3.7,2025,2025-03-10,15630.0
V03435,CU02224,Ather 450X,450X 3.7kWh,Performance,3.7,2021,2021-09-02,60160.0
V03436,CU02225,Ather Rizta,Rizta Z 2.9kWh,Family,2.9,2025,2025-05-04,16954.0
V03437,CU02226,Ather Rizta,Rizta S 2.9kWh,Family,2.9,2026,2026-06-10,3300.0
V03438,CU02227,Ather 450X,450X 2.9kWh,Performance,2.9,2025,2025-11-27,6509.0
V03439,CU02228,Ather 450X,450X 2.9kWh,Performance,2.9,2023,2023-01-17,53649.0
V03440,CU02229,Ather 450X,450X 2.9kWh,Performance,2.9,2026,2026-06-22,1943.0
V03441,CU02230,Ather Rizta,Rizta Z 2.9kWh,Family,2.9,2025,2025-07-27,17722.0
V03442,CU02231,Ather 450X,450X 2.9kWh,Performance,2.9,2023,2023-10-27,21750.0
V03443,CU02232,Ather Rizta,Rizta S 2.9kWh,Family,2.9,2026,2026-06-30,2513.0
V03444,CU02233,Ather Rizta,Rizta Z 2.9kWh,Family,2.9,2025,2025-11-15,10642.0
V03445,CU02234,Ather 450X,450X 2.9kWh,Performance,2.9,2022,2022-11-23,49969.0
V03446,CU02235,Ather 450X,450X 2.9kWh,Performance,2.9,2023,2023-08-08,26277.0
V03447,CU02236,Ather 450 Apex,450 Apex 3.7kWh,Performance,3.7,2025,2025-06-24,16100.0
V03448,CU02237,Ather 450X,450X 3.7kWh,Performance,3.7,2024,2024-03-11,29064.0
V03449,CU02238,Ather Rizta,Rizta Z 3.7kWh,Family,3.7,2026,2026-06-28,2847.0
V03450,CU02239,Ather 450X,450X 2.9kWh,Performance,2.9,2024,2024-05-23,25331.0
V03451,CU02240,Ather Rizta,Rizta S 2.9kWh,Family,2.9,2024,2024-07-05,18652.0
V03452,CU02241,Ather 450X,450X 2.9kWh,Performance,2.9,2021,2021-04-03,125678.0
V03453,CU02241,Ather 450X,450X 3.7kWh,Performance,3.7,2026,2026-03-30,13836.0
V03454,CU02241,Ather Rizta,Rizta S 2.9kWh,Family,2.9,2026,2026-01-04,19919.0
V03455,CU02241,Ather 450X,450X 3.7kWh,Performance,3.7,2021,2021-10-05,116172.0
V03456,CU02241,Ather 450X,450X 2.9kWh,Performance,2.9,2022,2022-03-11,115177.0
V03457,CU02241,Ather Rizta,Rizta Z 2.9kWh,Family,2.9,2024,2024-08-15,57131.0
V03458,CU02241,Ather Rizta,Rizta Z 2.9kWh,Family,2.9,2025,2025-04-21,37261.0
V03459,CU02241,Ather 450X,450X 2.9kWh,Performance,2.9,2022,2022-08-21,129329.0
V03460,CU02241,Ather Rizta,Rizta Z 2.9kWh,Family,2.9,2026,2026-03-12,18047.0
V03461,CU02241,Ather 450X,450X 3.7kWh,Performance,3.7,2026,2026-08-21,3074.0
V03462,CU02241,Ather 450X,450X 3.7kWh,Performance,3.7,2020,2020-06-24,195638.0
V03463,CU02241,Ather Rizta,Rizta Z 2.9kWh,Family,2.9,2026,2026-07-04,6762.0
V03464,CU02241,Ather Rizta,Rizta S 2.9kWh,Family,2.9,2026,2026-08-26,2949.0
V03465,CU02241,Ather 450X,450X 3.7kWh,Performance,3.7,2021,2021-07-10,208961.0
V03466,CU02241,Ather Rizta,Rizta Z 2.9kWh,Family,2.9,2025,2025-03-03,50877.0
V03467,CU02241,Ather 450X,450X 2.9kWh,Performance,2.9,2021,2021-05-22,169340.0
V03468,CU02241,Ather 450X,450X 2.9kWh,Performance,2.9,2023,2023-02-20,79069.0
V03469,CU02242,Ather 450X,450X 2.9kWh,Performance,2.9,2021,2021-07-17,71285.0
V03470,CU02242,Ather 450X,450X 3.7kWh,Performance,3.7,2022,2022-01-21,50103.0
V03471,CU02243,Ather 450X,450X 3.7kWh,Performance,3.7,2026,2026-04-13,6970.0
V03472,CU02244,Ather Rizta,Rizta S 2.9kWh,Family,2.9,2025,2025-09-25,14687.0
V03473,CU02245,Ather Rizta,Rizta Z 2.9kWh,Family,2.9,2025,2025-07-06,11069.0
V03474,CU02246,Ather 450X,450X 2.9kWh,Performance,2.9,2021,2021-03-15,85432.0
V03475,CU02247,Ather Rizta,Rizta S 2.9kWh,Family,2.9,2026,2026-01-20,6402.0
V03476,CU02248,Ather 450 Apex,450 Apex 3.7kWh,Performance,3.7,2024,2024-03-12,20303.0
V03477,CU02249,Ather 450 Apex,450 Apex 3.7kWh,Performance,3.7,2024,2024-11-04,23010.0
V03478,CU02250,Ather Rizta,Rizta Z 2.9kWh,Family,2.9,2025,2025-04-28,14437.0
V03479,CU02251,Ather 450X,450X 3.7kWh,Performance,3.7,2024,2024-11-30,5932.0
V03480,CU02252,Ather Rizta,Rizta S 2.9kWh,Family,2.9,2026,2026-07-31,1934.0
V03481,CU02253,Ather Rizta,Rizta Z 2.9kWh,Family,2.9,2026,2026-04-02,14031.0
V03482,CU02253,Ather Rizta,Rizta S 2.9kWh,Family,2.9,2026,2026-07-02,7458.0
V03483,CU02253,Ather Rizta,Rizta Z 2.9kWh,Family,2.9,2026,2026-06-11,8631.0
V03484,CU02253,Ather 450X,450X 3.7kWh,Performance,3.7,2021,2021-11-22,161039.0
V03485,CU02253,Ather 450X,450X 3.7kWh,Performance,3.7,2024,2024-07-08,67161.0
V03486,CU02253,Ather Rizta,Rizta Z 3.7kWh,Family,3.7,2025,2025-04-26,41795.0
V03487,CU02253,Ather 450X,450X 2.9kWh,Performance,2.9,2024,2024-06-24,69964.0
V03488,CU02253,Ather Rizta,Rizta Z 3.7kWh,Family,3.7,2026,2026-07-17,6683.0
V03489,CU02253,Ather Rizta,Rizta Z 3.7kWh,Family,3.7,2025,2025-07-21,42350.0
V03490,CU02254,Ather 450X,450X 2.9kWh,Performance,2.9,2021,2021-03-25,51993.0
V03491,CU02255,Ather Rizta,Rizta Z 3.7kWh,Family,3.7,2025,2025-05-14,12925.0
V03492,CU02256,Ather Rizta,Rizta Z 3.7kWh,Family,3.7,2026,2026-05-17,3843.0
V03493,CU02257,Ather Rizta,Rizta Z 3.7kWh,Family,3.7,2025,2025-12-11,6528.0
V03494,CU02258,Ather Rizta,Rizta Z 3.7kWh,Family,3.7,2026,2026-02-25,6205.0
V03495,CU02259,Ather 450X,450X 3.7kWh,Performance,3.7,2021,2021-03-25,33532.0
V03496,CU02260,Ather 450X,450X 3.7kWh,Performance,3.7,2020,2020-11-30,67649.0
V03497,CU02261,Ather 450X,450X 3.7kWh,Performance,3.7,2023,2023-01-23,34599.0
V03498,CU02262,Ather 450X,450X 3.7kWh,Performance,3.7,2023,2023-04-24,47017.0
V03499,CU02263,Ather 450X,450X 3.7kWh,Performance,3.7,2022,2022-07-23,82212.0
V03500,CU02263,Ather Rizta,Rizta S 2.9kWh,Family,2.9,2025,2025-01-06,57649.0
V03501,CU02263,Ather 450X,450X 3.7kWh,Performance,3.7,2024,2024-06-27,48856.0
V03502,CU02263,Ather Rizta,Rizta Z 3.7kWh,Family,3.7,2026,2026-05-27,9382.0
V03503,CU02263,Ather Rizta,Rizta S 2.9kWh,Family,2.9,2025,2025-10-24,29442.0
V03504,CU02263,Ather Rizta,Rizta S 2.9kWh,Family,2.9,2026,2026-07-28,6644.0
V03505,CU02263,Ather 450X,450X 3.7kWh,Performance,3.7,2026,2026-01-31,25942.0
V03506,CU02263,Ather 450X,450X 3.7kWh,Performance,3.7,2025,2025-05-09,57742.0
V03507,CU02263,Ather Rizta,Rizta Z 3.7kWh,Family,3.7,2026,2026-08-15,4294.0
V03508,CU02264,Ather 450 Apex,450 Apex 3.7kWh,Performance,3.7,2025,2025-07-05,5924.0
V03509,CU02265,Ather 450X,450X 2.9kWh,Performance,2.9,2024,2024-01-10,27613.0
V03510,CU02266,Ather Rizta,Rizta S 2.9kWh,Family,2.9,2026,2026-06-27,2298.0
V03511,CU02267,Ather Rizta,Rizta S 2.9kWh,Family,2.9,2025,2025-06-17,10022.0
V03512,CU02268,Ather Rizta,Rizta Z 2.9kWh,Family,2.9,2025,2025-12-15,5523.0
V03513,CU02269,Ather Rizta,Rizta S 2.9kWh,Family,2.9,2026,2026-07-09,1877.0
V03514,CU02270,Ather 450 Apex,450 Apex 3.7kWh,Performance,3.7,2025,2025-09-10,9836.0
V03515,CU02271,Ather 450 Apex,450 Apex 3.7kWh,Performance,3.7,2025,2025-10-05,9345.0
V03516,CU02272,Ather 450X,450X 2.9kWh,Performance,2.9,2021,2021-03-06,68221.0
V03517,CU02273,Ather Rizta,Rizta S 2.9kWh,Family,2.9,2024,2024-10-09,18352.0
V03518,CU02274,Ather 450X,450X 2.9kWh,Performance,2.9,2025,2025-04-07,15841.0
V03519,CU02275,Ather Rizta,Rizta Z 3.7kWh,Family,3.7,2025,2025-04-22,14210.0
V03520,CU02276,Ather 450X,450X 2.9kWh,Performance,2.9,2022,2022-03-09,47607.0
V03521,CU02277,Ather Rizta,Rizta S 2.9kWh,Family,2.9,2024,2024-08-28,28972.0
V03522,CU02277,Ather Rizta,Rizta Z 2.9kWh,Family,2.9,2026,2026-03-04,5482.0
V03523,CU02278,Ather Rizta,Rizta Z 2.9kWh,Family,2.9,2026,2026-03-07,3469.0
V03524,CU02279,Ather Rizta,Rizta S 2.9kWh,Family,2.9,2024,2024-09-02,19177.0
V03525,CU02279,Ather 450X,450X 2.9kWh,Performance,2.9,2022,2022-03-24,44359.0
V03526,CU02280,Ather 450X,450X 3.7kWh,Performance,3.7,2020,2020-05-24,78103.0
V03527,CU02281,Ather 450X,450X 3.7kWh,Performance,3.7,2026,2026-07-28,2288.0
V03528,CU02282,Ather Rizta,Rizta Z 2.9kWh,Family,2.9,2024,2024-11-03,24956.0
V03529,CU02283,Ather 450X,450X 2.9kWh,Performance,2.9,2023,2023-09-05,39517.0
V03530,CU02284,Ather 450X,450X 2.9kWh,Performance,2.9,2024,2024-04-12,31911.0
V03531,CU02285,Ather 450 Apex,450 Apex 3.7kWh,Performance,3.7,2024,2024-11-10,15118.0
V03532,CU02286,Ather 450X,450X 3.7kWh,Performance,3.7,2023,2023-01-12,28467.0
V03533,CU02286,Ather Rizta,Rizta S 2.9kWh,Family,2.9,2026,2026-01-13,8589.0
V03534,CU02287,Ather 450X,450X 2.9kWh,Performance,2.9,2024,2024-06-06,13854.0
V03535,CU02288,Ather 450X,450X 2.9kWh,Performance,2.9,2025,2025-03-04,11936.0
V03536,CU02289,Ather 450X,450X 3.7kWh,Performance,3.7,2023,2023-09-01,38969.0
V03537,CU02290,Ather Rizta,Rizta Z 2.9kWh,Family,2.9,2025,2025-11-26,4804.0
V03538,CU02291,Ather 450X,450X 2.9kWh,Performance,2.9,2022,2022-09-11,45655.0
V03539,CU02292,Ather Rizta,Rizta Z 3.7kWh,Family,3.7,2025,2025-02-01,11286.0
V03540,CU02293,Ather Rizta,Rizta Z 3.7kWh,Family,3.7,2026,2026-05-05,4856.0
V03541,CU02294,Ather 450X,450X 3.7kWh,Performance,3.7,2023,2023-01-06,39779.0
V03542,CU02295,Ather Rizta,Rizta Z 2.9kWh,Family,2.9,2025,2025-11-19,27629.0
V03543,CU02295,Ather 450X,450X 2.9kWh,Performance,2.9,2025,2025-08-26,31223.0
V03544,CU02295,Ather 450X,450X 2.9kWh,Performance,2.9,2025,2025-03-16,39194.0
V03545,CU02295,Ather Rizta,Rizta Z 3.7kWh,Family,3.7,2024,2024-06-12,82600.0
V03546,CU02295,Ather Rizta,Rizta S 2.9kWh,Family,2.9,2025,2025-08-25,29425.0
V03547,CU02295,Ather 450X,450X 3.7kWh,Performance,3.7,2024,2024-07-02,69122.0
V03548,CU02295,Ather 450X,450X 2.9kWh,Performance,2.9,2021,2021-09-27,117114.0
V03549,CU02295,Ather Rizta,Rizta Z 2.9kWh,Family,2.9,2025,2025-12-14,11600.0
V03550,CU02295,Ather Rizta,Rizta Z 3.7kWh,Family,3.7,2026,2026-07-05,8542.0
V03551,CU02295,Ather 450X,450X 2.9kWh,Performance,2.9,2023,2023-01-23,113399.0
V03552,CU02295,Ather 450X,450X 3.7kWh,Performance,3.7,2023,2023-06-25,120001.0
V03553,CU02295,Ather 450X,450X 2.9kWh,Performance,2.9,2020,2020-12-26,200707.0
V03554,CU02295,Ather 450X,450X 2.9kWh,Performance,2.9,2026,2026-06-26,5407.0
V03555,CU02296,Ather Rizta,Rizta S 2.9kWh,Family,2.9,2025,2025-10-19,28010.0
V03556,CU02296,Ather 450X,450X 2.9kWh,Performance,2.9,2024,2024-10-03,43705.0
V03557,CU02296,Ather Rizta,Rizta Z 3.7kWh,Family,3.7,2025,2025-03-29,38366.0
V03558,CU02296,Ather 450X,450X 3.7kWh,Performance,3.7,2023,2023-06-11,66373.0
V03559,CU02296,Ather 450X,450X 2.9kWh,Performance,2.9,2026,2026-08-13,4748.0
V03560,CU02296,Ather Rizta,Rizta Z 3.7kWh,Family,3.7,2026,2026-01-27,18096.0
V03561,CU02296,Ather Rizta,Rizta Z 3.7kWh,Family,3.7,2024,2024-08-29,51582.0
V03562,CU02296,Ather 450X,450X 3.7kWh,Performance,3.7,2024,2024-07-15,86355.0
V03563,CU02296,Ather Rizta,Rizta Z 2.9kWh,Family,2.9,2026,2026-03-01,23930.0
V03564,CU02296,Ather Rizta,Rizta S 2.9kWh,Family,2.9,2026,2026-06-14,5125.0
V03565,CU02296,Ather Rizta,Rizta S 2.9kWh,Family,2.9,2025,2025-09-18,36659.0
V03566,CU02296,Ather Rizta,Rizta S 2.9kWh,Family,2.9,2026,2026-09-04,2072.0
V03567,CU02296,Ather 450X,450X 2.9kWh,Performance,2.9,2021,2021-05-15,149295.0
V03568,CU02296,Ather Rizta,Rizta Z 3.7kWh,Family,3.7,2026,2026-04-10,15767.0
V03569,CU02297,Ather 450X,450X 2.9kWh,Performance,2.9,2023,2023-12-08,31459.0
V03570,CU02298,Ather Rizta,Rizta S 2.9kWh,Family,2.9,2026,2026-04-26,5007.0
V03571,CU02299,Ather 450 Apex,450 Apex 3.7kWh,Performance,3.7,2024,2024-08-17,20859.0
V03572,CU02300,Ather 450X,450X 3.7kWh,Performance,3.7,2021,2021-03-22,46940.0
V03573,CU02301,Ather Rizta,Rizta Z 2.9kWh,Family,2.9,2026,2026-05-01,3500.0
V03574,CU02302,Ather 450X,450X 3.7kWh,Performance,3.7,2021,2021-03-22,48285.0
V03575,CU02303,Ather Rizta,Rizta Z 3.7kWh,Family,3.7,2026,2026-08-04,1263.0
V03576,CU02304,Ather 450X,450X 2.9kWh,Performance,2.9,2023,2023-10-28,32621.0
V03577,CU02305,Ather 450X,450X 3.7kWh,Performance,3.7,2020,2020-11-04,60895.0
V03578,CU02306,Ather 450X,450X 2.9kWh,Performance,2.9,2025,2025-08-09,33728.0
V03579,CU02306,Ather 450X,450X 3.7kWh,Performance,3.7,2023,2023-05-03,73557.0
V03580,CU02306,Ather 450X,450X 3.7kWh,Performance,3.7,2024,2024-04-28,48988.0
V03581,CU02306,Ather Rizta,Rizta S 2.9kWh,Family,2.9,2025,2025-10-24,27852.0
V03582,CU02306,Ather Rizta,Rizta Z 3.7kWh,Family,3.7,2026,2026-02-23,24454.0
V03583,CU02306,Ather Rizta,Rizta S 2.9kWh,Family,2.9,2024,2024-10-06,44112.0
V03584,CU02306,Ather 450X,450X 3.7kWh,Performance,3.7,2024,2024-05-26,81538.0
V03585,CU02306,Ather 450X,450X 2.9kWh,Performance,2.9,2025,2025-03-28,39070.0
V03586,CU02306,Ather 450X,450X 2.9kWh,Performance,2.9,2024,2024-08-19,41403.0
V03587,CU02306,Ather Rizta,Rizta S 2.9kWh,Family,2.9,2025,2025-02-04,44441.0
V03588,CU02306,Ather Rizta,Rizta S 2.9kWh,Family,2.9,2025,2025-11-05,29568.0
V03589,CU02306,Ather Rizta,Rizta S 2.9kWh,Family,2.9,2024,2024-10-19,44850.0
V03590,CU02306,Ather 450X,450X 3.7kWh,Performance,3.7,2026,2026-06-23,6728.0
V03591,CU02306,Ather 450X,450X 3.7kWh,Performance,3.7,2023,2023-07-26,114986.0
V03592,CU02306,Ather 450X,450X 3.7kWh,Performance,3.7,2021,2021-04-27,166524.0
V03593,CU02306,Ather 450X,450X 2.9kWh,Performance,2.9,2021,2021-05-13,140415.0
V03594,CU02306,Ather Rizta,Rizta Z 3.7kWh,Family,3.7,2024,2024-08-27,64694.0
V03595,CU02306,Ather 450X,450X 3.7kWh,Performance,3.7,2026,2026-06-07,
V03596,CU02306,Ather Rizta,Rizta S 2.9kWh,Family,2.9,2025,2025-12-03,32106.0
V03597,CU02307,Ather Rizta,Rizta Z 3.7kWh,Family,3.7,2025,2025-12-29,8659.0
V03598,CU02308,Ather Rizta,Rizta Z 3.7kWh,Family,3.7,2026,2026-08-13,1025.0
V03599,CU02308,Ather Rizta,Rizta Z 3.7kWh,Family,3.7,2025,2025-08-14,12011.0
V03600,CU02309,Ather 450X,450X 3.7kWh,Performance,3.7,2020,2020-09-17,52297.0
V03601,CU02310,Ather Rizta,Rizta S 2.9kWh,Family,2.9,2024,2024-06-30,19479.0
V03602,CU02311,Ather Rizta,Rizta Z 3.7kWh,Family,3.7,2026,2026-02-16,6818.0
V03603,CU02312,Ather Rizta,Rizta Z 2.9kWh,Family,2.9,2025,2025-01-10,16515.0
V03604,CU02313,Ather 450X,450X 3.7kWh,Performance,3.7,2021,2021-09-20,120343.0
V03605,CU02313,Ather Rizta,Rizta Z 3.7kWh,Family,3.7,2025,2025-11-25,17780.0
V03606,CU02313,Ather 450X,450X 2.9kWh,Performance,2.9,2026,2026-05-21,8584.0
V03607,CU02313,Ather Rizta,Rizta S 2.9kWh,Family,2.9,2026,2026-05-10,9770.0
V03608,CU02313,Ather Rizta,Rizta S 2.9kWh,Family,2.9,2025,2025-08-12,33904.0
V03609,CU02313,Ather Rizta,Rizta Z 3.7kWh,Family,3.7,2025,2025-04-28,26164.0
V03610,CU02313,Ather 450X,450X 2.9kWh,Performance,2.9,2022,2022-08-29,199591.0
V03611,CU02313,Ather Rizta,Rizta Z 2.9kWh,Family,2.9,2024,2024-11-09,50180.0
V03612,CU02313,Ather 450X,450X 3.7kWh,Performance,3.7,2022,2022-01-28,164845.0
V03613,CU02313,Ather 450X,450X 3.7kWh,Performance,3.7,2025,2025-09-26,24356.0
V03614,CU02313,Ather 450X,450X 2.9kWh,Performance,2.9,2023,2023-10-03,44415.0
V03615,CU02313,Ather Rizta,Rizta Z 2.9kWh,Family,2.9,2025,2025-06-08,31603.0
V03616,CU02313,Ather Rizta,Rizta Z 3.7kWh,Family,3.7,2025,2025-10-05,26976.0
V03617,CU02313,Ather 450X,450X 2.9kWh,Performance,2.9,2025,2025-03-15,44538.0
V03618,CU02313,Ather 450X,450X 2.9kWh,Performance,2.9,2026,2026-06-30,5763.0
V03619,CU02313,Ather Rizta,Rizta Z 3.7kWh,Family,3.7,2024,2024-08-11,56088.0
V03620,CU02313,Ather Rizta,Rizta S 2.9kWh,Family,2.9,2024,2024-12-20,53355.0
V03621,CU02313,Ather Rizta,Rizta S 2.9kWh,Family,2.9,2025,2025-06-20,36978.0
V03622,CU02314,Ather 450 Apex,450 Apex 3.7kWh,Performance,3.7,2026,2026-03-22,4206.0
V03623,CU02315,Ather 450X,450X 3.7kWh,Performance,3.7,2025,2025-08-06,8209.0
V03624,CU02316,Ather 450X,450X 2.9kWh,Performance,2.9,2020,2020-05-15,60273.0
V03625,CU02317,Ather 450X,450X 2.9kWh,Performance,2.9,2025,2025-10-22,10806.0
V03626,CU02318,Ather Rizta,Rizta Z 3.7kWh,Family,3.7,2026,2026-04-06,6366.0
V03627,CU02319,Ather 450X,450X 2.9kWh,Performance,2.9,2025,2025-06-15,4882.0
V03628,CU02320,Ather Rizta,Rizta Z 3.7kWh,Family,3.7,2026,2026-05-14,2814.0
V03629,CU02321,Ather 450X,450X 2.9kWh,Performance,2.9,2024,2024-03-02,22767.0
V03630,CU02322,Ather Rizta,Rizta Z 3.7kWh,Family,3.7,2026,2026-02-18,5141.0
V03631,CU02323,Ather 450 Apex,450 Apex 3.7kWh,Performance,3.7,2025,2025-07-22,9156.0
V03632,CU02324,Ather 450X,450X 3.7kWh,Performance,3.7,2021,2021-08-10,33674.0
V03633,CU02325,Ather 450X,450X 3.7kWh,Performance,3.7,2022,2022-11-15,36428.0
V03634,CU02326,Ather 450X,450X 3.7kWh,Performance,3.7,2025,2025-01-10,16754.0
V03635,CU02327,Ather 450X,450X 2.9kWh,Performance,2.9,2023,2023-01-03,36436.0
V03636,CU02328,Ather 450X,450X 3.7kWh,Performance,3.7,2023,2023-10-30,37926.0
V03637,CU02329,Ather Rizta,Rizta Z 2.9kWh,Family,2.9,2024,2024-09-06,74633.0
V03638,CU02329,Ather 450X,450X 3.7kWh,Performance,3.7,2024,2024-03-25,88692.0
V03639,CU02329,Ather Rizta,Rizta S 2.9kWh,Family,2.9,2026,2026-05-26,11275.0
V03640,CU02329,Ather Rizta,Rizta S 2.9kWh,Family,2.9,2025,2025-12-24,22552.0
V03641,CU02329,Ather 450X,450X 3.7kWh,Performance,3.7,2020,2020-03-11,198966.0
V03642,CU02329,Ather Rizta,Rizta S 2.9kWh,Family,2.9,2026,2026-08-21,4418.0
V03643,CU02329,Ather 450X,450X 3.7kWh,Performance,3.7,2022,2022-08-16,78896.0
V03644,CU02329,Ather Rizta,Rizta Z 2.9kWh,Family,2.9,2024,2024-12-29,45882.0
V03645,CU02329,Ather Rizta,Rizta Z 2.9kWh,Family,2.9,2024,2024-06-28,58626.0
V03646,CU02329,Ather Rizta,Rizta S 2.9kWh,Family,2.9,2025,2025-03-14,50019.0
V03647,CU02329,Ather Rizta,Rizta Z 3.7kWh,Family,3.7,2025,2025-01-16,61281.0
V03648,CU02330,Ather 450X,450X 3.7kWh,Performance,3.7,2021,2021-04-01,47620.0
V03649,CU02331,Ather 450X,450X 3.7kWh,Performance,3.7,2024,2024-02-25,14975.0
V03650,CU02332,Ather 450X,450X 3.7kWh,Performance,3.7,2021,2021-07-24,20990.0
V03651,CU02333,Ather 450X,450X 2.9kWh,Performance,2.9,2024,2024-09-05,12062.0
V03652,CU02334,Ather Rizta,Rizta Z 2.9kWh,Family,2.9,2025,2025-08-02,11913.0
V03653,CU02335,Ather 450X,450X 3.7kWh,Performance,3.7,2021,2021-10-05,33436.0
V03654,CU02336,Ather 450X,450X 3.7kWh,Performance,3.7,2023,2023-06-04,36881.0
V03655,CU02337,Ather 450X,450X 2.9kWh,Performance,2.9,2022,2022-10-28,56462.0
V03656,CU02338,Ather 450X,450X 2.9kWh,Performance,2.9,2024,2024-10-24,8003.0
V03657,CU02339,Ather Rizta,Rizta S 2.9kWh,Family,2.9,2026,2026-03-24,4497.0
V03658,CU02340,Ather 450X,450X 2.9kWh,Performance,2.9,2022,2022-10-12,39901.0
V03659,CU02341,Ather Rizta,Rizta Z 2.9kWh,Family,2.9,2025,2025-04-16,14416.0
V03660,CU02342,Ather 450X,450X 2.9kWh,Performance,2.9,2021,2021-09-21,27027.0
V03661,CU02343,Ather Rizta,Rizta S 2.9kWh,Family,2.9,2025,2025-09-16,4614.0
V03662,CU02344,Ather Rizta,Rizta Z 3.7kWh,Family,3.7,2025,2025-06-28,10545.0
V03663,CU02345,Ather Rizta,Rizta Z 3.7kWh,Family,3.7,2026,2026-02-19,5016.0
V03664,CU02346,Ather 450X,450X 3.7kWh,Performance,3.7,2024,2024-04-24,16052.0
V03665,CU02347,Ather Rizta,Rizta Z 2.9kWh,Family,2.9,2026,2026-01-04,7543.0
V03666,CU02347,Ather 450X,450X 2.9kWh,Performance,2.9,2025,2025-01-07,19658.0
V03667,CU02348,Ather Rizta,Rizta Z 3.7kWh,Family,3.7,2026,2026-06-11,3648.0
V03668,CU02349,Ather 450 Apex,450 Apex 3.7kWh,Performance,3.7,2026,2026-09-05,531.0
V03669,CU02350,Ather 450X,450X 3.7kWh,Performance,3.7,2021,2021-03-23,27892.0
V03670,CU02351,Ather Rizta,Rizta S 2.9kWh,Family,2.9,2026,2026-08-26,1226.0
V03671,CU02352,Ather 450X,450X 3.7kWh,Performance,3.7,2024,2024-09-27,25676.0
V03672,CU02353,Ather 450X,450X 3.7kWh,Performance,3.7,2021,2021-11-04,35977.0
V03673,CU02354,Ather 450 Apex,450 Apex 3.7kWh,Performance,3.7,2026,2026-02-16,5192.0
V03674,CU02355,Ather Rizta,Rizta Z 3.7kWh,Family,3.7,2026,2026-07-02,2171.0
V03675,CU02356,Ather 450X,450X 2.9kWh,Performance,2.9,2026,2026-08-28,744.0
V03676,CU02357,Ather Rizta,Rizta S 2.9kWh,Family,2.9,2026,2026-04-15,6686.0
V03677,CU02358,Ather 450X,450X 2.9kWh,Performance,2.9,2021,2021-02-14,40482.0
V03678,CU02359,Ather Rizta,Rizta Z 3.7kWh,Family,3.7,2025,2025-08-07,13983.0
V03679,CU02360,Ather 450X,450X 2.9kWh,Performance,2.9,2026,2026-08-23,1124.0
V03680,CU02361,Ather Rizta,Rizta S 2.9kWh,Family,2.9,2024,2024-12-17,27010.0
V03681,CU02361,Ather 450X,450X 2.9kWh,Performance,2.9,2025,2025-09-18,17298.0
V03682,CU02361,Ather Rizta,Rizta S 2.9kWh,Family,2.9,2025,2025-05-26,25310.0
V03683,CU02361,Ather Rizta,Rizta Z 3.7kWh,Family,3.7,2026,2026-09-02,1140.0
V03684,CU02362,Ather 450X,450X 2.9kWh,Performance,2.9,2022,2022-12-02,37870.0
V03685,CU02363,Ather Rizta,Rizta S 2.9kWh,Family,2.9,2025,2025-12-21,4800.0
V03686,CU02364,Ather 450 Apex,450 Apex 3.7kWh,Performance,3.7,2026,2026-07-24,1717.0
V03687,CU02365,Ather 450X,450X 3.7kWh,Performance,3.7,2021,2021-04-27,53411.0
V03688,CU02365,Ather Rizta,Rizta Z 3.7kWh,Family,3.7,2026,2026-04-30,1722.0
V03689,CU02366,Ather 450X,450X 3.7kWh,Performance,3.7,2020,2020-12-16,35349.0
V03690,CU02367,Ather 450X,450X 2.9kWh,Performance,2.9,2022,2022-08-25,48256.0
V03691,CU02368,Ather 450X,450X 3.7kWh,Performance,3.7,2020,2020-04-18,80590.0
V03692,CU02369,Ather 450X,450X 3.7kWh,Performance,3.7,2021,2021-11-15,50281.0
V03693,CU02370,Ather 450 Apex,450 Apex 3.7kWh,Performance,3.7,2026,2026-09-09,673.0
V03694,CU02371,Ather Rizta,Rizta S 2.9kWh,Family,2.9,2025,2025-06-04,7681.0
V03695,CU02372,Ather Rizta,Rizta Z 2.9kWh,Family,2.9,2025,2025-06-13,17085.0
V03696,CU02373,Ather 450X,450X 2.9kWh,Performance,2.9,2022,2022-06-19,36103.0
V03697,CU02374,Ather 450X,450X 2.9kWh,Performance,2.9,2022,2022-02-02,37072.0
V03698,CU02375,Ather 450X,450X 3.7kWh,Performance,3.7,2024,2024-09-15,16568.0
V03699,CU02376,Ather 450X,450X 2.9kWh,Performance,2.9,2020,2020-09-27,83179.0
V03700,CU02377,Ather Rizta,Rizta Z 2.9kWh,Family,2.9,2025,2025-09-13,9161.0
V03701,CU02378,Ather 450X,450X 2.9kWh,Performance,2.9,2022,2022-10-09,45433.0
V03702,CU02379,Ather 450 Apex,450 Apex 3.7kWh,Performance,3.7,2024,2024-10-15,23675.0
V03703,CU02380,Ather Rizta,Rizta S 2.9kWh,Family,2.9,2026,2026-07-14,5448.0
V03704,CU02380,Ather Rizta,Rizta Z 3.7kWh,Family,3.7,2025,2025-02-17,33881.0
V03705,CU02380,Ather Rizta,Rizta S 2.9kWh,Family,2.9,2026,2026-02-26,13823.0
V03706,CU02380,Ather Rizta,Rizta Z 2.9kWh,Family,2.9,2026,2026-07-15,7912.0
V03707,CU02380,Ather 450X,450X 2.9kWh,Performance,2.9,2023,2023-03-15,126396.0
V03708,CU02381,Ather 450X,450X 3.7kWh,Performance,3.7,2020,2020-10-18,63142.0
V03709,CU02382,Ather 450 Apex,450 Apex 3.7kWh,Performance,3.7,2026,2026-02-20,6106.0
V03710,CU02383,Ather 450X,450X 3.7kWh,Performance,3.7,2024,2024-04-16,16551.0
V03711,CU02384,Ather 450X,450X 2.9kWh,Performance,2.9,2024,2024-07-12,6480.0
V03712,CU02385,Ather Rizta,Rizta S 2.9kWh,Family,2.9,2025,2025-11-24,13644.0
V03713,CU02385,Ather Rizta,Rizta S 2.9kWh,Family,2.9,2026,2026-04-29,9160.0
V03714,CU02386,Ather 450 Apex,450 Apex 3.7kWh,Performance,3.7,2025,2025-03-06,18435.0
V03715,CU02387,Ather 450 Apex,450 Apex 3.7kWh,Performance,3.7,2026,2026-05-15,4720.0
V03716,CU02388,Ather 450X,450X 3.7kWh,Performance,3.7,2025,2025-05-19,19952.0
V03717,CU02388,Ather 450X,450X 2.9kWh,Performance,2.9,2025,2025-07-27,16612.0
V03718,CU02388,Ather Rizta,Rizta Z 3.7kWh,Family,3.7,2025,2025-09-22,10647.0
V03719,CU02388,Ather 450X,450X 2.9kWh,Performance,2.9,2022,2022-11-14,50856.0
V03720,CU02389,Ather 450X,450X 2.9kWh,Performance,2.9,2025,2025-01-04,5072.0
V03721,CU02390,Ather 450X,450X 3.7kWh,Performance,3.7,2024,2024-02-09,21250.0
V03722,CU02391,Ather 450X,450X 2.9kWh,Performance,2.9,2021,2021-09-27,32496.0
V03723,CU02392,Ather Rizta,Rizta S 2.9kWh,Family,2.9,2026,2026-02-06,6212.0
V03724,CU02393,Ather 450X,450X 3.7kWh,Performance,3.7,2023,2023-11-19,
V03725,CU02394,Ather Rizta,Rizta S 2.9kWh,Family,2.9,2026,2026-05-27,2616.0
V03726,CU02395,Ather 450X,450X 2.9kWh,Performance,2.9,2024,2024-02-15,15401.0
V03727,CU02396,Ather 450X,450X 3.7kWh,Performance,3.7,2024,2024-04-30,32860.0
V03728,CU02397,Ather 450 Apex,450 Apex 3.7kWh,Performance,3.7,2025,2025-04-16,14089.0
V03729,CU02398,Ather Rizta,Rizta Z 2.9kWh,Family,2.9,2025,2025-09-24,14433.0
V03730,CU02399,Ather 450X,450X 2.9kWh,Performance,2.9,2021,2021-05-15,47914.0
V03731,CU02400,Ather 450X,450X 2.9kWh,Performance,2.9,2021,2021-11-12,58074.0
V03732,CU02401,Ather Rizta,Rizta Z 3.7kWh,Family,3.7,2025,2025-07-20,10592.0
V03733,CU02402,Ather 450 Apex,450 Apex 3.7kWh,Performance,3.7,2025,2025-12-14,7549.0
V03734,CU02403,Ather Rizta,Rizta Z 2.9kWh,Family,2.9,2025,2025-12-03,8415.0
V03735,CU02404,Ather Rizta,Rizta S 2.9kWh,Family,2.9,2025,2025-09-21,10249.0
V03736,CU02405,Ather Rizta,Rizta S 2.9kWh,Family,2.9,2024,2024-10-25,27106.0
V03737,CU02406,Ather Rizta,Rizta Z 2.9kWh,Family,2.9,2026,2026-04-04,3116.0
V03738,CU02407,Ather Rizta,Rizta S 2.9kWh,Family,2.9,2026,2026-01-31,6178.0
V03739,CU02408,Ather Rizta,Rizta Z 3.7kWh,Family,3.7,2026,2026-04-27,2875.0
V03740,CU02409,Ather Rizta,Rizta S 2.9kWh,Family,2.9,2025,2025-07-21,11726.0
V03741,CU02410,Ather 450X,450X 3.7kWh,Performance,3.7,2020,2020-06-20,58307.0
V03742,CU02411,Ather Rizta,Rizta Z 3.7kWh,Family,3.7,2025,2025-09-15,8416.0
V03743,CU02412,Ather Rizta,Rizta S 2.9kWh,Family,2.9,2025,2025-12-31,9048.0
V03744,CU02413,Ather 450X,450X 3.7kWh,Performance,3.7,2024,2024-11-09,8776.0
V03745,CU02414,Ather Rizta,Rizta S 2.9kWh,Family,2.9,2025,2025-12-07,6531.0
V03746,CU02415,Ather 450X,450X 3.7kWh,Performance,3.7,2025,2025-06-21,17212.0
V03747,CU02416,Ather 450 Apex,450 Apex 3.7kWh,Performance,3.7,2024,2024-03-20,28745.0
V03748,CU02417,Ather Rizta,Rizta S 2.9kWh,Family,2.9,2025,2025-11-26,10936.0
V03749,CU02418,Ather Rizta,Rizta Z 3.7kWh,Family,3.7,2024,2024-08-21,27920.0
V03750,CU02419,Ather Rizta,Rizta S 2.9kWh,Family,2.9,2025,2025-10-03,7029.0
V03751,CU02420,Ather 450 Apex,450 Apex 3.7kWh,Performance,3.7,2026,2026-02-23,4991.0
V03752,CU02421,Ather Rizta,Rizta Z 3.7kWh,Family,3.7,2025,2025-06-27,7965.0
V03753,CU02422,Ather 450X,450X 3.7kWh,Performance,3.7,2022,2022-09-14,45169.0
V03754,CU02423,Ather 450 Apex,450 Apex 3.7kWh,Performance,3.7,2026,2026-07-05,1686.0
V03755,CU02424,Ather 450X,450X 3.7kWh,Performance,3.7,2022,2022-08-16,34257.0
V03756,CU02425,Ather 450X,450X 2.9kWh,Performance,2.9,2022,2022-02-10,26737.0
V03757,CU02426,Ather Rizta,Rizta S 2.9kWh,Family,2.9,2026,2026-03-19,5208.0
V03758,CU02427,Ather 450X,450X 3.7kWh,Performance,3.7,2022,2022-09-08,47572.0
V03759,CU02428,Ather 450 Apex,450 Apex 3.7kWh,Performance,3.7,2026,2026-08-25,880.0
V03760,CU02429,Ather 450X,450X 2.9kWh,Performance,2.9,2025,2025-05-24,9197.0
V03761,CU02430,Ather Rizta,Rizta Z 3.7kWh,Family,3.7,2024,2024-09-30,20181.0
V03762,CU02431,Ather 450X,450X 3.7kWh,Performance,3.7,2023,2023-01-13,27011.0
V03763,CU02432,Ather Rizta,Rizta Z 3.7kWh,Family,3.7,2024,2024-06-16,26452.0
V03764,CU02433,Ather Rizta,Rizta Z 3.7kWh,Family,3.7,2025,2025-09-13,12047.0
V03765,CU02434,Ather 450X,450X 2.9kWh,Performance,2.9,2021,2021-09-05,62673.0
V03766,CU02435,Ather 450 Apex,450 Apex 3.7kWh,Performance,3.7,2025,2025-08-22,15254.0
V03767,CU02436,Ather 450X,450X 2.9kWh,Performance,2.9,2021,2021-09-20,29552.0
V03768,CU02437,Ather 450 Apex,450 Apex 3.7kWh,Performance,3.7,2026,2026-08-15,1665.0
V03769,CU02438,Ather 450 Apex,450 Apex 3.7kWh,Performance,3.7,2024,2024-05-27,31409.0
V03770,CU02439,Ather Rizta,Rizta Z 2.9kWh,Family,2.9,2025,2025-08-18,6456.0
V03771,CU02440,Ather 450X,450X 3.7kWh,Performance,3.7,2026,2026-03-30,4151.0
V03772,CU02440,Ather 450X,450X 3.7kWh,Performance,3.7,2021,2021-03-08,47509.0
V03773,CU02441,Ather 450 Apex,450 Apex 3.7kWh,Performance,3.7,2024,2024-08-02,19256.0
V03774,CU02442,Ather Rizta,Rizta Z 2.9kWh,Family,2.9,2024,2024-08-07,20348.0
V03775,CU02443,Ather 450X,450X 2.9kWh,Performance,2.9,2025,2025-04-01,16605.0
V03776,CU02444,Ather 450 Apex,450 Apex 3.7kWh,Performance,3.7,2025,2025-01-13,13347.0
V03777,CU02445,Ather 450X,450X 2.9kWh,Performance,2.9,2025,2025-11-27,13347.0
V03778,CU02445,Ather 450X,450X 3.7kWh,Performance,3.7,2022,2022-11-02,38880.0
V03779,CU02445,Ather 450X,450X 2.9kWh,Performance,2.9,2025,2025-01-04,21720.0
V03780,CU02445,Ather Rizta,Rizta Z 2.9kWh,Family,2.9,2025,2025-08-22,18997.0
V03781,CU02445,Ather Rizta,Rizta Z 3.7kWh,Family,3.7,2025,2025-12-04,11750.0
V03782,CU02445,Ather Rizta,Rizta Z 3.7kWh,Family,3.7,2026,2026-02-01,6031.0
V03783,CU02446,Ather Rizta,Rizta Z 3.7kWh,Family,3.7,2024,2024-11-25,18199.0
V03784,CU02447,Ather 450X,450X 3.7kWh,Performance,3.7,2023,2023-02-19,30764.0
V03785,CU02448,Ather 450 Apex,450 Apex 3.7kWh,Performance,3.7,2024,2024-12-20,21756.0
V03786,CU02449,Ather Rizta,Rizta Z 2.9kWh,Family,2.9,2024,2024-09-07,20300.0
V03787,CU02450,Ather 450X,450X 2.9kWh,Performance,2.9,2022,2022-09-22,26162.0
V03788,CU02451,Ather Rizta,Rizta Z 2.9kWh,Family,2.9,2026,2026-02-06,8827.0
V03789,CU02451,Ather 450X,450X 3.7kWh,Performance,3.7,2025,2025-05-29,15559.0
V03790,CU02452,Ather 450X,450X 3.7kWh,Performance,3.7,2021,2021-03-13,67083.0
V03791,CU02453,Ather Rizta,Rizta Z 2.9kWh,Family,2.9,2025,2025-08-28,6256.0
V03792,CU02454,Ather Rizta,Rizta S 2.9kWh,Family,2.9,2026,2026-05-08,3901.0
V03793,CU02455,Ather 450X,450X 3.7kWh,Performance,3.7,2024,2024-10-15,15890.0
V03794,CU02456,Ather 450X,450X 2.9kWh,Performance,2.9,2021,2021-02-06,46162.0
V03795,CU02457,Ather 450X,450X 2.9kWh,Performance,2.9,2024,2024-03-08,18493.0
V03796,CU02458,Ather 450X,450X 3.7kWh,Performance,3.7,2021,2021-06-24,64173.0
V03797,CU02458,Ather Rizta,Rizta Z 2.9kWh,Family,2.9,2025,2025-05-12,13252.0
V03798,CU02459,Ather Rizta,Rizta S 2.9kWh,Family,2.9,2025,2025-08-11,5936.0
V03799,CU02460,Ather Rizta,Rizta Z 3.7kWh,Family,3.7,2024,2024-10-14,22776.0
V03800,CU02461,Ather Rizta,Rizta Z 2.9kWh,Family,2.9,2025,2025-10-26,10292.0
V03801,CU02462,Ather Rizta,Rizta S 2.9kWh,Family,2.9,2024,2024-07-01,15528.0
V03802,CU02463,Ather 450 Apex,450 Apex 3.7kWh,Performance,3.7,2026,2026-07-08,2523.0
V03803,CU02464,Ather 450X,450X 2.9kWh,Performance,2.9,2024,2024-09-30,17029.0
V03804,CU02465,Ather 450X,450X 2.9kWh,Performance,2.9,2024,2024-04-05,30080.0
V03805,CU02466,Ather 450X,450X 3.7kWh,Performance,3.7,2023,2023-01-09,38340.0
V03806,CU02467,Ather Rizta,Rizta S 2.9kWh,Family,2.9,2026,2026-07-12,1761.0
V03807,CU02468,Ather Rizta,Rizta S 2.9kWh,Family,2.9,2025,2025-10-06,14125.0
V03808,CU02469,Ather Rizta,Rizta S 2.9kWh,Family,2.9,2025,2025-12-02,7342.0
V03809,CU02470,Ather 450X,450X 3.7kWh,Performance,3.7,2022,2022-07-24,47789.0
V03810,CU02471,Ather 450X,450X 2.9kWh,Performance,2.9,2025,2025-09-15,13935.0
V03811,CU02472,Ather 450 Apex,450 Apex 3.7kWh,Performance,3.7,2024,2024-06-04,24244.0
V03812,CU02473,Ather Rizta,Rizta Z 2.9kWh,Family,2.9,2025,2025-06-08,13571.0
V03813,CU02474,Ather Rizta,Rizta S 2.9kWh,Family,2.9,2025,2025-12-03,3614.0
V03814,CU02475,Ather 450X,450X 3.7kWh,Performance,3.7,2020,2020-09-21,56304.0
V03815,CU02476,Ather 450X,450X 2.9kWh,Performance,2.9,2026,2026-01-08,7387.0
V03816,CU02477,Ather Rizta,Rizta S 2.9kWh,Family,2.9,2025,2025-06-13,15226.0
V03817,CU02478,Ather Rizta,Rizta S 2.9kWh,Family,2.9,2026,2026-03-04,6001.0
V03818,CU02479,Ather Rizta,Rizta S 2.9kWh,Family,2.9,2025,2025-10-02,9517.0
V03819,CU02480,Ather Rizta,Rizta Z 3.7kWh,Family,3.7,2024,2024-09-10,24105.0
V03820,CU02481,Ather 450X,450X 3.7kWh,Performance,3.7,2025,2025-07-16,15232.0
V03821,CU02482,Ather Rizta,Rizta S 2.9kWh,Family,2.9,2026,2026-01-29,7078.0
V03822,CU02483,Ather Rizta,Rizta S 2.9kWh,Family,2.9,2024,2024-08-26,31526.0
V03823,CU02483,Ather 450X,450X 3.7kWh,Performance,3.7,2026,2026-01-24,12412.0
V03824,CU02483,Ather Rizta,Rizta S 2.9kWh,Family,2.9,2026,2026-06-01,5679.0
V03825,CU02483,Ather 450X,450X 3.7kWh,Performance,3.7,2024,2024-01-04,28316.0
V03826,CU02483,Ather Rizta,Rizta Z 3.7kWh,Family,3.7,2026,2026-03-14,9653.0
V03827,CU02484,Ather Rizta,Rizta Z 3.7kWh,Family,3.7,2025,2025-01-10,17845.0
V03828,CU02485,Ather 450X,450X 3.7kWh,Performance,3.7,2022,2022-01-31,56476.0
V03829,CU02486,Ather Rizta,Rizta Z 2.9kWh,Family,2.9,2024,2024-08-28,15872.0
V03830,CU02487,Ather Rizta,Rizta Z 2.9kWh,Family,2.9,2026,2026-05-16,3555.0
V03831,CU02488,Ather 450X,450X 2.9kWh,Performance,2.9,2022,2022-11-08,54369.0
V03832,CU02488,Ather Rizta,Rizta Z 3.7kWh,Family,3.7,2026,2026-06-07,2449.0
V03833,CU02489,Ather Rizta,Rizta S 2.9kWh,Family,2.9,2024,2024-10-28,60032.0
V03834,CU02489,Ather Rizta,Rizta Z 3.7kWh,Family,3.7,2025,2025-01-13,49702.0
V03835,CU02489,Ather 450X,450X 2.9kWh,Performance,2.9,2022,2022-11-16,120075.0
V03836,CU02489,Ather 450X,450X 3.7kWh,Performance,3.7,2021,2021-03-27,164430.0
V03837,CU02489,Ather 450X,450X 2.9kWh,Performance,2.9,2024,2024-07-06,64456.0
V03838,CU02489,Ather Rizta,Rizta Z 2.9kWh,Family,2.9,2025,2025-07-29,20360.0
V03839,CU02489,Ather 450X,450X 3.7kWh,Performance,3.7,2022,2022-12-09,86902.0
V03840,CU02489,Ather 450X,450X 2.9kWh,Performance,2.9,2026,2026-05-13,13594.0
V03841,CU02489,Ather Rizta,Rizta Z 3.7kWh,Family,3.7,2026,2026-06-01,10661.0
V03842,CU02489,Ather Rizta,Rizta Z 3.7kWh,Family,3.7,2024,2024-08-04,75993.0
V03843,CU02489,Ather 450X,450X 3.7kWh,Performance,3.7,2026,2026-05-01,7328.0
V03844,CU02490,Ather Rizta,Rizta Z 2.9kWh,Family,2.9,2025,2025-11-08,32085.0
V03845,CU02490,Ather 450X,450X 2.9kWh,Performance,2.9,2026,2026-08-30,2524.0
V03846,CU02490,Ather 450X,450X 3.7kWh,Performance,3.7,2026,2026-01-23,19300.0
V03847,CU02490,Ather 450X,450X 2.9kWh,Performance,2.9,2022,2022-11-23,111247.0
V03848,CU02490,Ather 450X,450X 3.7kWh,Performance,3.7,2022,2022-03-06,123772.0
V03849,CU02490,Ather Rizta,Rizta Z 2.9kWh,Family,2.9,2024,2024-11-20,53775.0
V03850,CU02490,Ather Rizta,Rizta Z 3.7kWh,Family,3.7,2025,2025-02-22,
V03851,CU02490,Ather 450X,450X 2.9kWh,Performance,2.9,2026,2026-06-19,7445.0
V03852,CU02490,Ather 450X,450X 2.9kWh,Performance,2.9,2020,2020-10-13,190754.0
V03853,CU02490,Ather 450X,450X 2.9kWh,Performance,2.9,2026,2026-08-02,3856.0
V03854,CU02490,Ather Rizta,Rizta Z 2.9kWh,Family,2.9,2025,2025-03-26,45526.0
V03855,CU02491,Ather Rizta,Rizta S 2.9kWh,Family,2.9,2026,2026-07-02,1505.0
V03856,CU02492,Ather 450 Apex,450 Apex 3.7kWh,Performance,3.7,2024,2024-05-04,32630.0
V03857,CU02493,Ather Rizta,Rizta S 2.9kWh,Family,2.9,2024,2024-10-06,8312.0
V03858,CU02494,Ather 450X,450X 3.7kWh,Performance,3.7,2023,2023-07-15,30379.0
V03859,CU02495,Ather 450X,450X 3.7kWh,Performance,3.7,2023,2023-01-28,34203.0
V03860,CU02496,Ather 450X,450X 3.7kWh,Performance,3.7,2020,2020-05-05,69796.0
V03861,CU02496,Ather 450X,450X 3.7kWh,Performance,3.7,2025,2025-02-28,10732.0
V03862,CU02497,Ather Rizta,Rizta S 2.9kWh,Family,2.9,2026,2026-08-26,579.0
V03863,CU02498,Ather Rizta,Rizta Z 3.7kWh,Family,3.7,2026,2026-05-04,3096.0
V03864,CU02498,Ather 450 Apex,450 Apex 3.7kWh,Performance,3.7,2026,2026-04-23,4653.0
V03865,CU02499,Ather 450X,450X 2.9kWh,Performance,2.9,2021,2021-11-13,45148.0
V03866,CU02500,Ather 450 Apex,450 Apex 3.7kWh,Performance,3.7,2025,2025-11-05,8279.0
V03867,CU02501,Ather 450 Apex,450 Apex 3.7kWh,Performance,3.7,2025,2025-05-19,14460.0
V03868,CU02502,Ather 450X,450X 2.9kWh,Performance,2.9,2021,2021-09-21,57681.0
V03869,CU02503,Ather Rizta,Rizta Z 2.9kWh,Family,2.9,2026,2026-08-26,1285.0
V03870,CU02504,Ather Rizta,Rizta Z 2.9kWh,Family,2.9,2026,2026-01-10,6015.0
V03871,CU02505,Ather Rizta,Rizta Z 2.9kWh,Family,2.9,2025,2025-09-22,9197.0
V03872,CU02506,Ather 450X,450X 3.7kWh,Performance,3.7,2024,2024-01-07,88254.0
V03873,CU02506,Ather 450X,450X 3.7kWh,Performance,3.7,2025,2025-12-20,28091.0
V03874,CU02506,Ather 450X,450X 2.9kWh,Performance,2.9,2020,2020-03-22,203670.0
V03875,CU02506,Ather 450X,450X 2.9kWh,Performance,2.9,2024,2024-10-08,53032.0
V03876,CU02506,Ather 450X,450X 3.7kWh,Performance,3.7,2022,2022-04-20,172536.0
V03877,CU02506,Ather 450X,450X 2.9kWh,Performance,2.9,2021,2021-01-04,153682.0
V03878,CU02506,Ather 450X,450X 3.7kWh,Performance,3.7,2020,2020-07-08,164568.0
V03879,CU02506,Ather Rizta,Rizta Z 3.7kWh,Family,3.7,2025,2025-09-25,34337.0
V03880,CU02506,Ather Rizta,Rizta S 2.9kWh,Family,2.9,2026,2026-05-31,10622.0
V03881,CU02506,Ather 450X,450X 2.9kWh,Performance,2.9,2026,2026-02-03,24715.0
V03882,CU02506,Ather Rizta,Rizta Z 3.7kWh,Family,3.7,2025,2025-05-26,40189.0
V03883,CU02506,Ather 450X,450X 3.7kWh,Performance,3.7,2021,2021-12-11,152017.0
V03884,CU02506,Ather Rizta,Rizta Z 3.7kWh,Family,3.7,2025,2025-10-14,17027.0
V03885,CU02506,Ather Rizta,Rizta Z 3.7kWh,Family,3.7,2025,2025-12-31,19730.0
V03886,CU02506,Ather 450X,450X 3.7kWh,Performance,3.7,2024,2024-01-11,76246.0
V03887,CU02506,Ather 450X,450X 2.9kWh,Performance,2.9,2022,2022-10-28,128729.0
V03888,CU02506,Ather 450X,450X 2.9kWh,Performance,2.9,2022,2022-04-15,172355.0
V03889,CU02506,Ather 450X,450X 2.9kWh,Performance,2.9,2022,2022-11-24,135856.0
V03890,CU02507,Ather 450X,450X 3.7kWh,Performance,3.7,2025,2025-04-30,14051.0
V03891,CU02508,Ather Rizta,Rizta Z 3.7kWh,Family,3.7,2025,2025-02-19,21873.0
V03892,CU02509,Ather Rizta,Rizta Z 2.9kWh,Family,2.9,2025,2025-01-11,11553.0
V03893,CU02510,Ather 450 Apex,450 Apex 3.7kWh,Performance,3.7,2024,2024-08-22,17358.0
V03894,CU02511,Ather 450 Apex,450 Apex 3.7kWh,Performance,3.7,2025,2025-10-01,7759.0
V03895,CU02512,Ather Rizta,Rizta Z 2.9kWh,Family,2.9,2024,2024-10-04,24499.0
V03896,CU02513,Ather Rizta,Rizta Z 2.9kWh,Family,2.9,2024,2024-10-11,28760.0
V03897,CU02513,Ather 450X,450X 2.9kWh,Performance,2.9,2023,2023-07-12,128899.0
V03898,CU02513,Ather 450X,450X 2.9kWh,Performance,2.9,2021,2021-03-18,168913.0
V03899,CU02513,Ather Rizta,Rizta S 2.9kWh,Family,2.9,2026,2026-02-02,15343.0
V03900,CU02514,Ather Rizta,Rizta Z 3.7kWh,Family,3.7,2026,2026-03-21,2360.0
V03901,CU02515,Ather Rizta,Rizta Z 3.7kWh,Family,3.7,2025,2025-01-23,25288.0
V03902,CU02516,Ather 450X,450X 3.7kWh,Performance,3.7,2022,2022-01-05,43883.0
V03903,CU02517,Ather 450X,450X 3.7kWh,Performance,3.7,2026,2026-04-07,1408.0
V03904,CU02518,Ather Rizta,Rizta S 2.9kWh,Family,2.9,2025,2025-08-03,10844.0
V03905,CU02519,Ather Rizta,Rizta Z 3.7kWh,Family,3.7,2025,2025-06-21,49239.0
V03906,CU02519,Ather Rizta,Rizta Z 2.9kWh,Family,2.9,2025,2025-01-23,47687.0
V03907,CU02519,Ather 450X,450X 3.7kWh,Performance,3.7,2022,2022-06-23,182627.0
V03908,CU02519,Ather Rizta,Rizta Z 3.7kWh,Family,3.7,2024,2024-11-03,65614.0
V03909,CU02519,Ather 450X,450X 3.7kWh,Performance,3.7,2025,2025-02-19,51675.0
V03910,CU02519,Ather Rizta,Rizta Z 3.7kWh,Family,3.7,2024,2024-10-08,57707.0
V03911,CU02519,Ather Rizta,Rizta Z 2.9kWh,Family,2.9,2025,2025-07-12,24346.0
V03912,CU02519,Ather 450X,450X 2.9kWh,Performance,2.9,2025,2025-05-27,33345.0
V03913,CU02520,Ather 450 Apex,450 Apex 3.7kWh,Performance,3.7,2024,2024-07-31,18658.0
V03914,CU02521,Ather Rizta,Rizta S 2.9kWh,Family,2.9,2026,2026-05-24,2087.0
V03915,CU02522,Ather 450X,450X 3.7kWh,Performance,3.7,2021,2021-09-17,50489.0
V03916,CU02523,Ather 450 Apex,450 Apex 3.7kWh,Performance,3.7,2025,2025-11-08,6104.0
V03917,CU02524,Ather Rizta,Rizta Z 2.9kWh,Family,2.9,2024,2024-06-05,21952.0
V03918,CU02525,Ather 450X,450X 3.7kWh,Performance,3.7,2020,2020-10-09,72089.0
V03919,CU02526,Ather Rizta,Rizta S 2.9kWh,Family,2.9,2025,2025-03-26,12031.0
V03920,CU02527,Ather 450X,450X 3.7kWh,Performance,3.7,2026,2026-08-31,1100.0
V03921,CU02528,Ather 450X,450X 3.7kWh,Performance,3.7,2022,2022-01-25,55607.0
V03922,CU02529,Ather 450X,450X 2.9kWh,Performance,2.9,2020,2020-01-26,83528.0
V03923,CU02529,Ather 450X,450X 3.7kWh,Performance,3.7,2022,2022-04-27,60254.0
V03924,CU02530,Ather 450X,450X 2.9kWh,Performance,2.9,2023,2023-01-02,144541.0
V03925,CU02530,Ather 450X,450X 2.9kWh,Performance,2.9,2021,2021-04-10,128445.0
V03926,CU02530,Ather 450X,450X 3.7kWh,Performance,3.7,2020,2020-08-18,197560.0
V03927,CU02530,Ather Rizta,Rizta Z 2.9kWh,Family,2.9,2025,2025-03-19,50223.0
V03928,CU02530,Ather 450X,450X 3.7kWh,Performance,3.7,2024,2024-09-20,38612.0
V03929,CU02530,Ather 450X,450X 2.9kWh,Performance,2.9,2025,2025-10-01,31810.0
V03930,CU02530,Ather 450X,450X 2.9kWh,Performance,2.9,2022,2022-06-21,111220.0
V03931,CU02530,Ather Rizta,Rizta Z 2.9kWh,Family,2.9,2024,2024-08-09,45029.0
V03932,CU02530,Ather Rizta,Rizta Z 3.7kWh,Family,3.7,2026,2026-07-05,4089.0
V03933,CU02530,Ather 450X,450X 3.7kWh,Performance,3.7,2025,2025-11-25,28663.0
V03934,CU02531,Ather 450X,450X 2.9kWh,Performance,2.9,2025,2025-05-28,11858.0
V03935,CU02532,Ather 450 Apex,450 Apex 3.7kWh,Performance,3.7,2024,2024-10-27,18944.0
V03936,CU02533,Ather 450X,450X 2.9kWh,Performance,2.9,2023,2023-10-21,33004.0
V03937,CU02534,Ather 450X,450X 2.9kWh,Performance,2.9,2020,2020-12-04,61494.0
V03938,CU02534,Ather 450X,450X 3.7kWh,Performance,3.7,2026,2026-01-22,8186.0
V03939,CU02534,Ather 450X,450X 3.7kWh,Performance,3.7,2026,2026-05-29,4306.0
V03940,CU02535,Ather 450 Apex,450 Apex 3.7kWh,Performance,3.7,2025,2025-09-04,11615.0
V03941,CU02536,Ather 450 Apex,450 Apex 3.7kWh,Performance,3.7,2025,2025-08-07,12448.0
V03942,CU02537,Ather 450X,450X 3.7kWh,Performance,3.7,2026,2026-05-28,2008.0
V03943,CU02537,Ather Rizta,Rizta S 2.9kWh,Family,2.9,2024,2024-08-05,22223.0
V03944,CU02538,Ather 450 Apex,450 Apex 3.7kWh,Performance,3.7,2025,2025-04-23,14867.0
V03945,CU02539,Ather Rizta,Rizta Z 2.9kWh,Family,2.9,2024,2024-06-19,23414.0
V03946,CU02540,Ather Rizta,Rizta Z 2.9kWh,Family,2.9,2025,2025-05-04,14208.0
V03947,CU02541,Ather Rizta,Rizta S 2.9kWh,Family,2.9,2025,2025-05-17,15260.0
V03948,CU02542,Ather Rizta,Rizta Z 3.7kWh,Family,3.7,2024,2024-11-07,20794.0
V03949,CU02543,Ather Rizta,Rizta Z 3.7kWh,Family,3.7,2026,2026-03-24,5126.0
V03950,CU02544,Ather Rizta,Rizta Z 2.9kWh,Family,2.9,2024,2024-10-17,11437.0
V03951,CU02545,Ather 450X,450X 3.7kWh,Performance,3.7,2024,2024-03-31,21015.0
V03952,CU02546,Ather 450X,450X 3.7kWh,Performance,3.7,2026,2026-08-27,1520.0
V03953,CU02547,Ather Rizta,Rizta Z 2.9kWh,Family,2.9,2024,2024-11-14,15019.0
V03954,CU02548,Ather 450 Apex,450 Apex 3.7kWh,Performance,3.7,2026,2026-08-22,1218.0
V03955,CU02549,Ather 450 Apex,450 Apex 3.7kWh,Performance,3.7,2024,2024-03-16,22880.0
V03956,CU02550,Ather 450X,450X 2.9kWh,Performance,2.9,2024,2024-10-06,20900.0
V03957,CU02550,Ather Rizta,Rizta S 2.9kWh,Family,2.9,2026,2026-05-31,3572.0
V03958,CU02551,Ather Rizta,Rizta Z 2.9kWh,Family,2.9,2025,2025-11-07,7786.0
V03959,CU02552,Ather Rizta,Rizta Z 3.7kWh,Family,3.7,2025,2025-09-03,9268.0
V03960,CU02553,Ather Rizta,Rizta Z 3.7kWh,Family,3.7,2025,2025-08-24,13098.0
V03961,CU02554,Ather Rizta,Rizta Z 3.7kWh,Family,3.7,2026,2026-05-10,4158.0
V03962,CU02555,Ather 450X,450X 2.9kWh,Performance,2.9,2020,2020-11-23,30342.0
V03963,CU02556,Ather 450X,450X 3.7kWh,Performance,3.7,2026,2026-05-24,2925.0
V03964,CU02557,Ather Rizta,Rizta Z 3.7kWh,Family,3.7,2026,2026-01-25,8160.0
V03965,CU02558,Ather 450X,450X 2.9kWh,Performance,2.9,2020,2020-05-02,34013.0
V03966,CU02559,Ather Rizta,Rizta S 2.9kWh,Family,2.9,2024,2024-10-21,25479.0
V03967,CU02560,Ather Rizta,Rizta S 2.9kWh,Family,2.9,2026,2026-04-06,5759.0
V03968,CU02561,Ather 450X,450X 2.9kWh,Performance,2.9,2020,2020-10-19,56665.0
V03969,CU02562,Ather 450 Apex,450 Apex 3.7kWh,Performance,3.7,2026,2026-07-21,1724.0
V03970,CU02563,Ather 450X,450X 2.9kWh,Performance,2.9,2026,2026-01-18,6714.0
V03971,CU02564,Ather 450 Apex,450 Apex 3.7kWh,Performance,3.7,2025,2025-09-02,8881.0
V03972,CU02565,Ather 450 Apex,450 Apex 3.7kWh,Performance,3.7,2026,2026-01-08,6926.0
V03973,CU02566,Ather 450X,450X 3.7kWh,Performance,3.7,2020,2020-08-05,62224.0
V03974,CU02567,Ather 450X,450X 3.7kWh,Performance,3.7,2025,2025-06-05,9842.0
V03975,CU02568,Ather Rizta,Rizta S 2.9kWh,Family,2.9,2024,2024-06-26,11713.0
V03976,CU02569,Ather Rizta,Rizta Z 2.9kWh,Family,2.9,2025,2025-03-18,7504.0
V03977,CU02570,Ather Rizta,Rizta S 2.9kWh,Family,2.9,2026,2026-03-28,7545.0
V03978,CU02571,Ather 450X,450X 2.9kWh,Performance,2.9,2026,2026-01-23,8645.0
V03979,CU02572,Ather 450 Apex,450 Apex 3.7kWh,Performance,3.7,2026,2026-01-29,3682.0
V03980,CU02573,Ather Rizta,Rizta S 2.9kWh,Family,2.9,2025,2025-08-31,8871.0
V03981,CU02574,Ather 450X,450X 2.9kWh,Performance,2.9,2020,2020-10-12,45163.0
V03982,CU02575,Ather Rizta,Rizta Z 3.7kWh,Family,3.7,2025,2025-08-30,21018.0
V03983,CU02575,Ather 450X,450X 3.7kWh,Performance,3.7,2026,2026-04-08,4697.0
V03984,CU02575,Ather Rizta,Rizta Z 2.9kWh,Family,2.9,2025,2025-08-13,15075.0
V03985,CU02576,Ather 450X,450X 3.7kWh,Performance,3.7,2026,2026-04-07,5487.0
V03986,CU02577,Ather 450X,450X 3.7kWh,Performance,3.7,2023,2023-09-22,
V03987,CU02578,Ather Rizta,Rizta Z 2.9kWh,Family,2.9,2026,2026-05-15,6167.0
V03988,CU02578,Ather Rizta,Rizta Z 2.9kWh,Family,2.9,2025,2025-05-30,27647.0
V03989,CU02579,Ather Rizta,Rizta S 2.9kWh,Family,2.9,2026,2026-07-30,1669.0
V03990,CU02580,Ather 450X,450X 2.9kWh,Performance,2.9,2020,2020-11-30,64376.0
V03991,CU02581,Ather Rizta,Rizta Z 2.9kWh,Family,2.9,2024,2024-07-24,22787.0
V03992,CU02582,Ather 450 Apex,450 Apex 3.7kWh,Performance,3.7,2025,2025-04-30,12740.0
V03993,CU02583,Ather 450X,450X 2.9kWh,Performance,2.9,2026,2026-04-30,1646.0
V03994,CU02584,Ather Rizta,Rizta S 2.9kWh,Family,2.9,2025,2025-05-07,7757.0
V03995,CU02584,Ather 450X,450X 3.7kWh,Performance,3.7,2021,2021-07-27,41988.0
V03996,CU02585,Ather Rizta,Rizta Z 3.7kWh,Family,3.7,2025,2025-11-25,7524.0
V03997,CU02586,Ather 450X,450X 2.9kWh,Performance,2.9,2022,2022-08-11,47534.0
V03998,CU02587,Ather Rizta,Rizta S 2.9kWh,Family,2.9,2025,2025-04-19,14242.0
V03999,CU02588,Ather 450X,450X 3.7kWh,Performance,3.7,2025,2025-01-18,12629.0
V04000,CU02589,Ather 450 Apex,450 Apex 3.7kWh,Performance,3.7,2024,2024-06-09,22143.0
V04001,CU02590,Ather Rizta,Rizta Z 2.9kWh,Family,2.9,2026,2026-08-30,721.0
V04002,CU02591,Ather Rizta,Rizta S 2.9kWh,Family,2.9,2025,2025-07-10,9935.0
V04003,CU02592,Ather 450X,450X 2.9kWh,Performance,2.9,2023,2023-07-13,35717.0
V04004,CU02593,Ather Rizta,Rizta Z 3.7kWh,Family,3.7,2025,2025-05-05,10744.0
V04005,CU02594,Ather 450X,450X 2.9kWh,Performance,2.9,2023,2023-04-17,35214.0
V04006,CU02595,Ather 450X,450X 2.9kWh,Performance,2.9,2025,2025-08-22,9796.0
V04007,CU02596,Ather 450 Apex,450 Apex 3.7kWh,Performance,3.7,2025,2025-07-12,11262.0
V04008,CU02597,Ather 450X,450X 2.9kWh,Performance,2.9,2022,2022-10-26,32721.0
V04009,CU02598,Ather Rizta,Rizta Z 2.9kWh,Family,2.9,2024,2024-11-28,20152.0
V04010,CU02599,Ather Rizta,Rizta Z 3.7kWh,Family,3.7,2025,2025-08-13,10669.0
V04011,CU02600,Ather Rizta,Rizta S 2.9kWh,Family,2.9,2025,2025-05-18,17745.0
V04012,CU02601,Ather 450X,450X 3.7kWh,Performance,3.7,2023,2023-07-13,49998.0
V04013,CU02601,Ather 450 Apex,450 Apex 3.7kWh,Performance,3.7,2026,2026-03-20,7832.0
V04014,CU02601,Ather Rizta,Rizta S 2.9kWh,Family,2.9,2025,2025-09-20,10697.0
V04015,CU02601,Ather Rizta,Rizta S 2.9kWh,Family,2.9,2025,2025-04-06,19895.0
V04016,CU02601,Ather 450X,450X 2.9kWh,Performance,2.9,2021,2021-12-20,44302.0
V04017,CU02602,Ather 450X,450X 2.9kWh,Performance,2.9,2022,2022-03-10,46132.0
V04018,CU02603,Ather Rizta,Rizta Z 3.7kWh,Family,3.7,2025,2025-12-27,6992.0
V04019,CU02604,Ather Rizta,Rizta S 2.9kWh,Family,2.9,2024,2024-07-01,10339.0
V04020,CU02605,Ather 450X,450X 2.9kWh,Performance,2.9,2023,2023-12-01,19413.0
V04021,CU02606,Ather 450X,450X 2.9kWh,Performance,2.9,2024,2024-12-11,17815.0
V04022,CU02607,Ather 450 Apex,450 Apex 3.7kWh,Performance,3.7,2024,2024-06-05,18183.0
V04023,CU02608,Ather Rizta,Rizta S 2.9kWh,Family,2.9,2026,2026-06-09,4590.0
V04024,CU02608,Ather Rizta,Rizta Z 3.7kWh,Family,3.7,2024,2024-10-09,25326.0
V04025,CU02608,Ather 450X,450X 2.9kWh,Performance,2.9,2023,2023-10-20,45835.0
V04026,CU02609,Ather Rizta,Rizta Z 2.9kWh,Family,2.9,2024,2024-12-16,12390.0
V04027,CU02610,Ather 450 Apex,450 Apex 3.7kWh,Performance,3.7,2026,2026-08-25,723.0
V04028,CU02611,Ather 450 Apex,450 Apex 3.7kWh,Performance,3.7,2024,2024-04-25,26933.0
V04029,CU02612,Ather Rizta,Rizta Z 2.9kWh,Family,2.9,2025,2025-06-17,14087.0
V04030,CU02613,Ather 450 Apex,450 Apex 3.7kWh,Performance,3.7,2026,2026-06-10,3378.0
V04031,CU02613,Ather 450X,450X 2.9kWh,Performance,2.9,2024,2024-04-25,14078.0
V04032,CU02614,Ather Rizta,Rizta Z 3.7kWh,Family,3.7,2024,2024-11-14,18045.0
V04033,CU02615,Ather 450X,450X 2.9kWh,Performance,2.9,2026,2026-08-13,1598.0
V04034,CU02615,Ather 450 Apex,450 Apex 3.7kWh,Performance,3.7,2025,2025-05-20,7283.0
V04035,CU02616,Ather Rizta,Rizta Z 3.7kWh,Family,3.7,2024,2024-12-23,34033.0
V04036,CU02616,Ather Rizta,Rizta S 2.9kWh,Family,2.9,2024,2024-10-31,23587.0
V04037,CU02616,Ather 450X,450X 3.7kWh,Performance,3.7,2025,2025-02-11,15762.0
V04038,CU02616,Ather Rizta,Rizta Z 2.9kWh,Family,2.9,2025,2025-01-01,17114.0
V04039,CU02616,Ather Rizta,Rizta S 2.9kWh,Family,2.9,2025,2025-11-15,17145.0
V04040,CU02616,Ather Rizta,Rizta Z 3.7kWh,Family,3.7,2024,2024-10-16,22233.0
V04041,CU02617,Ather Rizta,Rizta S 2.9kWh,Family,2.9,2025,2025-08-15,8774.0
V04042,CU02618,Ather Rizta,Rizta S 2.9kWh,Family,2.9,2026,2026-01-05,9027.0
V04043,CU02619,Ather 450X,450X 3.7kWh,Performance,3.7,2021,2021-10-29,74384.0
V04044,CU02620,Ather 450X,450X 3.7kWh,Performance,3.7,2026,2026-01-09,5971.0
V04045,CU02621,Ather 450X,450X 2.9kWh,Performance,2.9,2025,2025-03-02,22527.0
V04046,CU02621,Ather Rizta,Rizta Z 3.7kWh,Family,3.7,2025,2025-05-26,4045.0
V04047,CU02622,Ather 450X,450X 3.7kWh,Performance,3.7,2024,2024-03-10,23568.0
V04048,CU02623,Ather 450 Apex,450 Apex 3.7kWh,Performance,3.7,2025,2025-10-22,7372.0
V04049,CU02623,Ather 450X,450X 3.7kWh,Performance,3.7,2024,2024-11-14,20222.0
V04050,CU02624,Ather 450X,450X 3.7kWh,Performance,3.7,2020,2020-06-18,59269.0
V04051,CU02625,Ather 450X,450X 2.9kWh,Performance,2.9,2022,2022-11-08,50856.0
V04052,CU02626,Ather 450X,450X 3.7kWh,Performance,3.7,2022,2022-01-05,153467.0
V04053,CU02626,Ather 450X,450X 2.9kWh,Performance,2.9,2026,2026-02-17,25761.0
V04054,CU02626,Ather 450X,450X 2.9kWh,Performance,2.9,2021,2021-06-29,154375.0
V04055,CU02626,Ather Rizta,Rizta Z 2.9kWh,Family,2.9,2025,2025-09-18,30379.0
V04056,CU02626,Ather Rizta,Rizta Z 2.9kWh,Family,2.9,2025,2025-04-27,48176.0
V04057,CU02626,Ather Rizta,Rizta S 2.9kWh,Family,2.9,2026,2026-06-27,4976.0
V04058,CU02626,Ather 450X,450X 2.9kWh,Performance,2.9,2023,2023-08-26,67926.0
V04059,CU02626,Ather 450X,450X 2.9kWh,Performance,2.9,2026,2026-04-08,12612.0
V04060,CU02626,Ather 450X,450X 2.9kWh,Performance,2.9,2025,2025-08-29,23630.0
V04061,CU02626,Ather Rizta,Rizta S 2.9kWh,Family,2.9,2025,2025-12-22,16868.0
V04062,CU02626,Ather 450X,450X 3.7kWh,Performance,3.7,2023,2023-06-05,105976.0
V04063,CU02626,Ather Rizta,Rizta Z 2.9kWh,Family,2.9,2025,2025-09-13,35057.0
V04064,CU02626,Ather 450X,450X 2.9kWh,Performance,2.9,2023,2023-07-30,80638.0
V04065,CU02626,Ather 450X,450X 3.7kWh,Performance,3.7,2024,2024-10-19,69759.0
V04066,CU02626,Ather Rizta,Rizta Z 2.9kWh,Family,2.9,2026,2026-04-13,16661.0
V04067,CU02626,Ather 450X,450X 2.9kWh,Performance,2.9,2020,2020-06-13,264141.0
V04068,CU02626,Ather Rizta,Rizta S 2.9kWh,Family,2.9,2026,2026-03-08,13515.0
V04069,CU02626,Ather Rizta,Rizta Z 3.7kWh,Family,3.7,2025,2025-09-11,38036.0
V04070,CU02627,Ather 450X,450X 3.7kWh,Performance,3.7,2023,2023-01-10,54170.0
V04071,CU02628,Ather Rizta,Rizta S 2.9kWh,Family,2.9,2024,2024-06-10,26638.0
V04072,CU02629,Ather Rizta,Rizta S 2.9kWh,Family,2.9,2025,2025-08-04,11014.0
V04073,CU02630,Ather 450 Apex,450 Apex 3.7kWh,Performance,3.7,2025,2025-10-11,9227.0
V04074,CU02631,Ather Rizta,Rizta Z 2.9kWh,Family,2.9,2026,2026-05-18,2726.0
V04075,CU02632,Ather 450X,450X 3.7kWh,Performance,3.7,2020,2020-08-05,234332.0
V04076,CU02632,Ather Rizta,Rizta Z 3.7kWh,Family,3.7,2025,2025-08-11,35146.0
V04077,CU02632,Ather Rizta,Rizta Z 2.9kWh,Family,2.9,2025,2025-02-18,63298.0
V04078,CU02632,Ather 450X,450X 3.7kWh,Performance,3.7,2023,2023-11-13,98765.0
V04079,CU02632,Ather Rizta,Rizta Z 3.7kWh,Family,3.7,2025,2025-10-21,26874.0
V04080,CU02632,Ather Rizta,Rizta Z 3.7kWh,Family,3.7,2026,2026-05-12,9625.0
V04081,CU02632,Ather Rizta,Rizta Z 3.7kWh,Family,3.7,2025,2025-06-29,35355.0
V04082,CU02633,Ather 450X,450X 3.7kWh,Performance,3.7,2022,2022-08-29,31398.0
V04083,CU02634,Ather Rizta,Rizta Z 2.9kWh,Family,2.9,2024,2024-12-13,32246.0
V04084,CU02635,Ather Rizta,Rizta Z 2.9kWh,Family,2.9,2025,2025-12-25,9977.0
V04085,CU02636,Ather 450X,450X 3.7kWh,Performance,3.7,2026,2026-05-11,3789.0
V04086,CU02637,Ather Rizta,Rizta S 2.9kWh,Family,2.9,2025,2025-09-11,12020.0
V04087,CU02638,Ather Rizta,Rizta S 2.9kWh,Family,2.9,2025,2025-06-10,43410.0
V04088,CU02638,Ather 450X,450X 2.9kWh,Performance,2.9,2025,2025-10-09,33629.0
V04089,CU02638,Ather 450X,450X 2.9kWh,Performance,2.9,2024,2024-04-15,59148.0
V04090,CU02638,Ather 450X,450X 3.7kWh,Performance,3.7,2025,2025-11-10,24432.0
V04091,CU02638,Ather 450X,450X 2.9kWh,Performance,2.9,2024,2024-09-19,72123.0
V04092,CU02638,Ather Rizta,Rizta Z 2.9kWh,Family,2.9,2024,2024-06-13,45559.0
V04093,CU02638,Ather Rizta,Rizta S 2.9kWh,Family,2.9,2025,2025-09-03,41158.0
V04094,CU02639,Ather 450X,450X 2.9kWh,Performance,2.9,2023,2023-02-25,25562.0
V04095,CU02639,Ather Rizta,Rizta S 2.9kWh,Family,2.9,2026,2026-04-22,5517.0
V04096,CU02640,Ather 450X,450X 3.7kWh,Performance,3.7,2026,2026-04-03,2767.0
V04097,CU02641,Ather 450X,450X 3.7kWh,Performance,3.7,2025,2025-05-24,7058.0
V04098,CU02642,Ather Rizta,Rizta Z 3.7kWh,Family,3.7,2025,2025-02-13,18077.0
V04099,CU02643,Ather 450 Apex,450 Apex 3.7kWh,Performance,3.7,2025,2025-03-20,20596.0
V04100,CU02644,Ather Rizta,Rizta Z 3.7kWh,Family,3.7,2025,2025-11-12,9766.0
V04101,CU02645,Ather Rizta,Rizta S 2.9kWh,Family,2.9,2026,2026-09-02,771.0
V04102,CU02646,Ather 450X,450X 2.9kWh,Performance,2.9,2025,2025-09-15,27500.0
V04103,CU02646,Ather Rizta,Rizta Z 2.9kWh,Family,2.9,2024,2024-06-23,68367.0
V04104,CU02646,Ather Rizta,Rizta Z 2.9kWh,Family,2.9,2026,2026-03-21,13851.0
V04105,CU02646,Ather Rizta,Rizta S 2.9kWh,Family,2.9,2026,2026-03-06,18215.0
V04106,CU02646,Ather Rizta,Rizta Z 2.9kWh,Family,2.9,2025,2025-01-03,50145.0
V04107,CU02646,Ather 450X,450X 3.7kWh,Performance,3.7,2023,2023-01-29,98957.0
V04108,CU02646,Ather 450X,450X 2.9kWh,Performance,2.9,2020,2020-02-08,183217.0
V04109,CU02646,Ather Rizta,Rizta Z 3.7kWh,Family,3.7,2024,2024-10-20,53390.0
V04110,CU02646,Ather 450X,450X 2.9kWh,Performance,2.9,2024,2024-07-31,64654.0
V04111,CU02647,Ather Rizta,Rizta S 2.9kWh,Family,2.9,2024,2024-07-30,15267.0
V04112,CU02648,Ather 450 Apex,450 Apex 3.7kWh,Performance,3.7,2026,2026-05-01,3548.0
V04113,CU02649,Ather 450 Apex,450 Apex 3.7kWh,Performance,3.7,2025,2025-07-28,5155.0
V04114,CU02649,Ather Rizta,Rizta Z 3.7kWh,Family,3.7,2025,2025-08-09,15866.0
V04115,CU02650,Ather 450 Apex,450 Apex 3.7kWh,Performance,3.7,2024,2024-05-14,9814.0
V04116,CU02651,Ather 450 Apex,450 Apex 3.7kWh,Performance,3.7,2026,2026-06-08,3582.0
V04117,CU02652,Ather 450X,450X 2.9kWh,Performance,2.9,2024,2024-01-17,33230.0
V04118,CU02653,Ather 450 Apex,450 Apex 3.7kWh,Performance,3.7,2025,2025-12-23,7561.0
V04119,CU02654,Ather 450X,450X 2.9kWh,Performance,2.9,2024,2024-09-02,24931.0
V04120,CU02654,Ather 450X,450X 3.7kWh,Performance,3.7,2025,2025-10-20,8771.0
V04121,CU02655,Ather Rizta,Rizta Z 2.9kWh,Family,2.9,2024,2024-08-17,27407.0
V04122,CU02656,Ather Rizta,Rizta Z 2.9kWh,Family,2.9,2026,2026-02-23,3616.0
V04123,CU02657,Ather 450X,450X 3.7kWh,Performance,3.7,2021,2021-09-28,23320.0
V04124,CU02658,Ather Rizta,Rizta Z 3.7kWh,Family,3.7,2026,2026-02-18,8144.0
V04125,CU02659,Ather 450X,450X 2.9kWh,Performance,2.9,2025,2025-04-17,17118.0
V04126,CU02660,Ather Rizta,Rizta S 2.9kWh,Family,2.9,2024,2024-08-07,20569.0
V04127,CU02661,Ather 450X,450X 3.7kWh,Performance,3.7,2023,2023-09-17,22677.0
V04128,CU02662,Ather Rizta,Rizta Z 3.7kWh,Family,3.7,2026,2026-07-01,3165.0
V04129,CU02663,Ather Rizta,Rizta S 2.9kWh,Family,2.9,2026,2026-05-14,4256.0
V04130,CU02664,Ather Rizta,Rizta S 2.9kWh,Family,2.9,2024,2024-07-10,28151.0
V04131,CU02665,Ather 450X,450X 3.7kWh,Performance,3.7,2024,2024-01-20,21281.0
V04132,CU02666,Ather 450X,450X 2.9kWh,Performance,2.9,2025,2025-02-12,13586.0
V04133,CU02667,Ather Rizta,Rizta Z 2.9kWh,Family,2.9,2024,2024-08-24,23435.0
V04134,CU02668,Ather 450X,450X 3.7kWh,Performance,3.7,2026,2026-01-04,8819.0
V04135,CU02669,Ather Rizta,Rizta Z 3.7kWh,Family,3.7,2024,2024-07-10,21892.0
V04136,CU02669,Ather 450 Apex,450 Apex 3.7kWh,Performance,3.7,2025,2025-04-08,23949.0
V04137,CU02670,Ather 450X,450X 3.7kWh,Performance,3.7,2024,2024-05-06,70546.0
V04138,CU02670,Ather 450X,450X 2.9kWh,Performance,2.9,2024,2024-11-21,59035.0
V04139,CU02670,Ather Rizta,Rizta S 2.9kWh,Family,2.9,2025,2025-03-08,59918.0
V04140,CU02670,Ather Rizta,Rizta S 2.9kWh,Family,2.9,2024,2024-11-12,59022.0
V04141,CU02670,Ather 450X,450X 2.9kWh,Performance,2.9,2022,2022-03-09,148444.0
V04142,CU02671,Ather Rizta,Rizta S 2.9kWh,Family,2.9,2025,2025-03-26,11924.0
V04143,CU02672,Ather 450 Apex,450 Apex 3.7kWh,Performance,3.7,2025,2025-02-14,21665.0
V04144,CU02673,Ather Rizta,Rizta Z 2.9kWh,Family,2.9,2025,2025-03-26,12750.0
V04145,CU02674,Ather 450X,450X 3.7kWh,Performance,3.7,2023,2023-11-27,25005.0
V04146,CU02675,Ather 450 Apex,450 Apex 3.7kWh,Performance,3.7,2026,2026-01-14,6078.0
V04147,CU02676,Ather 450X,450X 3.7kWh,Performance,3.7,2023,2023-03-11,11800.0
V04148,CU02677,Ather 450X,450X 2.9kWh,Performance,2.9,2025,2025-01-06,18825.0
V04149,CU02678,Ather 450X,450X 2.9kWh,Performance,2.9,2021,2021-08-03,38825.0
V04150,CU02679,Ather 450 Apex,450 Apex 3.7kWh,Performance,3.7,2026,2026-03-24,7408.0
V04151,CU02680,Ather Rizta,Rizta Z 2.9kWh,Family,2.9,2026,2026-08-03,1849.0
V04152,CU02681,Ather Rizta,Rizta Z 2.9kWh,Family,2.9,2025,2025-12-15,9893.0
V04153,CU02682,Ather Rizta,Rizta Z 3.7kWh,Family,3.7,2024,2024-12-17,15636.0
V04154,CU02682,Ather Rizta,Rizta Z 2.9kWh,Family,2.9,2025,2025-04-14,15247.0
V04155,CU02683,Ather Rizta,Rizta Z 3.7kWh,Family,3.7,2024,2024-08-26,20717.0
V04156,CU02684,Ather 450X,450X 3.7kWh,Performance,3.7,2022,2022-05-29,43904.0
V04157,CU02685,Ather 450X,450X 3.7kWh,Performance,3.7,2026,2026-08-17,595.0
V04158,CU02686,Ather 450X,450X 2.9kWh,Performance,2.9,2025,2025-11-13,11303.0
V04159,CU02687,Ather Rizta,Rizta S 2.9kWh,Family,2.9,2026,2026-06-28,766.0
V04160,CU02688,Ather Rizta,Rizta S 2.9kWh,Family,2.9,2025,2025-10-07,16043.0
V04161,CU02689,Ather Rizta,Rizta S 2.9kWh,Family,2.9,2026,2026-03-25,6053.0
V04162,CU02690,Ather Rizta,Rizta S 2.9kWh,Family,2.9,2026,2026-01-08,8432.0
V04163,CU02691,Ather Rizta,Rizta S 2.9kWh,Family,2.9,2025,2025-03-29,18045.0
V04164,CU02692,Ather 450X,450X 3.7kWh,Performance,3.7,2024,2024-08-14,13378.0
V04165,CU02693,Ather Rizta,Rizta S 2.9kWh,Family,2.9,2026,2026-08-13,998.0
V04166,CU02694,Ather 450X,450X 2.9kWh,Performance,2.9,2021,2021-02-02,66445.0
V04167,CU02695,Ather 450 Apex,450 Apex 3.7kWh,Performance,3.7,2024,2024-02-20,26530.0
V04168,CU02696,Ather 450X,450X 3.7kWh,Performance,3.7,2023,2023-11-30,98715.0
V04169,CU02696,Ather 450X,450X 2.9kWh,Performance,2.9,2020,2020-08-09,183483.0
V04170,CU02696,Ather 450X,450X 2.9kWh,Performance,2.9,2024,2024-02-06,60252.0
V04171,CU02696,Ather 450X,450X 3.7kWh,Performance,3.7,2022,2022-04-27,139046.0
V04172,CU02696,Ather 450X,450X 3.7kWh,Performance,3.7,2022,2022-05-22,155512.0
V04173,CU02696,Ather 450X,450X 3.7kWh,Performance,3.7,2026,2026-01-23,17378.0
V04174,CU02696,Ather 450X,450X 3.7kWh,Performance,3.7,2020,2020-12-16,185582.0
V04175,CU02696,Ather Rizta,Rizta S 2.9kWh,Family,2.9,2025,2025-11-15,26709.0
V04176,CU02696,Ather 450X,450X 2.9kWh,Performance,2.9,2021,2021-08-04,120158.0
V04177,CU02696,Ather 450X,450X 3.7kWh,Performance,3.7,2024,2024-10-23,52389.0
V04178,CU02696,Ather 450X,450X 3.7kWh,Performance,3.7,2020,2020-12-10,179369.0
V04179,CU02696,Ather 450X,450X 3.7kWh,Performance,3.7,2026,2026-03-04,16858.0
V04180,CU02697,Ather 450X,450X 2.9kWh,Performance,2.9,2022,2022-06-16,39050.0
V04181,CU02698,Ather Rizta,Rizta Z 2.9kWh,Family,2.9,2025,2025-04-16,7260.0
V04182,CU02699,Ather Rizta,Rizta S 2.9kWh,Family,2.9,2024,2024-09-07,31740.0
V04183,CU02700,Ather Rizta,Rizta S 2.9kWh,Family,2.9,2024,2024-12-27,17567.0
V04184,CU02701,Ather Rizta,Rizta Z 2.9kWh,Family,2.9,2024,2024-07-16,13892.0
V04185,CU02702,Ather Rizta,Rizta Z 3.7kWh,Family,3.7,2024,2024-08-03,10756.0
V04186,CU02703,Ather Rizta,Rizta S 2.9kWh,Family,2.9,2025,2025-01-26,12745.0
V04187,CU02704,Ather Rizta,Rizta S 2.9kWh,Family,2.9,2025,2025-04-05,14979.0
V04188,CU02704,Ather 450 Apex,450 Apex 3.7kWh,Performance,3.7,2024,2024-12-24,13530.0
V04189,CU02705,Ather 450X,450X 2.9kWh,Performance,2.9,2023,2023-11-22,34444.0
V04190,CU02706,Ather 450X,450X 2.9kWh,Performance,2.9,2025,2025-11-29,5358.0
V04191,CU02707,Ather Rizta,Rizta Z 2.9kWh,Family,2.9,2025,2025-11-26,11616.0
V04192,CU02708,Ather 450X,450X 2.9kWh,Performance,2.9,2023,2023-03-02,47182.0
V04193,CU02709,Ather 450X,450X 2.9kWh,Performance,2.9,2020,2020-10-10,49021.0
V04194,CU02710,Ather 450X,450X 3.7kWh,Performance,3.7,2024,2024-06-09,16634.0
V04195,CU02711,Ather 450 Apex,450 Apex 3.7kWh,Performance,3.7,2025,2025-02-02,23582.0
V04196,CU02712,Ather Rizta,Rizta S 2.9kWh,Family,2.9,2025,2025-07-20,15914.0
V04197,CU02713,Ather Rizta,Rizta S 2.9kWh,Family,2.9,2025,2025-05-23,11655.0
V04198,CU02714,Ather 450X,450X 2.9kWh,Performance,2.9,2022,2022-01-07,28738.0
V04199,CU02714,Ather Rizta,Rizta Z 2.9kWh,Family,2.9,2025,2025-03-20,9974.0
V04200,CU02715,Ather Rizta,Rizta Z 2.9kWh,Family,2.9,2025,2025-04-08,13346.0
V04201,CU02716,Ather 450X,450X 2.9kWh,Performance,2.9,2023,2023-12-17,18909.0
V04202,CU02717,Ather Rizta,Rizta S 2.9kWh,Family,2.9,2026,2026-05-24,2703.0
V04203,CU02718,Ather 450X,450X 2.9kWh,Performance,2.9,2026,2026-03-30,6100.0
V04204,CU02719,Ather 450X,450X 3.7kWh,Performance,3.7,2022,2022-02-16,65875.0
V04205,CU02720,Ather 450X,450X 3.7kWh,Performance,3.7,2020,2020-08-02,112983.0
V04206,CU02720,Ather Rizta,Rizta S 2.9kWh,Family,2.9,2025,2025-06-25,40211.0
V04207,CU02720,Ather Rizta,Rizta Z 3.7kWh,Family,3.7,2025,2025-03-17,54141.0
V04208,CU02720,Ather Rizta,Rizta Z 2.9kWh,Family,2.9,2025,2025-04-17,36677.0
V04209,CU02720,Ather 450X,450X 2.9kWh,Performance,2.9,2024,2024-03-16,68113.0
V04210,CU02721,Ather 450X,450X 3.7kWh,Performance,3.7,2023,2023-09-03,22158.0
V04211,CU02722,Ather 450X,450X 3.7kWh,Performance,3.7,2025,2025-10-17,9497.0
V04212,CU02723,Ather 450X,450X 3.7kWh,Performance,3.7,2020,2020-09-07,99445.0
V04213,CU02724,Ather Rizta,Rizta Z 3.7kWh,Family,3.7,2025,2025-09-30,12328.0
V04214,CU02725,Ather 450X,450X 3.7kWh,Performance,3.7,2025,2025-08-15,6207.0
V04215,CU02726,Ather 450X,450X 3.7kWh,Performance,3.7,2024,2024-11-10,20347.0
V04216,CU02727,Ather 450X,450X 2.9kWh,Performance,2.9,2023,2023-10-17,29384.0
V04217,CU02728,Ather Rizta,Rizta S 2.9kWh,Family,2.9,2025,2025-05-03,16154.0
V04218,CU02729,Ather 450X,450X 2.9kWh,Performance,2.9,2025,2025-10-13,12707.0
V04219,CU02730,Ather 450X,450X 3.7kWh,Performance,3.7,2024,2024-08-27,17494.0
V04220,CU02731,Ather Rizta,Rizta S 2.9kWh,Family,2.9,2025,2025-03-06,59168.0
V04221,CU02731,Ather 450X,450X 2.9kWh,Performance,2.9,2022,2022-05-31,168562.0
V04222,CU02731,Ather 450X,450X 2.9kWh,Performance,2.9,2023,2023-11-01,86939.0
V04223,CU02731,Ather 450X,450X 2.9kWh,Performance,2.9,2023,2023-08-19,50285.0
V04224,CU02731,Ather 450X,450X 2.9kWh,Performance,2.9,2021,2021-06-29,197899.0
V04225,CU02731,Ather 450X,450X 3.7kWh,Performance,3.7,2023,2023-05-24,106437.0
V04226,CU02731,Ather 450X,450X 2.9kWh,Performance,2.9,2021,2021-10-05,144452.0
V04227,CU02731,Ather 450X,450X 2.9kWh,Performance,2.9,2020,2020-02-16,164418.0
V04228,CU02731,Ather 450X,450X 3.7kWh,Performance,3.7,2023,2023-11-30,111825.0
V04229,CU02731,Ather Rizta,Rizta S 2.9kWh,Family,2.9,2024,2024-10-18,43900.0
V04230,CU02731,Ather Rizta,Rizta Z 3.7kWh,Family,3.7,2025,2025-05-13,44439.0
V04231,CU02731,Ather Rizta,Rizta Z 3.7kWh,Family,3.7,2025,2025-06-27,31840.0
V04232,CU02731,Ather Rizta,Rizta Z 2.9kWh,Family,2.9,2026,2026-08-28,2869.0
V04233,CU02732,Ather Rizta,Rizta S 2.9kWh,Family,2.9,2026,2026-01-19,7163.0
V04234,CU02733,Ather 450X,450X 3.7kWh,Performance,3.7,2025,2025-11-06,14493.0
V04235,CU02733,Ather Rizta,Rizta Z 2.9kWh,Family,2.9,2026,2026-04-22,5753.0
V04236,CU02734,Ather 450X,450X 3.7kWh,Performance,3.7,2021,2021-06-12,18217.0
V04237,CU02735,Ather Rizta,Rizta Z 3.7kWh,Family,3.7,2026,2026-04-21,4656.0
V04238,CU02736,Ather 450X,450X 2.9kWh,Performance,2.9,2024,2024-09-20,11974.0
V04239,CU02737,Ather 450X,450X 3.7kWh,Performance,3.7,2024,2024-12-27,18225.0
V04240,CU02738,Ather Rizta,Rizta Z 3.7kWh,Family,3.7,2025,2025-08-24,8402.0
V04241,CU02739,Ather 450X,450X 2.9kWh,Performance,2.9,2026,2026-08-29,882.0
V04242,CU02740,Ather 450X,450X 3.7kWh,Performance,3.7,2026,2026-05-29,3995.0
V04243,CU02741,Ather 450X,450X 3.7kWh,Performance,3.7,2021,2021-05-05,43850.0
V04244,CU02742,Ather Rizta,Rizta Z 3.7kWh,Family,3.7,2025,2025-04-26,19753.0
V04245,CU02743,Ather Rizta,Rizta Z 2.9kWh,Family,2.9,2024,2024-10-20,16902.0
V04246,CU02744,Ather 450X,450X 3.7kWh,Performance,3.7,2020,2020-02-15,81478.0
V04247,CU02745,Ather Rizta,Rizta Z 3.7kWh,Family,3.7,2026,2026-05-05,4177.0
V04248,CU02746,Ather 450X,450X 3.7kWh,Performance,3.7,2025,2025-02-10,10665.0
V04249,CU02747,Ather 450 Apex,450 Apex 3.7kWh,Performance,3.7,2025,2025-11-26,7463.0
V04250,CU02748,Ather 450X,450X 2.9kWh,Performance,2.9,2021,2021-09-15,39027.0
V04251,CU02749,Ather 450X,450X 3.7kWh,Performance,3.7,2023,2023-10-02,12225.0
V04252,CU02750,Ather 450X,450X 3.7kWh,Performance,3.7,2024,2024-04-06,28903.0
V04253,CU02751,Ather 450X,450X 3.7kWh,Performance,3.7,2021,2021-12-18,42377.0
V04254,CU02751,Ather Rizta,Rizta Z 3.7kWh,Family,3.7,2025,2025-11-21,8013.0
V04255,CU02752,Ather 450X,450X 2.9kWh,Performance,2.9,2024,2024-07-05,23103.0
V04256,CU02753,Ather 450X,450X 3.7kWh,Performance,3.7,2022,2022-06-16,69537.0
V04257,CU02753,Ather 450X,450X 3.7kWh,Performance,3.7,2021,2021-03-31,95572.0
V04258,CU02753,Ather 450 Apex,450 Apex 3.7kWh,Performance,3.7,2025,2025-10-24,11957.0
V04259,CU02754,Ather 450X,450X 3.7kWh,Performance,3.7,2021,2021-06-25,41405.0
V04260,CU02755,Ather Rizta,Rizta S 2.9kWh,Family,2.9,2024,2024-07-08,15670.0
V04261,CU02756,Ather Rizta,Rizta S 2.9kWh,Family,2.9,2025,2025-08-26,10205.0
V04262,CU02757,Ather Rizta,Rizta Z 2.9kWh,Family,2.9,2026,2026-05-16,4044.0
V04263,CU02758,Ather 450 Apex,450 Apex 3.7kWh,Performance,3.7,2025,2025-06-17,17090.0
V04264,CU02758,Ather Rizta,Rizta S 2.9kWh,Family,2.9,2026,2026-01-26,7082.0
V04265,CU02759,Ather 450X,450X 2.9kWh,Performance,2.9,2022,2022-12-17,39653.0
V04266,CU02760,Ather Rizta,Rizta Z 2.9kWh,Family,2.9,2026,2026-09-02,750.0
V04267,CU02761,Ather Rizta,Rizta S 2.9kWh,Family,2.9,2026,2026-08-31,976.0
V04268,CU02762,Ather Rizta,Rizta Z 3.7kWh,Family,3.7,2026,2026-06-05,3756.0
V04269,CU02763,Ather Rizta,Rizta Z 2.9kWh,Family,2.9,2024,2024-06-07,24877.0
V04270,CU02764,Ather Rizta,Rizta Z 2.9kWh,Family,2.9,2025,2025-03-08,16643.0
V04271,CU02765,Ather Rizta,Rizta S 2.9kWh,Family,2.9,2025,2025-04-14,5384.0
V04272,CU02766,Ather 450X,450X 2.9kWh,Performance,2.9,2021,2021-12-19,38770.0
V04273,CU02767,Ather 450X,450X 2.9kWh,Performance,2.9,2024,2024-11-27,13700.0
V04274,CU02768,Ather 450X,450X 3.7kWh,Performance,3.7,2020,2020-10-28,47902.0
V04275,CU02769,Ather Rizta,Rizta Z 3.7kWh,Family,3.7,2025,2025-03-21,15404.0
V04276,CU02770,Ather 450 Apex,450 Apex 3.7kWh,Performance,3.7,2026,2026-02-28,6461.0
V04277,CU02771,Ather Rizta,Rizta S 2.9kWh,Family,2.9,2025,2025-09-25,8004.0
V04278,CU02771,Ather Rizta,Rizta S 2.9kWh,Family,2.9,2024,2024-11-25,16350.0
V04279,CU02772,Ather 450X,450X 3.7kWh,Performance,3.7,2025,2025-12-29,7571.0
V04280,CU02773,Ather Rizta,Rizta Z 2.9kWh,Family,2.9,2025,2025-07-16,16640.0
V04281,CU02774,Ather Rizta,Rizta Z 3.7kWh,Family,3.7,2026,2026-05-10,5331.0
V04282,CU02775,Ather 450X,450X 3.7kWh,Performance,3.7,2025,2025-08-16,9595.0
V04283,CU02776,Ather 450X,450X 3.7kWh,Performance,3.7,2020,2020-12-27,70345.0
V04284,CU02777,Ather Rizta,Rizta Z 3.7kWh,Family,3.7,2025,2025-05-20,13413.0
V04285,CU02778,Ather Rizta,Rizta Z 3.7kWh,Family,3.7,2025,2025-09-05,7141.0
V04286,CU02779,Ather 450X,450X 2.9kWh,Performance,2.9,2024,2024-11-03,20666.0
V04287,CU02780,Ather Rizta,Rizta Z 3.7kWh,Family,3.7,2026,2026-03-26,4128.0
V04288,CU02781,Ather 450X,450X 3.7kWh,Performance,3.7,2023,2023-01-19,92582.0
V04289,CU02781,Ather Rizta,Rizta Z 3.7kWh,Family,3.7,2024,2024-11-28,50815.0
V04290,CU02781,Ather Rizta,Rizta S 2.9kWh,Family,2.9,2025,2025-12-01,14405.0
V04291,CU02781,Ather 450X,450X 3.7kWh,Performance,3.7,2025,2025-07-15,38043.0
V04292,CU02781,Ather 450X,450X 3.7kWh,Performance,3.7,2024,2024-12-31,51581.0
V04293,CU02782,Ather Rizta,Rizta Z 2.9kWh,Family,2.9,2026,2026-04-02,2988.0
V04294,CU02783,Ather Rizta,Rizta S 2.9kWh,Family,2.9,2026,2026-02-15,7971.0
V04295,CU02783,Ather Rizta,Rizta S 2.9kWh,Family,2.9,2025,2025-05-08,9778.0
V04296,CU02784,Ather Rizta,Rizta S 2.9kWh,Family,2.9,2024,2024-06-10,13234.0
V04297,CU02785,Ather 450X,450X 3.7kWh,Performance,3.7,2021,2021-06-25,41016.0
V04298,CU02786,Ather Rizta,Rizta Z 3.7kWh,Family,3.7,2026,2026-03-11,3876.0
V04299,CU02787,Ather Rizta,Rizta Z 2.9kWh,Family,2.9,2025,2025-01-13,22071.0
V04300,CU02787,Ather Rizta,Rizta Z 3.7kWh,Family,3.7,2025,2025-02-17,10120.0
V04301,CU02788,Ather Rizta,Rizta Z 2.9kWh,Family,2.9,2025,2025-06-07,14596.0
V04302,CU02789,Ather Rizta,Rizta Z 3.7kWh,Family,3.7,2025,2025-03-28,10266.0
V04303,CU02790,Ather 450X,450X 3.7kWh,Performance,3.7,2022,2022-05-13,66664.0
V04304,CU02791,Ather 450 Apex,450 Apex 3.7kWh,Performance,3.7,2024,2024-08-22,16677.0
V04305,CU02791,Ather 450 Apex,450 Apex 3.7kWh,Performance,3.7,2026,2026-02-16,6857.0
V04306,CU02792,Ather 450 Apex,450 Apex 3.7kWh,Performance,3.7,2025,2025-07-03,14381.0
V04307,CU02793,Ather Rizta,Rizta S 2.9kWh,Family,2.9,2024,2024-06-25,14071.0
V04308,CU02794,Ather 450X,450X 2.9kWh,Performance,2.9,2023,2023-05-15,40133.0
V04309,CU02795,Ather 450X,450X 2.9kWh,Performance,2.9,2026,2026-06-18,3368.0
V04310,CU02796,Ather 450X,450X 3.7kWh,Performance,3.7,2025,2025-09-07,11322.0
V04311,CU02797,Ather Rizta,Rizta S 2.9kWh,Family,2.9,2025,2025-01-01,59311.0
V04312,CU02797,Ather Rizta,Rizta Z 2.9kWh,Family,2.9,2024,2024-12-05,66986.0
V04313,CU02797,Ather Rizta,Rizta S 2.9kWh,Family,2.9,2026,2026-08-09,3701.0
V04314,CU02797,Ather Rizta,Rizta S 2.9kWh,Family,2.9,2026,2026-04-19,9612.0
V04315,CU02797,Ather 450X,450X 3.7kWh,Performance,3.7,2024,2024-06-13,40437.0
V04316,CU02797,Ather Rizta,Rizta Z 3.7kWh,Family,3.7,2025,2025-01-12,44394.0
V04317,CU02797,Ather Rizta,Rizta S 2.9kWh,Family,2.9,2026,2026-06-10,5832.0
V04318,CU02797,Ather 450X,450X 3.7kWh,Performance,3.7,2020,2020-08-04,217899.0
V04319,CU02797,Ather 450X,450X 3.7kWh,Performance,3.7,2022,2022-02-08,134594.0
V04320,CU02798,Ather Rizta,Rizta Z 3.7kWh,Family,3.7,2025,2025-05-22,15683.0
V04321,CU02799,Ather Rizta,Rizta S 2.9kWh,Family,2.9,2025,2025-12-17,8613.0
V04322,CU02800,Ather Rizta,Rizta Z 2.9kWh,Family,2.9,2025,2025-11-22,22546.0
V04323,CU02800,Ather Rizta,Rizta Z 2.9kWh,Family,2.9,2024,2024-12-06,26520.0
V04324,CU02800,Ather Rizta,Rizta S 2.9kWh,Family,2.9,2025,2025-03-21,39285.0
V04325,CU02800,Ather Rizta,Rizta Z 2.9kWh,Family,2.9,2025,2025-07-02,38111.0
V04326,CU02800,Ather Rizta,Rizta Z 2.9kWh,Family,2.9,2024,2024-06-17,57631.0
V04327,CU02800,Ather Rizta,Rizta Z 3.7kWh,Family,3.7,2025,2025-07-19,27991.0
V04328,CU02800,Ather 450X,450X 3.7kWh,Performance,3.7,2025,2025-04-13,46008.0
V04329,CU02800,Ather 450X,450X 2.9kWh,Performance,2.9,2024,2024-09-25,77008.0
V04330,CU02800,Ather 450X,450X 2.9kWh,Performance,2.9,2024,2024-11-27,46432.0
V04331,CU02800,Ather Rizta,Rizta Z 3.7kWh,Family,3.7,2025,2025-11-18,24801.0
V04332,CU02800,Ather 450X,450X 2.9kWh,Performance,2.9,2021,2021-01-19,191174.0
V04333,CU02800,Ather Rizta,Rizta S 2.9kWh,Family,2.9,2024,2024-09-19,49475.0
V04334,CU02800,Ather 450X,450X 2.9kWh,Performance,2.9,2026,2026-08-08,3481.0
V04335,CU02800,Ather Rizta,Rizta S 2.9kWh,Family,2.9,2025,2025-06-28,18360.0
V04336,CU02800,Ather 450X,450X 3.7kWh,Performance,3.7,2022,2022-05-11,123463.0
V04337,CU02800,Ather 450X,450X 3.7kWh,Performance,3.7,2023,2023-07-23,104926.0
V04338,CU02800,Ather Rizta,Rizta Z 3.7kWh,Family,3.7,2024,2024-09-29,59644.0
V04339,CU02801,Ather Rizta,Rizta Z 2.9kWh,Family,2.9,2025,2025-04-21,9513.0
V04340,CU02802,Ather 450X,450X 3.7kWh,Performance,3.7,2026,2026-08-18,1201.0
V04341,CU02803,Ather 450X,450X 3.7kWh,Performance,3.7,2024,2024-03-19,25904.0
V04342,CU02804,Ather Rizta,Rizta S 2.9kWh,Family,2.9,2025,2025-01-10,14446.0
V04343,CU02805,Ather Rizta,Rizta S 2.9kWh,Family,2.9,2024,2024-07-09,24078.0
V04344,CU02806,Ather 450X,450X 3.7kWh,Performance,3.7,2026,2026-07-24,1764.0
V04345,CU02807,Ather 450X,450X 2.9kWh,Performance,2.9,2023,2023-08-04,108423.0
V04346,CU02807,Ather 450X,450X 3.7kWh,Performance,3.7,2023,2023-03-29,100947.0
V04347,CU02807,Ather 450X,450X 3.7kWh,Performance,3.7,2024,2024-02-27,37840.0
V04348,CU02807,Ather 450X,450X 3.7kWh,Performance,3.7,2024,2024-12-31,52591.0
V04349,CU02807,Ather 450X,450X 3.7kWh,Performance,3.7,2023,2023-11-26,58536.0
V04350,CU02807,Ather 450X,450X 3.7kWh,Performance,3.7,2024,2024-10-25,48233.0
V04351,CU02807,Ather 450X,450X 3.7kWh,Performance,3.7,2022,2022-09-08,80183.0
V04352,CU02807,Ather 450X,450X 2.9kWh,Performance,2.9,2021,2021-05-10,163410.0
V04353,CU02807,Ather Rizta,Rizta S 2.9kWh,Family,2.9,2026,2026-01-30,21481.0
V04354,CU02807,Ather 450X,450X 2.9kWh,Performance,2.9,2022,2022-11-23,70210.0
V04355,CU02807,Ather Rizta,Rizta Z 2.9kWh,Family,2.9,2026,2026-04-12,14950.0
V04356,CU02807,Ather Rizta,Rizta Z 3.7kWh,Family,3.7,2025,2025-04-15,46380.0
V04357,CU02807,Ather Rizta,Rizta S 2.9kWh,Family,2.9,2025,2025-05-20,45321.0
V04358,CU02807,Ather 450X,450X 2.9kWh,Performance,2.9,2025,2025-11-22,26950.0
V04359,CU02807,Ather 450X,450X 3.7kWh,Performance,3.7,2020,2020-06-11,185861.0
V04360,CU02807,Ather 450X,450X 2.9kWh,Performance,2.9,2026,2026-06-17,10729.0
V04361,CU02807,Ather Rizta,Rizta S 2.9kWh,Family,2.9,2025,2025-03-26,22120.0
V04362,CU02808,Ather Rizta,Rizta S 2.9kWh,Family,2.9,2025,2025-09-11,12346.0
V04363,CU02809,Ather Rizta,Rizta Z 2.9kWh,Family,2.9,2026,2026-01-29,7414.0
V04364,CU02810,Ather 450 Apex,450 Apex 3.7kWh,Performance,3.7,2026,2026-03-28,2942.0
V04365,CU02811,Ather 450X,450X 2.9kWh,Performance,2.9,2024,2024-08-21,10721.0
V04366,CU02812,Ather 450X,450X 2.9kWh,Performance,2.9,2021,2021-07-12,53751.0
V04367,CU02813,Ather 450X,450X 2.9kWh,Performance,2.9,2021,2021-11-13,37755.0
V04368,CU02814,Ather Rizta,Rizta Z 3.7kWh,Family,3.7,2025,2025-08-15,13778.0
V04369,CU02815,Ather 450X,450X 3.7kWh,Performance,3.7,2022,2022-04-28,170585.0
V04370,CU02815,Ather 450X,450X 3.7kWh,Performance,3.7,2025,2025-12-30,24341.0
V04371,CU02815,Ather Rizta,Rizta Z 2.9kWh,Family,2.9,2024,2024-10-06,56808.0
V04372,CU02815,Ather 450X,450X 3.7kWh,Performance,3.7,2023,2023-05-31,75031.0
V04373,CU02815,Ather Rizta,Rizta Z 3.7kWh,Family,3.7,2026,2026-05-03,18899.0
V04374,CU02815,Ather Rizta,Rizta Z 2.9kWh,Family,2.9,2026,2026-08-14,4798.0
V04375,CU02815,Ather Rizta,Rizta Z 3.7kWh,Family,3.7,2025,2025-04-21,50451.0
V04376,CU02815,Ather 450X,450X 2.9kWh,Performance,2.9,2020,2020-09-28,181783.0
V04377,CU02815,Ather 450X,450X 3.7kWh,Performance,3.7,2024,2024-11-13,60213.0
V04378,CU02815,Ather Rizta,Rizta S 2.9kWh,Family,2.9,2026,2026-03-01,10647.0
V04379,CU02815,Ather Rizta,Rizta S 2.9kWh,Family,2.9,2025,2025-09-25,14800.0
V04380,CU02815,Ather 450X,450X 3.7kWh,Performance,3.7,2025,2025-12-28,21782.0
V04381,CU02815,Ather 450X,450X 2.9kWh,Performance,2.9,2020,2020-09-02,88760.0
V04382,CU02815,Ather 450X,450X 2.9kWh,Performance,2.9,2023,2023-08-11,52344.0
V04383,CU02815,Ather 450X,450X 3.7kWh,Performance,3.7,2020,2020-12-22,190658.0
V04384,CU02815,Ather Rizta,Rizta Z 2.9kWh,Family,2.9,2026,2026-08-28,2961.0
V04385,CU02815,Ather 450X,450X 2.9kWh,Performance,2.9,2024,2024-04-18,67088.0
V04386,CU02815,Ather Rizta,Rizta Z 3.7kWh,Family,3.7,2024,2024-11-17,58529.0
V04387,CU02815,Ather Rizta,Rizta Z 2.9kWh,Family,2.9,2025,2025-04-23,47954.0
V04388,CU02815,Ather Rizta,Rizta S 2.9kWh,Family,2.9,2026,2026-08-28,1870.0
V04389,CU02816,Ather Rizta,Rizta S 2.9kWh,Family,2.9,2024,2024-10-04,14690.0
V04390,CU02817,Ather 450X,450X 2.9kWh,Performance,2.9,2025,2025-12-04,9840.0
V04391,CU02818,Ather Rizta,Rizta S 2.9kWh,Family,2.9,2025,2025-11-26,11629.0
V04392,CU02819,Ather Rizta,Rizta Z 2.9kWh,Family,2.9,2026,2026-06-24,2372.0
V04393,CU02820,Ather 450X,450X 2.9kWh,Performance,2.9,2020,2020-09-22,80316.0
V04394,CU02821,Ather 450X,450X 3.7kWh,Performance,3.7,2025,2025-08-24,12708.0
V04395,CU02822,Ather Rizta,Rizta Z 2.9kWh,Family,2.9,2025,2025-08-10,13664.0
V04396,CU02823,Ather 450X,450X 2.9kWh,Performance,2.9,2023,2023-08-22,30783.0
V04397,CU02824,Ather 450X,450X 2.9kWh,Performance,2.9,2025,2025-05-30,17811.0
V04398,CU02825,Ather 450 Apex,450 Apex 3.7kWh,Performance,3.7,2024,2024-05-02,18821.0
V04399,CU02826,Ather Rizta,Rizta Z 2.9kWh,Family,2.9,2024,2024-12-06,16428.0
V04400,CU02827,Ather 450 Apex,450 Apex 3.7kWh,Performance,3.7,2026,2026-09-07,812.0
V04401,CU02828,Ather 450 Apex,450 Apex 3.7kWh,Performance,3.7,2025,2025-10-11,10486.0
V04402,CU02829,Ather 450X,450X 2.9kWh,Performance,2.9,2020,2020-04-12,62887.0
V04403,CU02830,Ather 450X,450X 3.7kWh,Performance,3.7,2021,2021-02-05,33730.0
V04404,CU02831,Ather Rizta,Rizta S 2.9kWh,Family,2.9,2026,2026-04-11,3551.0
V04405,CU02832,Ather Rizta,Rizta Z 2.9kWh,Family,2.9,2026,2026-04-17,5232.0
V04406,CU02833,Ather 450 Apex,450 Apex 3.7kWh,Performance,3.7,2025,2025-01-21,17182.0
V04407,CU02834,Ather 450X,450X 3.7kWh,Performance,3.7,2020,2020-08-25,81552.0
V04408,CU02835,Ather Rizta,Rizta S 2.9kWh,Family,2.9,2025,2025-07-02,7043.0
V04409,CU02836,Ather 450X,450X 3.7kWh,Performance,3.7,2025,2025-07-17,13009.0
V04410,CU02837,Ather 450X,450X 2.9kWh,Performance,2.9,2021,2021-07-17,30750.0
V04411,CU02838,Ather Rizta,Rizta Z 2.9kWh,Family,2.9,2025,2025-12-02,8836.0
V04412,CU02839,Ather Rizta,Rizta Z 3.7kWh,Family,3.7,2025,2025-08-30,9323.0
V04413,CU02840,Ather 450X,450X 3.7kWh,Performance,3.7,2022,2022-08-15,39022.0
V04414,CU02841,Ather Rizta,Rizta Z 3.7kWh,Family,3.7,2024,2024-07-22,32553.0
V04415,CU02842,Ather 450X,450X 3.7kWh,Performance,3.7,2024,2024-12-27,18852.0
V04416,CU02842,Ather 450 Apex,450 Apex 3.7kWh,Performance,3.7,2025,2025-01-14,25254.0
V04417,CU02842,Ather Rizta,Rizta S 2.9kWh,Family,2.9,2025,2025-03-24,16696.0
V04418,CU02842,Ather Rizta,Rizta Z 2.9kWh,Family,2.9,2025,2025-02-10,29185.0
V04419,CU02842,Ather Rizta,Rizta Z 3.7kWh,Family,3.7,2026,2026-05-30,4607.0
V04420,CU02842,Ather 450X,450X 3.7kWh,Performance,3.7,2020,2020-12-21,48781.0
V04421,CU02843,Ather 450X,450X 3.7kWh,Performance,3.7,2026,2026-04-15,5730.0
V04422,CU02844,Ather Rizta,Rizta S 2.9kWh,Family,2.9,2025,2025-11-12,12186.0
V04423,CU02844,Ather Rizta,Rizta Z 2.9kWh,Family,2.9,2024,2024-06-22,44230.0
V04424,CU02844,Ather Rizta,Rizta Z 2.9kWh,Family,2.9,2025,2025-05-29,22033.0
V04425,CU02844,Ather 450X,450X 2.9kWh,Performance,2.9,2026,2026-06-12,4677.0
V04426,CU02844,Ather Rizta,Rizta Z 3.7kWh,Family,3.7,2025,2025-03-30,19568.0
V04427,CU02844,Ather Rizta,Rizta S 2.9kWh,Family,2.9,2026,2026-01-27,8736.0
V04428,CU02845,Ather 450X,450X 3.7kWh,Performance,3.7,2026,2026-08-23,2966.0
V04429,CU02845,Ather Rizta,Rizta Z 3.7kWh,Family,3.7,2026,2026-04-30,11584.0
V04430,CU02845,Ather 450X,450X 3.7kWh,Performance,3.7,2025,2025-10-18,25982.0
V04431,CU02845,Ather 450X,450X 2.9kWh,Performance,2.9,2024,2024-09-22,63075.0
V04432,CU02845,Ather 450X,450X 3.7kWh,Performance,3.7,2022,2022-12-02,129543.0
V04433,CU02845,Ather Rizta,Rizta Z 2.9kWh,Family,2.9,2025,2025-11-10,29883.0
V04434,CU02845,Ather 450X,450X 3.7kWh,Performance,3.7,2020,2020-02-22,260975.0
V04435,CU02845,Ather Rizta,Rizta Z 2.9kWh,Family,2.9,2026,2026-06-11,10571.0
V04436,CU02845,Ather Rizta,Rizta S 2.9kWh,Family,2.9,2025,2025-07-15,44162.0
V04437,CU02845,Ather Rizta,Rizta Z 3.7kWh,Family,3.7,2026,2026-04-02,14896.0
V04438,CU02845,Ather Rizta,Rizta S 2.9kWh,Family,2.9,2024,2024-10-14,42080.0
V04439,CU02845,Ather Rizta,Rizta Z 3.7kWh,Family,3.7,2024,2024-10-05,85729.0
V04440,CU02845,Ather 450X,450X 2.9kWh,Performance,2.9,2021,2021-01-24,222083.0
V04441,CU02845,Ather 450X,450X 2.9kWh,Performance,2.9,2026,2026-02-05,18210.0
V04442,CU02846,Ather Rizta,Rizta Z 2.9kWh,Family,2.9,2026,2026-07-17,1386.0
V04443,CU02847,Ather Rizta,Rizta Z 3.7kWh,Family,3.7,2025,2025-02-02,20488.0
V04444,CU02848,Ather 450X,450X 2.9kWh,Performance,2.9,2025,2025-06-27,11259.0
V04445,CU02849,Ather 450X,450X 3.7kWh,Performance,3.7,2021,2021-03-04,72445.0
V04446,CU02849,Ather 450 Apex,450 Apex 3.7kWh,Performance,3.7,2024,2024-05-13,42048.0
V04447,CU02849,Ather Rizta,Rizta Z 2.9kWh,Family,2.9,2025,2025-03-31,9060.0
V04448,CU02849,Ather Rizta,Rizta Z 2.9kWh,Family,2.9,2025,2025-10-23,10922.0
V04449,CU02849,Ather 450X,450X 3.7kWh,Performance,3.7,2026,2026-01-27,9043.0
V04450,CU02850,Ather Rizta,Rizta S 2.9kWh,Family,2.9,2026,2026-06-08,2612.0
V04451,CU02851,Ather Rizta,Rizta S 2.9kWh,Family,2.9,2025,2025-03-11,8928.0
V04452,CU02852,Ather Rizta,Rizta Z 3.7kWh,Family,3.7,2026,2026-07-31,4748.0
V04453,CU02852,Ather Rizta,Rizta Z 3.7kWh,Family,3.7,2024,2024-11-25,57059.0
V04454,CU02852,Ather 450X,450X 3.7kWh,Performance,3.7,2021,2021-12-04,167698.0
V04455,CU02852,Ather 450X,450X 3.7kWh,Performance,3.7,2022,2022-02-04,121073.0
V04456,CU02852,Ather Rizta,Rizta S 2.9kWh,Family,2.9,2025,2025-07-10,26477.0
V04457,CU02852,Ather Rizta,Rizta S 2.9kWh,Family,2.9,2024,2024-08-15,32460.0
V04458,CU02852,Ather Rizta,Rizta S 2.9kWh,Family,2.9,2025,2025-08-31,39520.0
V04459,CU02852,Ather Rizta,Rizta Z 2.9kWh,Family,2.9,2026,2026-06-13,7449.0
V04460,CU02852,Ather 450X,450X 3.7kWh,Performance,3.7,2022,2022-01-28,97818.0
V04461,CU02852,Ather Rizta,Rizta Z 2.9kWh,Family,2.9,2025,2025-12-05,14546.0
V04462,CU02852,Ather Rizta,Rizta Z 3.7kWh,Family,3.7,2025,2025-03-31,31105.0
V04463,CU02852,Ather Rizta,Rizta Z 3.7kWh,Family,3.7,2025,2025-04-08,49120.0
V04464,CU02852,Ather 450X,450X 3.7kWh,Performance,3.7,2024,2024-08-01,45778.0
V04465,CU02852,Ather 450X,450X 3.7kWh,Performance,3.7,2025,2025-09-21,19422.0
V04466,CU02852,Ather 450X,450X 3.7kWh,Performance,3.7,2022,2022-08-25,122536.0
V04467,CU02852,Ather 450X,450X 2.9kWh,Performance,2.9,2026,2026-04-29,11909.0
V04468,CU02852,Ather 450X,450X 3.7kWh,Performance,3.7,2025,2025-12-24,26422.0
V04469,CU02852,Ather 450X,450X 3.7kWh,Performance,3.7,2020,2020-05-15,257500.0
V04470,CU02852,Ather 450X,450X 3.7kWh,Performance,3.7,2022,2022-02-01,178534.0
V04471,CU02853,Ather 450 Apex,450 Apex 3.7kWh,Performance,3.7,2025,2025-04-16,15863.0
V04472,CU02854,Ather 450X,450X 3.7kWh,Performance,3.7,2021,2021-07-26,28539.0
V04473,CU02855,Ather 450X,450X 3.7kWh,Performance,3.7,2020,2020-07-10,254311.0
V04474,CU02855,Ather Rizta,Rizta S 2.9kWh,Family,2.9,2025,2025-02-12,43373.0
V04475,CU02855,Ather 450X,450X 2.9kWh,Performance,2.9,2021,2021-05-28,169221.0
V04476,CU02855,Ather Rizta,Rizta Z 3.7kWh,Family,3.7,2025,2025-08-17,34667.0
V04477,CU02855,Ather 450X,450X 2.9kWh,Performance,2.9,2020,2020-07-14,175268.0
V04478,CU02855,Ather Rizta,Rizta Z 3.7kWh,Family,3.7,2025,2025-12-09,30911.0
V04479,CU02855,Ather 450X,450X 3.7kWh,Performance,3.7,2023,2023-08-10,84308.0
V04480,CU02855,Ather 450X,450X 3.7kWh,Performance,3.7,2025,2025-10-08,36110.0
V04481,CU02855,Ather 450X,450X 3.7kWh,Performance,3.7,2025,2025-05-14,35609.0
V04482,CU02855,Ather Rizta,Rizta S 2.9kWh,Family,2.9,2025,2025-12-08,31452.0
V04483,CU02855,Ather 450X,450X 2.9kWh,Performance,2.9,2023,2023-10-13,81987.0
V04484,CU02855,Ather Rizta,Rizta S 2.9kWh,Family,2.9,2025,2025-12-14,22950.0
V04485,CU02855,Ather Rizta,Rizta Z 3.7kWh,Family,3.7,2026,2026-07-21,4677.0
V04486,CU02855,Ather Rizta,Rizta S 2.9kWh,Family,2.9,2026,2026-01-02,21818.0
V04487,CU02855,Ather 450X,450X 3.7kWh,Performance,3.7,2022,2022-09-05,88498.0
V04488,CU02855,Ather Rizta,Rizta Z 2.9kWh,Family,2.9,2025,2025-03-22,29070.0
V04489,CU02855,Ather Rizta,Rizta S 2.9kWh,Family,2.9,2025,2025-07-08,31104.0
V04490,CU02855,Ather Rizta,Rizta S 2.9kWh,Family,2.9,2025,2025-02-05,39253.0
V04491,CU02856,Ather 450X,450X 3.7kWh,Performance,3.7,2022,2022-05-27,30410.0
V04492,CU02857,Ather Rizta,Rizta Z 2.9kWh,Family,2.9,2025,2025-06-01,16330.0
V04493,CU02858,Ather Rizta,Rizta S 2.9kWh,Family,2.9,2026,2026-08-17,1034.0
V04494,CU02859,Ather Rizta,Rizta Z 3.7kWh,Family,3.7,2026,2026-08-08,1126.0
V04495,CU02860,Ather Rizta,Rizta Z 3.7kWh,Family,3.7,2026,2026-05-02,3229.0
V04496,CU02861,Ather Rizta,Rizta Z 2.9kWh,Family,2.9,2026,2026-07-16,1698.0
V04497,CU02862,Ather 450X,450X 3.7kWh,Performance,3.7,2021,2021-05-19,51477.0
V04498,CU02863,Ather Rizta,Rizta Z 2.9kWh,Family,2.9,2025,2025-06-24,11502.0
V04499,CU02864,Ather Rizta,Rizta Z 2.9kWh,Family,2.9,2024,2024-08-10,28751.0
V04500,CU02865,Ather 450 Apex,450 Apex 3.7kWh,Performance,3.7,2024,2024-06-03,22350.0
V04501,CU02866,Ather Rizta,Rizta S 2.9kWh,Family,2.9,2025,2025-05-11,13241.0
V04502,CU02867,Ather 450X,450X 3.7kWh,Performance,3.7,2025,2025-08-14,14517.0
V04503,CU02868,Ather 450 Apex,450 Apex 3.7kWh,Performance,3.7,2024,2024-09-10,25653.0
V04504,CU02869,Ather Rizta,Rizta Z 3.7kWh,Family,3.7,2024,2024-08-25,13416.0
V04505,CU02870,Ather 450X,450X 3.7kWh,Performance,3.7,2026,2026-07-04,1034.0
V04506,CU02871,Ather 450X,450X 3.7kWh,Performance,3.7,2021,2021-08-26,55890.0
V04507,CU02872,Ather Rizta,Rizta Z 2.9kWh,Family,2.9,2026,2026-04-28,4695.0
V04508,CU02873,Ather Rizta,Rizta S 2.9kWh,Family,2.9,2024,2024-06-17,15450.0
V04509,CU02874,Ather Rizta,Rizta S 2.9kWh,Family,2.9,2026,2026-01-26,5892.0
V04510,CU02875,Ather 450 Apex,450 Apex 3.7kWh,Performance,3.7,2026,2026-01-03,7109.0
V04511,CU02876,Ather Rizta,Rizta Z 2.9kWh,Family,2.9,2025,2025-05-28,7320.0
V04512,CU02877,Ather 450 Apex,450 Apex 3.7kWh,Performance,3.7,2024,2024-07-10,25751.0
V04513,CU02878,Ather Rizta,Rizta Z 3.7kWh,Family,3.7,2025,2025-10-16,10759.0
V04514,CU02879,Ather 450X,450X 2.9kWh,Performance,2.9,2026,2026-07-24,3473.0
V04515,CU02879,Ather 450X,450X 3.7kWh,Performance,3.7,2021,2021-05-10,76952.0
V04516,CU02879,Ather Rizta,Rizta S 2.9kWh,Family,2.9,2025,2025-02-25,21957.0
V04517,CU02880,Ather Rizta,Rizta Z 2.9kWh,Family,2.9,2025,2025-06-15,9612.0
V04518,CU02881,Ather Rizta,Rizta Z 2.9kWh,Family,2.9,2024,2024-07-03,66429.0
V04519,CU02881,Ather 450X,450X 3.7kWh,Performance,3.7,2022,2022-09-26,143545.0
V04520,CU02881,Ather 450X,450X 3.7kWh,Performance,3.7,2025,2025-05-12,32017.0
V04521,CU02881,Ather Rizta,Rizta Z 2.9kWh,Family,2.9,2025,2025-02-26,50443.0
V04522,CU02881,Ather Rizta,Rizta S 2.9kWh,Family,2.9,2026,2026-02-19,14022.0
V04523,CU02881,Ather 450X,450X 3.7kWh,Performance,3.7,2025,2025-01-14,51580.0
V04524,CU02881,Ather Rizta,Rizta Z 3.7kWh,Family,3.7,2026,2026-01-31,21226.0
V04525,CU02881,Ather Rizta,Rizta Z 2.9kWh,Family,2.9,2026,2026-07-12,7335.0
V04526,CU02881,Ather 450X,450X 3.7kWh,Performance,3.7,2021,2021-10-29,130882.0
V04527,CU02881,Ather Rizta,Rizta Z 2.9kWh,Family,2.9,2025,2025-02-26,44843.0
V04528,CU02881,Ather 450X,450X 3.7kWh,Performance,3.7,2023,2023-05-31,90168.0
V04529,CU02881,Ather Rizta,Rizta Z 2.9kWh,Family,2.9,2025,2025-12-09,31517.0
V04530,CU02881,Ather Rizta,Rizta S 2.9kWh,Family,2.9,2026,2026-03-03,22672.0
V04531,CU02881,Ather 450X,450X 2.9kWh,Performance,2.9,2025,2025-08-05,22742.0
V04532,CU02882,Ather 450X,450X 3.7kWh,Performance,3.7,2022,2022-09-21,143076.0
V04533,CU02882,Ather Rizta,Rizta Z 3.7kWh,Family,3.7,2025,2025-04-14,42238.0
V04534,CU02882,Ather Rizta,Rizta Z 3.7kWh,Family,3.7,2026,2026-03-12,19632.0
V04535,CU02882,Ather Rizta,Rizta Z 3.7kWh,Family,3.7,2024,2024-06-20,57489.0
V04536,CU02882,Ather 450X,450X 3.7kWh,Performance,3.7,2023,2023-04-17,128546.0
V04537,CU02882,Ather Rizta,Rizta Z 3.7kWh,Family,3.7,2025,2025-12-21,14526.0
V04538,CU02882,Ather 450X,450X 3.7kWh,Performance,3.7,2021,2021-09-22,199697.0
V04539,CU02882,Ather Rizta,Rizta S 2.9kWh,Family,2.9,2025,2025-11-19,22066.0
V04540,CU02882,Ather 450X,450X 2.9kWh,Performance,2.9,2026,2026-08-17,4226.0
V04541,CU02882,Ather Rizta,Rizta Z 3.7kWh,Family,3.7,2026,2026-08-27,2553.0
V04542,CU02882,Ather Rizta,Rizta S 2.9kWh,Family,2.9,2026,2026-01-29,9760.0
V04543,CU02882,Ather Rizta,Rizta S 2.9kWh,Family,2.9,2025,2025-08-27,30795.0
V04544,CU02882,Ather 450X,450X 3.7kWh,Performance,3.7,2021,2021-07-28,169656.0
V04545,CU02882,Ather Rizta,Rizta S 2.9kWh,Family,2.9,2026,2026-06-11,8282.0
V04546,CU02882,Ather 450X,450X 3.7kWh,Performance,3.7,2021,2021-10-26,116375.0
V04547,CU02883,Ather Rizta,Rizta S 2.9kWh,Family,2.9,2024,2024-10-12,16210.0
V04548,CU02884,Ather Rizta,Rizta S 2.9kWh,Family,2.9,2026,2026-01-21,14300.0
V04549,CU02884,Ather 450X,450X 3.7kWh,Performance,3.7,2023,2023-01-17,61325.0
V04550,CU02884,Ather Rizta,Rizta Z 3.7kWh,Family,3.7,2025,2025-11-05,9987.0
V04551,CU02884,Ather Rizta,Rizta S 2.9kWh,Family,2.9,2025,2025-08-11,26226.0
V04552,CU02884,Ather Rizta,Rizta Z 2.9kWh,Family,2.9,2025,2025-05-02,13074.0
V04553,CU02884,Ather 450X,450X 3.7kWh,Performance,3.7,2022,2022-07-12,54843.0
V04554,CU02885,Ather Rizta,Rizta Z 2.9kWh,Family,2.9,2024,2024-08-02,24220.0
V04555,CU02886,Ather 450 Apex,450 Apex 3.7kWh,Performance,3.7,2025,2025-07-11,15882.0
V04556,CU02887,Ather 450X,450X 3.7kWh,Performance,3.7,2026,2026-03-21,5507.0
V04557,CU02888,Ather Rizta,Rizta S 2.9kWh,Family,2.9,2025,2025-02-16,13863.0
V04558,CU02889,Ather Rizta,Rizta Z 2.9kWh,Family,2.9,2026,2026-03-31,5851.0
V04559,CU02889,Ather 450 Apex,450 Apex 3.7kWh,Performance,3.7,2024,2024-09-16,22495.0
V04560,CU02890,Ather 450X,450X 3.7kWh,Performance,3.7,2024,2024-08-05,51707.0
V04561,CU02890,Ather Rizta,Rizta Z 2.9kWh,Family,2.9,2025,2025-11-21,21045.0
V04562,CU02890,Ather Rizta,Rizta S 2.9kWh,Family,2.9,2025,2025-07-11,37493.0
V04563,CU02890,Ather 450X,450X 3.7kWh,Performance,3.7,2023,2023-11-20,73686.0
V04564,CU02890,Ather 450X,450X 2.9kWh,Performance,2.9,2025,2025-05-10,42345.0
V04565,CU02890,Ather Rizta,Rizta S 2.9kWh,Family,2.9,2025,2025-10-25,19112.0
V04566,CU02890,Ather Rizta,Rizta Z 3.7kWh,Family,3.7,2025,2025-12-07,17809.0
V04567,CU02890,Ather 450X,450X 2.9kWh,Performance,2.9,2022,2022-05-16,139672.0
V04568,CU02890,Ather Rizta,Rizta Z 3.7kWh,Family,3.7,2026,2026-05-01,10892.0
V04569,CU02890,Ather 450X,450X 2.9kWh,Performance,2.9,2025,2025-12-31,21861.0
V04570,CU02890,Ather 450X,450X 2.9kWh,Performance,2.9,2026,2026-02-04,22528.0
V04571,CU02890,Ather Rizta,Rizta Z 3.7kWh,Family,3.7,2025,2025-09-18,26682.0
V04572,CU02890,Ather 450X,450X 3.7kWh,Performance,3.7,2022,2022-08-29,116678.0
V04573,CU02890,Ather Rizta,Rizta Z 2.9kWh,Family,2.9,2026,2026-08-21,4299.0
V04574,CU02890,Ather Rizta,Rizta Z 2.9kWh,Family,2.9,2024,2024-06-14,33520.0
V04575,CU02890,Ather Rizta,Rizta S 2.9kWh,Family,2.9,2025,2025-09-19,26053.0
V04576,CU02891,Ather 450X,450X 2.9kWh,Performance,2.9,2026,2026-03-22,5596.0
V04577,CU02892,Ather 450X,450X 2.9kWh,Performance,2.9,2023,2023-07-19,51207.0
V04578,CU02892,Ather 450X,450X 2.9kWh,Performance,2.9,2026,2026-02-13,7209.0
V04579,CU02892,Ather Rizta,Rizta Z 3.7kWh,Family,3.7,2026,2026-08-28,991.0
V04580,CU02892,Ather Rizta,Rizta S 2.9kWh,Family,2.9,2024,2024-12-23,21316.0
V04581,CU02892,Ather Rizta,Rizta S 2.9kWh,Family,2.9,2026,2026-07-07,1342.0
V04582,CU02892,Ather Rizta,Rizta S 2.9kWh,Family,2.9,2025,2025-03-05,34753.0
V04583,CU02893,Ather 450 Apex,450 Apex 3.7kWh,Performance,3.7,2025,2025-03-07,17412.0
V04584,CU02894,Ather Rizta,Rizta Z 3.7kWh,Family,3.7,2024,2024-08-17,7241.0
V04585,CU02895,Ather 450X,450X 3.7kWh,Performance,3.7,2025,2025-09-18,8784.0
V04586,CU02896,Ather 450X,450X 3.7kWh,Performance,3.7,2022,2022-07-21,51219.0
V04587,CU02897,Ather 450X,450X 2.9kWh,Performance,2.9,2023,2023-10-07,36885.0
V04588,CU02898,Ather 450 Apex,450 Apex 3.7kWh,Performance,3.7,2026,2026-02-04,7175.0
V04589,CU02899,Ather Rizta,Rizta S 2.9kWh,Family,2.9,2026,2026-05-28,2531.0
V04590,CU02900,Ather 450X,450X 3.7kWh,Performance,3.7,2021,2021-10-16,75723.0
V04591,CU02901,Ather 450X,450X 2.9kWh,Performance,2.9,2022,2022-03-18,17955.0
V04592,CU02902,Ather 450X,450X 2.9kWh,Performance,2.9,2026,2026-03-16,5912.0
V04593,CU02903,Ather Rizta,Rizta Z 3.7kWh,Family,3.7,2024,2024-07-06,23186.0
V04594,CU02904,Ather Rizta,Rizta S 2.9kWh,Family,2.9,2025,2025-02-03,18813.0
V04595,CU02905,Ather Rizta,Rizta Z 2.9kWh,Family,2.9,2024,2024-08-08,13736.0
V04596,CU02905,Ather Rizta,Rizta S 2.9kWh,Family,2.9,2025,2025-03-06,5055.0
V04597,CU02906,Ather Rizta,Rizta Z 3.7kWh,Family,3.7,2025,2025-11-06,10110.0
V04598,CU02907,Ather 450X,450X 2.9kWh,Performance,2.9,2023,2023-06-01,36034.0
V04599,CU02908,Ather 450X,450X 2.9kWh,Performance,2.9,2026,2026-07-12,2536.0
V04600,CU02909,Ather Rizta,Rizta Z 3.7kWh,Family,3.7,2025,2025-07-08,17049.0
V04601,CU02910,Ather Rizta,Rizta S 2.9kWh,Family,2.9,2026,2026-04-27,4923.0
V04602,CU02911,Ather Rizta,Rizta S 2.9kWh,Family,2.9,2025,2025-06-24,10743.0
V04603,CU02912,Ather Rizta,Rizta S 2.9kWh,Family,2.9,2026,2026-06-11,3999.0
V04604,CU02912,Ather Rizta,Rizta S 2.9kWh,Family,2.9,2026,2026-03-17,5893.0
V04605,CU02913,Ather 450X,450X 2.9kWh,Performance,2.9,2020,2020-07-03,49919.0
V04606,CU02914,Ather Rizta,Rizta S 2.9kWh,Family,2.9,2024,2024-07-07,25687.0
V04607,CU02915,Ather Rizta,Rizta S 2.9kWh,Family,2.9,2026,2026-03-18,3988.0
V04608,CU02916,Ather 450X,450X 2.9kWh,Performance,2.9,2022,2022-08-07,41860.0
V04609,CU02917,Ather 450X,450X 2.9kWh,Performance,2.9,2024,2024-06-06,25324.0
V04610,CU02918,Ather Rizta,Rizta S 2.9kWh,Family,2.9,2025,2025-11-06,8753.0
V04611,CU02919,Ather 450X,450X 2.9kWh,Performance,2.9,2020,2020-10-06,74202.0
V04612,CU02919,Ather Rizta,Rizta Z 2.9kWh,Family,2.9,2026,2026-01-08,5724.0
V04613,CU02920,Ather Rizta,Rizta Z 2.9kWh,Family,2.9,2026,2026-03-28,4688.0
V04614,CU02920,Ather 450X,450X 2.9kWh,Performance,2.9,2026,2026-06-12,3639.0
V04615,CU02921,Ather 450X,450X 3.7kWh,Performance,3.7,2022,2022-04-10,44311.0
V04616,CU02922,Ather 450X,450X 3.7kWh,Performance,3.7,2026,2026-03-17,5361.0
V04617,CU02923,Ather 450X,450X 3.7kWh,Performance,3.7,2021,2021-01-06,36932.0
V04618,CU02924,Ather Rizta,Rizta Z 3.7kWh,Family,3.7,2025,2025-05-04,8614.0
V04619,CU02924,Ather 450X,450X 3.7kWh,Performance,3.7,2021,2021-07-19,34330.0
V04620,CU02925,Ather 450X,450X 2.9kWh,Performance,2.9,2024,2024-10-21,12315.0
V04621,CU02926,Ather 450X,450X 3.7kWh,Performance,3.7,2021,2021-03-27,48910.0
V04622,CU02927,Ather Rizta,Rizta S 2.9kWh,Family,2.9,2025,2025-11-04,6481.0
V04623,CU02928,Ather Rizta,Rizta S 2.9kWh,Family,2.9,2026,2026-07-12,1753.0
V04624,CU02929,Ather Rizta,Rizta Z 3.7kWh,Family,3.7,2025,2025-08-15,10877.0
V04625,CU02930,Ather Rizta,Rizta Z 3.7kWh,Family,3.7,2026,2026-07-07,2683.0
V04626,CU02931,Ather 450X,450X 3.7kWh,Performance,3.7,2021,2021-11-20,55085.0
V04627,CU02932,Ather 450X,450X 2.9kWh,Performance,2.9,2023,2023-04-05,50538.0
V04628,CU02932,Ather 450X,450X 3.7kWh,Performance,3.7,2022,2022-04-29,51672.0
V04629,CU02932,Ather 450X,450X 3.7kWh,Performance,3.7,2020,2020-03-05,115364.0
V04630,CU02932,Ather Rizta,Rizta S 2.9kWh,Family,2.9,2025,2025-06-27,15959.0
V04631,CU02932,Ather Rizta,Rizta Z 2.9kWh,Family,2.9,2024,2024-12-22,27469.0
V04632,CU02933,Ather 450X,450X 3.7kWh,Performance,3.7,2025,2025-11-25,10627.0
V04633,CU02934,Ather Rizta,Rizta S 2.9kWh,Family,2.9,2026,2026-06-04,2919.0
V04634,CU02935,Ather Rizta,Rizta Z 2.9kWh,Family,2.9,2025,2025-05-02,13615.0
V04635,CU02936,Ather Rizta,Rizta S 2.9kWh,Family,2.9,2025,2025-07-09,8069.0
V04636,CU02937,Ather Rizta,Rizta S 2.9kWh,Family,2.9,2026,2026-04-16,3182.0
V04637,CU02938,Ather 450X,450X 3.7kWh,Performance,3.7,2021,2021-10-09,32440.0
V04638,CU02939,Ather 450X,450X 2.9kWh,Performance,2.9,2025,2025-12-19,8371.0
V04639,CU02940,Ather 450X,450X 3.7kWh,Performance,3.7,2025,2025-01-22,17888.0
V04640,CU02941,Ather 450X,450X 3.7kWh,Performance,3.7,2020,2020-06-28,59841.0
V04641,CU02942,Ather 450X,450X 2.9kWh,Performance,2.9,2020,2020-11-17,47114.0
V04642,CU02943,Ather 450 Apex,450 Apex 3.7kWh,Performance,3.7,2025,2025-02-17,19319.0
V04643,CU02943,Ather Rizta,Rizta S 2.9kWh,Family,2.9,2024,2024-08-04,18754.0
V04644,CU02944,Ather 450X,450X 3.7kWh,Performance,3.7,2025,2025-08-12,5270.0
V04645,CU02945,Ather 450X,450X 3.7kWh,Performance,3.7,2026,2026-01-23,6815.0
V04646,CU02946,Ather Rizta,Rizta Z 3.7kWh,Family,3.7,2025,2025-01-16,11255.0
V04647,CU02947,Ather Rizta,Rizta S 2.9kWh,Family,2.9,2025,2025-02-14,9253.0
V04648,CU02948,Ather Rizta,Rizta Z 3.7kWh,Family,3.7,2026,2026-06-12,1982.0
V04649,CU02949,Ather 450X,450X 2.9kWh,Performance,2.9,2025,2025-03-05,17095.0
V04650,CU02950,Ather Rizta,Rizta Z 2.9kWh,Family,2.9,2024,2024-08-18,24872.0
V04651,CU02951,Ather Rizta,Rizta Z 2.9kWh,Family,2.9,2025,2025-07-20,15141.0
V04652,CU02952,Ather 450X,450X 2.9kWh,Performance,2.9,2023,2023-10-25,42582.0
V04653,CU02953,Ather Rizta,Rizta S 2.9kWh,Family,2.9,2024,2024-07-19,21251.0
V04654,CU02954,Ather Rizta,Rizta S 2.9kWh,Family,2.9,2025,2025-06-18,6522.0
V04655,CU02955,Ather Rizta,Rizta S 2.9kWh,Family,2.9,2024,2024-11-14,14150.0
V04656,CU02956,Ather Rizta,Rizta S 2.9kWh,Family,2.9,2026,2026-08-28,396.0
V04657,CU02957,Ather Rizta,Rizta Z 2.9kWh,Family,2.9,2026,2026-05-01,3913.0
V04658,CU02958,Ather 450X,450X 2.9kWh,Performance,2.9,2021,2021-12-17,38708.0
V04659,CU02959,Ather Rizta,Rizta Z 3.7kWh,Family,3.7,2026,2026-04-30,4261.0
V04660,CU02960,Ather 450X,450X 3.7kWh,Performance,3.7,2021,2021-07-22,51749.0
V04661,CU02961,Ather 450X,450X 2.9kWh,Performance,2.9,2021,2021-07-15,58555.0
V04662,CU02962,Ather Rizta,Rizta Z 2.9kWh,Family,2.9,2026,2026-09-04,646.0
V04663,CU02963,Ather Rizta,Rizta Z 3.7kWh,Family,3.7,2026,2026-08-29,647.0
V04664,CU02963,Ather Rizta,Rizta Z 3.7kWh,Family,3.7,2026,2026-01-31,6387.0
V04665,CU02964,Ather Rizta,Rizta Z 2.9kWh,Family,2.9,2026,2026-07-30,1726.0
V04666,CU02964,Ather 450X,450X 2.9kWh,Performance,2.9,2025,2025-01-10,13653.0
V04667,CU02965,Ather Rizta,Rizta S 2.9kWh,Family,2.9,2025,2025-06-02,17674.0
V04668,CU02966,Ather 450X,450X 2.9kWh,Performance,2.9,2023,2023-12-22,24414.0
V04669,CU02967,Ather Rizta,Rizta Z 2.9kWh,Family,2.9,2026,2026-02-09,7465.0
V04670,CU02968,Ather Rizta,Rizta S 2.9kWh,Family,2.9,2025,2025-05-08,8558.0
V04671,CU02969,Ather Rizta,Rizta Z 2.9kWh,Family,2.9,2025,2025-05-15,14664.0
V04672,CU02970,Ather 450X,450X 2.9kWh,Performance,2.9,2026,2026-03-28,7170.0
V04673,CU02971,Ather 450X,450X 3.7kWh,Performance,3.7,2024,2024-02-25,25056.0
V04674,CU02972,Ather Rizta,Rizta Z 2.9kWh,Family,2.9,2026,2026-02-13,5424.0
V04675,CU02972,Ather Rizta,Rizta Z 3.7kWh,Family,3.7,2025,2025-04-01,14586.0
V04676,CU02973,Ather Rizta,Rizta Z 2.9kWh,Family,2.9,2026,2026-02-23,7766.0
V04677,CU02974,Ather 450X,450X 3.7kWh,Performance,3.7,2022,2022-12-17,43369.0
V04678,CU02975,Ather 450X,450X 3.7kWh,Performance,3.7,2026,2026-08-11,877.0
V04679,CU02976,Ather Rizta,Rizta S 2.9kWh,Family,2.9,2025,2025-12-01,14585.0
V04680,CU02976,Ather 450X,450X 3.7kWh,Performance,3.7,2020,2020-08-05,241750.0
V04681,CU02976,Ather Rizta,Rizta Z 2.9kWh,Family,2.9,2024,2024-11-17,42634.0
V04682,CU02976,Ather 450X,450X 2.9kWh,Performance,2.9,2022,2022-07-13,170419.0
V04683,CU02976,Ather Rizta,Rizta Z 3.7kWh,Family,3.7,2026,2026-04-04,14940.0
V04684,CU02976,Ather Rizta,Rizta Z 2.9kWh,Family,2.9,2026,2026-03-21,19953.0
V04685,CU02977,Ather 450X,450X 3.7kWh,Performance,3.7,2024,2024-03-05,21042.0
V04686,CU02978,Ather 450X,450X 3.7kWh,Performance,3.7,2020,2020-12-01,68710.0
V04687,CU02979,Ather Rizta,Rizta Z 3.7kWh,Family,3.7,2024,2024-07-31,33511.0
V04688,CU02980,Ather Rizta,Rizta Z 2.9kWh,Family,2.9,2026,2026-07-18,2748.0
V04689,CU02981,Ather 450X,450X 3.7kWh,Performance,3.7,2025,2025-05-11,35426.0
V04690,CU02981,Ather Rizta,Rizta Z 2.9kWh,Family,2.9,2025,2025-04-09,32367.0
V04691,CU02981,Ather Rizta,Rizta Z 2.9kWh,Family,2.9,2024,2024-07-02,63080.0
V04692,CU02981,Ather Rizta,Rizta Z 2.9kWh,Family,2.9,2026,2026-01-25,17949.0
V04693,CU02981,Ather Rizta,Rizta Z 3.7kWh,Family,3.7,2024,2024-06-11,80141.0
V04694,CU02981,Ather 450X,450X 3.7kWh,Performance,3.7,2024,2024-01-10,71716.0
V04695,CU02981,Ather 450X,450X 2.9kWh,Performance,2.9,2023,2023-03-23,112534.0
V04696,CU02981,Ather 450X,450X 3.7kWh,Performance,3.7,2020,2020-08-23,156131.0
V04697,CU02981,Ather 450X,450X 3.7kWh,Performance,3.7,2022,2022-10-01,116601.0
V04698,CU02981,Ather 450X,450X 3.7kWh,Performance,3.7,2023,2023-11-17,60652.0
V04699,CU02981,Ather Rizta,Rizta S 2.9kWh,Family,2.9,2025,2025-11-22,20045.0
V04700,CU02981,Ather Rizta,Rizta Z 3.7kWh,Family,3.7,2025,2025-11-06,34307.0
V04701,CU02981,Ather 450X,450X 3.7kWh,Performance,3.7,2022,2022-06-24,123457.0
V04702,CU02981,Ather Rizta,Rizta S 2.9kWh,Family,2.9,2024,2024-10-03,29080.0
V04703,CU02982,Ather 450X,450X 2.9kWh,Performance,2.9,2022,2022-01-06,41519.0
V04704,CU02983,Ather Rizta,Rizta Z 3.7kWh,Family,3.7,2025,2025-11-04,11838.0
V04705,CU02984,Ather Rizta,Rizta Z 2.9kWh,Family,2.9,2025,2025-05-25,16820.0
V04706,CU02984,Ather 450X,450X 3.7kWh,Performance,3.7,2022,2022-12-21,33853.0
V04707,CU02985,Ather 450X,450X 3.7kWh,Performance,3.7,2021,2021-03-28,39039.0
V04708,CU02986,Ather Rizta,Rizta S 2.9kWh,Family,2.9,2026,2026-02-01,6662.0
V04709,CU02987,Ather 450X,450X 3.7kWh,Performance,3.7,2022,2022-10-24,33557.0
V04710,CU02988,Ather 450 Apex,450 Apex 3.7kWh,Performance,3.7,2026,2026-03-28,7204.0
V04711,CU02989,Ather 450X,450X 2.9kWh,Performance,2.9,2025,2025-06-12,7323.0
V04712,CU02990,Ather 450X,450X 2.9kWh,Performance,2.9,2024,2024-12-31,17279.0
V04713,CU02991,Ather 450X,450X 3.7kWh,Performance,3.7,2022,2022-08-13,39494.0
V04714,CU02992,Ather 450X,450X 3.7kWh,Performance,3.7,2022,2022-05-05,62944.0
V04715,CU02993,Ather Rizta,Rizta Z 3.7kWh,Family,3.7,2024,2024-09-05,16077.0
V04716,CU02994,Ather Rizta,Rizta Z 3.7kWh,Family,3.7,2026,2026-03-16,5078.0
V04717,CU02995,Ather Rizta,Rizta S 2.9kWh,Family,2.9,2025,2025-02-25,15597.0
V04718,CU02996,Ather 450X,450X 2.9kWh,Performance,2.9,2023,2023-03-27,28021.0
V04719,CU02997,Ather Rizta,Rizta S 2.9kWh,Family,2.9,2024,2024-10-25,26004.0
V04720,CU02998,Ather 450X,450X 2.9kWh,Performance,2.9,2026,2026-05-01,4560.0
V04721,CU02999,Ather Rizta,Rizta S 2.9kWh,Family,2.9,2026,2026-06-09,2933.0
V04722,CU03000,Ather Rizta,Rizta S 2.9kWh,Family,2.9,2026,2026-02-22,5916.0
V04723,CU03001,Ather 450X,450X 3.7kWh,Performance,3.7,2021,2021-05-03,58449.0
V04724,CU03002,Ather Rizta,Rizta Z 2.9kWh,Family,2.9,2026,2026-03-04,6912.0
V04725,CU03003,Ather Rizta,Rizta Z 2.9kWh,Family,2.9,2024,2024-10-19,57485.0
V04726,CU03003,Ather Rizta,Rizta S 2.9kWh,Family,2.9,2026,2026-08-13,2621.0
V04727,CU03003,Ather 450X,450X 3.7kWh,Performance,3.7,2022,2022-05-08,101192.0
V04728,CU03003,Ather Rizta,Rizta Z 3.7kWh,Family,3.7,2024,2024-08-25,30640.0
V04729,CU03003,Ather 450X,450X 2.9kWh,Performance,2.9,2026,2026-02-06,15570.0
V04730,CU03004,Ather 450X,450X 3.7kWh,Performance,3.7,2021,2021-04-15,56163.0
V04731,CU03005,Ather 450X,450X 2.9kWh,Performance,2.9,2021,2021-09-28,43471.0
V04732,CU03006,Ather 450X,450X 2.9kWh,Performance,2.9,2020,2020-04-20,70605.0
V04733,CU03007,Ather 450X,450X 2.9kWh,Performance,2.9,2022,2022-02-28,34735.0
V04734,CU03008,Ather Rizta,Rizta Z 2.9kWh,Family,2.9,2026,2026-01-08,4021.0
V04735,CU03009,Ather 450X,450X 2.9kWh,Performance,2.9,2023,2023-06-12,28880.0
V04736,CU03009,Ather Rizta,Rizta Z 2.9kWh,Family,2.9,2026,2026-03-21,5421.0
V04737,CU03010,Ather Rizta,Rizta Z 3.7kWh,Family,3.7,2025,2025-11-14,4258.0
V04738,CU03011,Ather 450 Apex,450 Apex 3.7kWh,Performance,3.7,2024,2024-08-26,20814.0
V04739,CU03012,Ather Rizta,Rizta Z 3.7kWh,Family,3.7,2025,2025-04-06,11150.0
V04740,CU03013,Ather 450X,450X 2.9kWh,Performance,2.9,2023,2023-09-01,26708.0
V04741,CU03014,Ather Rizta,Rizta Z 3.7kWh,Family,3.7,2026,2026-06-13,2236.0
V04742,CU03015,Ather Rizta,Rizta S 2.9kWh,Family,2.9,2024,2024-06-20,54864.0
V04743,CU03015,Ather 450X,450X 2.9kWh,Performance,2.9,2023,2023-12-14,
V04744,CU03015,Ather Rizta,Rizta S 2.9kWh,Family,2.9,2026,2026-06-06,9532.0
V04745,CU03015,Ather 450X,450X 3.7kWh,Performance,3.7,2020,2020-04-06,219161.0
V04746,CU03015,Ather 450X,450X 2.9kWh,Performance,2.9,2025,2025-06-12,49110.0
V04747,CU03015,Ather 450X,450X 2.9kWh,Performance,2.9,2025,2025-01-05,42114.0
V04748,CU03015,Ather 450X,450X 3.7kWh,Performance,3.7,2021,2021-01-01,161789.0
V04749,CU03015,Ather 450X,450X 2.9kWh,Performance,2.9,2021,2021-11-10,183760.0
V04750,CU03015,Ather 450X,450X 2.9kWh,Performance,2.9,2025,2025-04-17,43503.0
V04751,CU03015,Ather Rizta,Rizta Z 3.7kWh,Family,3.7,2025,2025-11-06,30265.0
V04752,CU03015,Ather 450X,450X 2.9kWh,Performance,2.9,2026,2026-04-04,12655.0
V04753,CU03015,Ather Rizta,Rizta S 2.9kWh,Family,2.9,2026,2026-05-24,12160.0
V04754,CU03015,Ather Rizta,Rizta S 2.9kWh,Family,2.9,2024,2024-08-26,73870.0
V04755,CU03015,Ather 450X,450X 3.7kWh,Performance,3.7,2025,2025-08-08,32810.0
V04756,CU03015,Ather Rizta,Rizta Z 3.7kWh,Family,3.7,2025,2025-11-10,30762.0
V04757,CU03015,Ather Rizta,Rizta Z 3.7kWh,Family,3.7,2026,2026-05-06,11436.0
V04758,CU03015,Ather Rizta,Rizta S 2.9kWh,Family,2.9,2025,2025-11-24,21239.0
V04759,CU03016,Ather 450X,450X 3.7kWh,Performance,3.7,2026,2026-02-06,5394.0
V04760,CU03017,Ather 450X,450X 3.7kWh,Performance,3.7,2020,2020-06-18,39278.0
V04761,CU03018,Ather 450X,450X 2.9kWh,Performance,2.9,2023,2023-01-24,40536.0
V04762,CU03019,Ather Rizta,Rizta Z 3.7kWh,Family,3.7,2025,2025-02-10,15207.0
V04763,CU03020,Ather 450X,450X 3.7kWh,Performance,3.7,2020,2020-05-11,47937.0
V04764,CU03021,Ather 450X,450X 3.7kWh,Performance,3.7,2024,2024-11-02,19001.0
V04765,CU03022,Ather 450X,450X 2.9kWh,Performance,2.9,2025,2025-11-09,6806.0
V04766,CU03023,Ather Rizta,Rizta S 2.9kWh,Family,2.9,2024,2024-10-22,11379.0
V04767,CU03024,Ather 450X,450X 3.7kWh,Performance,3.7,2023,2023-06-29,23498.0
V04768,CU03025,Ather 450 Apex,450 Apex 3.7kWh,Performance,3.7,2025,2025-12-23,8015.0
V04769,CU03026,Ather Rizta,Rizta S 2.9kWh,Family,2.9,2026,2026-06-27,2907.0
V04770,CU03027,Ather Rizta,Rizta S 2.9kWh,Family,2.9,2024,2024-12-14,12631.0
V04771,CU03028,Ather Rizta,Rizta Z 2.9kWh,Family,2.9,2025,2025-12-23,9921.0
V04772,CU03029,Ather 450X,450X 3.7kWh,Performance,3.7,2024,2024-11-24,24608.0
V04773,CU03030,Ather 450X,450X 3.7kWh,Performance,3.7,2023,2023-03-10,53455.0
V04774,CU03031,Ather 450X,450X 2.9kWh,Performance,2.9,2024,2024-06-02,27347.0
V04775,CU03032,Ather 450X,450X 3.7kWh,Performance,3.7,2023,2023-10-19,39862.0
V04776,CU03033,Ather 450 Apex,450 Apex 3.7kWh,Performance,3.7,2026,2026-07-27,2185.0
V04777,CU03034,Ather 450X,450X 3.7kWh,Performance,3.7,2023,2023-07-20,21742.0
V04778,CU03035,Ather 450X,450X 3.7kWh,Performance,3.7,2026,2026-03-22,5329.0
V04779,CU03036,Ather 450X,450X 3.7kWh,Performance,3.7,2021,2021-07-30,48244.0
V04780,CU03036,Ather 450X,450X 3.7kWh,Performance,3.7,2026,2026-01-01,2176.0
V04781,CU03037,Ather Rizta,Rizta Z 2.9kWh,Family,2.9,2025,2025-01-27,18567.0
V04782,CU03038,Ather 450 Apex,450 Apex 3.7kWh,Performance,3.7,2024,2024-03-07,22721.0
V04783,CU03039,Ather 450X,450X 3.7kWh,Performance,3.7,2026,2026-03-05,3772.0
V04784,CU03040,Ather 450X,450X 2.9kWh,Performance,2.9,2021,2021-01-17,49783.0
V04785,CU03041,Ather 450 Apex,450 Apex 3.7kWh,Performance,3.7,2026,2026-02-14,4582.0
V04786,CU03042,Ather Rizta,Rizta Z 2.9kWh,Family,2.9,2026,2026-01-28,4016.0
V04787,CU03043,Ather 450X,450X 2.9kWh,Performance,2.9,2024,2024-07-12,16634.0
V04788,CU03043,Ather 450X,450X 2.9kWh,Performance,2.9,2020,2020-04-19,55677.0
V04789,CU03044,Ather 450X,450X 2.9kWh,Performance,2.9,2024,2024-02-07,20198.0
V04790,CU03045,Ather 450X,450X 2.9kWh,Performance,2.9,2023,2023-12-26,37547.0
V04791,CU03045,Ather Rizta,Rizta S 2.9kWh,Family,2.9,2026,2026-07-12,4595.0
V04792,CU03045,Ather Rizta,Rizta S 2.9kWh,Family,2.9,2026,2026-05-18,5859.0
V04793,CU03045,Ather Rizta,Rizta S 2.9kWh,Family,2.9,2026,2026-02-02,9769.0
V04794,CU03045,Ather 450X,450X 3.7kWh,Performance,3.7,2026,2026-09-07,693.0
V04795,CU03045,Ather 450X,450X 3.7kWh,Performance,3.7,2021,2021-11-13,71791.0
V04796,CU03046,Ather 450 Apex,450 Apex 3.7kWh,Performance,3.7,2024,2024-08-17,30620.0
V04797,CU03047,Ather 450 Apex,450 Apex 3.7kWh,Performance,3.7,2026,2026-03-02,6435.0
V04798,CU03048,Ather Rizta,Rizta S 2.9kWh,Family,2.9,2024,2024-08-09,27953.0
V04799,CU03048,Ather Rizta,Rizta Z 2.9kWh,Family,2.9,2025,2025-09-24,7919.0
V04800,CU03049,Ather Rizta,Rizta Z 2.9kWh,Family,2.9,2025,2025-01-03,14441.0
V04801,CU03050,Ather 450X,450X 3.7kWh,Performance,3.7,2025,2025-06-18,11836.0
V04802,CU03051,Ather Rizta,Rizta Z 3.7kWh,Family,3.7,2025,2025-09-28,11629.0
V04803,CU03052,Ather 450X,450X 3.7kWh,Performance,3.7,2025,2025-01-15,39062.0
V04804,CU03052,Ather Rizta,Rizta Z 3.7kWh,Family,3.7,2025,2025-09-08,38429.0
V04805,CU03052,Ather 450X,450X 2.9kWh,Performance,2.9,2020,2020-07-12,200214.0
V04806,CU03052,Ather Rizta,Rizta Z 3.7kWh,Family,3.7,2026,2026-06-21,7101.0
V04807,CU03052,Ather Rizta,Rizta S 2.9kWh,Family,2.9,2024,2024-12-19,51364.0
V04808,CU03052,Ather Rizta,Rizta Z 2.9kWh,Family,2.9,2025,2025-11-14,24881.0
V04809,CU03052,Ather Rizta,Rizta Z 3.7kWh,Family,3.7,2026,2026-09-09,1224.0
V04810,CU03052,Ather Rizta,Rizta S 2.9kWh,Family,2.9,2026,2026-02-19,17015.0
V04811,CU03052,Ather Rizta,Rizta S 2.9kWh,Family,2.9,2026,2026-02-18,21595.0
V04812,CU03052,Ather 450X,450X 3.7kWh,Performance,3.7,2022,2022-12-18,64100.0
V04813,CU03052,Ather Rizta,Rizta S 2.9kWh,Family,2.9,2025,2025-09-24,37474.0
V04814,CU03052,Ather 450X,450X 3.7kWh,Performance,3.7,2025,2025-03-18,44328.0
V04815,CU03052,Ather Rizta,Rizta S 2.9kWh,Family,2.9,2025,2025-07-16,39571.0
V04816,CU03052,Ather 450X,450X 3.7kWh,Performance,3.7,2023,2023-09-28,87575.0
V04817,CU03052,Ather Rizta,Rizta S 2.9kWh,Family,2.9,2026,2026-05-15,10406.0
V04818,CU03052,Ather 450X,450X 2.9kWh,Performance,2.9,2026,2026-03-14,20966.0
V04819,CU03052,Ather 450X,450X 3.7kWh,Performance,3.7,2021,2021-07-20,135410.0
V04820,CU03052,Ather 450X,450X 2.9kWh,Performance,2.9,2022,2022-06-01,139899.0
V04821,CU03052,Ather Rizta,Rizta S 2.9kWh,Family,2.9,2024,2024-07-02,47223.0
V04822,CU03052,Ather 450X,450X 2.9kWh,Performance,2.9,2023,2023-05-24,119209.0
V04823,CU03053,Ather Rizta,Rizta Z 3.7kWh,Family,3.7,2026,2026-06-16,2435.0
V04824,CU03054,Ather 450X,450X 3.7kWh,Performance,3.7,2020,2020-03-25,59837.0
V04825,CU03055,Ather 450X,450X 3.7kWh,Performance,3.7,2024,2024-07-19,16880.0
V04826,CU03056,Ather 450X,450X 2.9kWh,Performance,2.9,2021,2021-04-05,78248.0
V04827,CU03057,Ather 450X,450X 2.9kWh,Performance,2.9,2021,2021-05-15,51466.0
V04828,CU03058,Ather 450X,450X 3.7kWh,Performance,3.7,2021,2021-03-19,40709.0
V04829,CU03059,Ather Rizta,Rizta Z 2.9kWh,Family,2.9,2026,2026-01-03,6581.0
V04830,CU03060,Ather Rizta,Rizta Z 3.7kWh,Family,3.7,2026,2026-01-05,7387.0
V04831,CU03060,Ather Rizta,Rizta Z 3.7kWh,Family,3.7,2026,2026-06-26,2547.0
V04832,CU03061,Ather Rizta,Rizta Z 2.9kWh,Family,2.9,2025,2025-06-30,16164.0
V04833,CU03062,Ather Rizta,Rizta Z 2.9kWh,Family,2.9,2025,2025-06-05,19750.0
V04834,CU03063,Ather 450X,450X 2.9kWh,Performance,2.9,2021,2021-08-25,47634.0
V04835,CU03064,Ather Rizta,Rizta Z 3.7kWh,Family,3.7,2025,2025-12-27,8749.0
V04836,CU03065,Ather Rizta,Rizta Z 2.9kWh,Family,2.9,2024,2024-07-15,11524.0
V04837,CU03066,Ather 450X,450X 3.7kWh,Performance,3.7,2026,2026-03-03,6651.0
V04838,CU03067,Ather Rizta,Rizta Z 2.9kWh,Family,2.9,2025,2025-12-23,4901.0
V04839,CU03068,Ather Rizta,Rizta S 2.9kWh,Family,2.9,2025,2025-03-26,10079.0
V04840,CU03069,Ather Rizta,Rizta Z 2.9kWh,Family,2.9,2025,2025-09-27,8194.0
V04841,CU03070,Ather 450X,450X 3.7kWh,Performance,3.7,2024,2024-03-16,27630.0
V04842,CU03071,Ather Rizta,Rizta S 2.9kWh,Family,2.9,2024,2024-07-08,20958.0
V04843,CU03072,Ather Rizta,Rizta Z 3.7kWh,Family,3.7,2024,2024-06-22,25779.0
V04844,CU03073,Ather Rizta,Rizta S 2.9kWh,Family,2.9,2026,2026-08-04,1719.0
V04845,CU03074,Ather Rizta,Rizta Z 2.9kWh,Family,2.9,2024,2024-12-01,26594.0
V04846,CU03075,Ather 450X,450X 2.9kWh,Performance,2.9,2023,2023-11-02,36352.0
V04847,CU03076,Ather 450X,450X 3.7kWh,Performance,3.7,2024,2024-07-28,24150.0
V04848,CU03077,Ather Rizta,Rizta S 2.9kWh,Family,2.9,2024,2024-10-01,12884.0
V04849,CU03078,Ather Rizta,Rizta Z 2.9kWh,Family,2.9,2024,2024-06-06,20741.0
V04850,CU03079,Ather Rizta,Rizta Z 3.7kWh,Family,3.7,2026,2026-01-31,18939.0
V04851,CU03079,Ather Rizta,Rizta Z 3.7kWh,Family,3.7,2025,2025-04-27,40273.0
V04852,CU03079,Ather Rizta,Rizta S 2.9kWh,Family,2.9,2024,2024-08-11,46718.0
V04853,CU03079,Ather 450X,450X 2.9kWh,Performance,2.9,2026,2026-01-13,29920.0
V04854,CU03079,Ather Rizta,Rizta S 2.9kWh,Family,2.9,2024,2024-10-03,55171.0
V04855,CU03079,Ather 450X,450X 2.9kWh,Performance,2.9,2022,2022-07-10,104151.0
V04856,CU03079,Ather Rizta,Rizta Z 2.9kWh,Family,2.9,2025,2025-09-26,41402.0
V04857,CU03079,Ather 450X,450X 3.7kWh,Performance,3.7,2022,2022-11-27,142426.0
V04858,CU03079,Ather Rizta,Rizta S 2.9kWh,Family,2.9,2025,2025-03-06,42512.0
V04859,CU03079,Ather Rizta,Rizta S 2.9kWh,Family,2.9,2025,2025-11-24,23452.0
V04860,CU03079,Ather 450X,450X 2.9kWh,Performance,2.9,2023,2023-11-20,70899.0
V04861,CU03080,Ather 450 Apex,450 Apex 3.7kWh,Performance,3.7,2025,2025-01-27,20921.0
V04862,CU03081,Ather 450X,450X 3.7kWh,Performance,3.7,2026,2026-06-12,9404.0
V04863,CU03081,Ather 450X,450X 3.7kWh,Performance,3.7,2021,2021-03-02,124285.0
V04864,CU03081,Ather Rizta,Rizta Z 2.9kWh,Family,2.9,2026,2026-08-31,2312.0
V04865,CU03081,Ather 450X,450X 3.7kWh,Performance,3.7,2022,2022-01-09,143863.0
V04866,CU03081,Ather 450X,450X 3.7kWh,Performance,3.7,2021,2021-04-28,132026.0
V04867,CU03081,Ather Rizta,Rizta Z 3.7kWh,Family,3.7,2026,2026-02-25,13846.0
V04868,CU03081,Ather Rizta,Rizta S 2.9kWh,Family,2.9,2026,2026-01-25,20778.0
V04869,CU03082,Ather 450X,450X 3.7kWh,Performance,3.7,2024,2024-06-30,22998.0
V04870,CU03083,Ather 450X,450X 2.9kWh,Performance,2.9,2024,2024-03-17,35944.0
V04871,CU03084,Ather Rizta,Rizta S 2.9kWh,Family,2.9,2026,2026-02-11,5332.0
V04872,CU03085,Ather 450X,450X 3.7kWh,Performance,3.7,2021,2021-10-25,54214.0
V04873,CU03086,Ather Rizta,Rizta S 2.9kWh,Family,2.9,2025,2025-04-26,10169.0
V04874,CU03087,Ather Rizta,Rizta S 2.9kWh,Family,2.9,2026,2026-02-15,5847.0
V04875,CU03088,Ather Rizta,Rizta S 2.9kWh,Family,2.9,2024,2024-08-08,21175.0
V04876,CU03088,Ather Rizta,Rizta Z 3.7kWh,Family,3.7,2026,2026-02-14,7372.0
V04877,CU03089,Ather 450X,450X 3.7kWh,Performance,3.7,2021,2021-01-17,54798.0
V04878,CU03090,Ather Rizta,Rizta S 2.9kWh,Family,2.9,2025,2025-03-09,15200.0
V04879,CU03091,Ather 450X,450X 3.7kWh,Performance,3.7,2024,2024-03-17,13942.0
V04880,CU03092,Ather Rizta,Rizta Z 2.9kWh,Family,2.9,2024,2024-06-22,20129.0
V04881,CU03093,Ather 450X,450X 3.7kWh,Performance,3.7,2024,2024-03-02,17781.0
V04882,CU03094,Ather 450X,450X 2.9kWh,Performance,2.9,2026,2026-06-18,3113.0
V04883,CU03095,Ather Rizta,Rizta Z 2.9kWh,Family,2.9,2026,2026-09-05,490.0
V04884,CU03096,Ather Rizta,Rizta S 2.9kWh,Family,2.9,2026,2026-01-07,8592.0
V04885,CU03097,Ather 450X,450X 2.9kWh,Performance,2.9,2021,2021-03-03,36009.0
V04886,CU03098,Ather 450X,450X 3.7kWh,Performance,3.7,2023,2023-01-24,42632.0
V04887,CU03099,Ather 450X,450X 2.9kWh,Performance,2.9,2024,2024-01-16,24355.0
V04888,CU03100,Ather 450X,450X 3.7kWh,Performance,3.7,2026,2026-01-11,9197.0
V04889,CU03100,Ather Rizta,Rizta S 2.9kWh,Family,2.9,2025,2025-08-04,10628.0
V04890,CU03100,Ather Rizta,Rizta Z 2.9kWh,Family,2.9,2025,2025-03-30,11308.0
V04891,CU03101,Ather Rizta,Rizta Z 2.9kWh,Family,2.9,2024,2024-12-15,20655.0
V04892,CU03102,Ather 450X,450X 3.7kWh,Performance,3.7,2022,2022-11-24,75075.0
V04893,CU03102,Ather Rizta,Rizta S 2.9kWh,Family,2.9,2025,2025-08-05,13762.0
V04894,CU03102,Ather 450X,450X 3.7kWh,Performance,3.7,2025,2025-01-27,30719.0
V04895,CU03103,Ather 450X,450X 2.9kWh,Performance,2.9,2025,2025-01-23,23084.0
V04896,CU03104,Ather 450X,450X 3.7kWh,Performance,3.7,2026,2026-02-18,8079.0
V04897,CU03105,Ather Rizta,Rizta Z 2.9kWh,Family,2.9,2025,2025-10-06,8100.0
V04898,CU03106,Ather 450X,450X 3.7kWh,Performance,3.7,2023,2023-07-02,31397.0
V04899,CU03107,Ather 450X,450X 2.9kWh,Performance,2.9,2021,2021-10-22,37683.0
V04900,CU03108,Ather 450 Apex,450 Apex 3.7kWh,Performance,3.7,2026,2026-06-14,2210.0
V04901,CU03109,Ather 450X,450X 2.9kWh,Performance,2.9,2021,2021-03-31,64746.0
V04902,CU03110,Ather Rizta,Rizta Z 2.9kWh,Family,2.9,2025,2025-02-25,14639.0
V04903,CU03111,Ather Rizta,Rizta S 2.9kWh,Family,2.9,2026,2026-04-12,2218.0
V04904,CU03112,Ather 450X,450X 3.7kWh,Performance,3.7,2023,2023-11-06,32981.0
V04905,CU03113,Ather Rizta,Rizta Z 3.7kWh,Family,3.7,2024,2024-08-10,21623.0
V04906,CU03114,Ather 450X,450X 2.9kWh,Performance,2.9,2022,2022-12-02,28681.0
V04907,CU03115,Ather 450X,450X 3.7kWh,Performance,3.7,2025,2025-07-17,11193.0
V04908,CU03116,Ather 450X,450X 3.7kWh,Performance,3.7,2021,2021-05-31,74946.0
V04909,CU03117,Ather 450X,450X 2.9kWh,Performance,2.9,2022,2022-11-18,25975.0
V04910,CU03118,Ather 450 Apex,450 Apex 3.7kWh,Performance,3.7,2025,2025-08-23,9970.0
V04911,CU03119,Ather 450X,450X 3.7kWh,Performance,3.7,2022,2022-03-24,40305.0
V04912,CU03120,Ather 450 Apex,450 Apex 3.7kWh,Performance,3.7,2026,2026-05-14,3639.0
V04913,CU03121,Ather 450X,450X 2.9kWh,Performance,2.9,2023,2023-10-21,100361.0
V04914,CU03121,Ather Rizta,Rizta Z 3.7kWh,Family,3.7,2026,2026-01-22,28054.0
V04915,CU03121,Ather Rizta,Rizta S 2.9kWh,Family,2.9,2026,2026-04-19,11096.0
V04916,CU03121,Ather 450X,450X 3.7kWh,Performance,3.7,2026,2026-06-06,7205.0
V04917,CU03121,Ather Rizta,Rizta Z 3.7kWh,Family,3.7,2025,2025-01-28,32161.0
V04918,CU03121,Ather Rizta,Rizta Z 2.9kWh,Family,2.9,2025,2025-10-27,33285.0
V04919,CU03121,Ather 450X,450X 2.9kWh,Performance,2.9,2020,2020-08-29,215863.0
V04920,CU03121,Ather Rizta,Rizta Z 3.7kWh,Family,3.7,2025,2025-04-14,26798.0
V04921,CU03121,Ather 450X,450X 3.7kWh,Performance,3.7,2026,2026-04-27,13159.0
V04922,CU03121,Ather 450X,450X 2.9kWh,Performance,2.9,2024,2024-01-16,62228.0
V04923,CU03121,Ather Rizta,Rizta Z 2.9kWh,Family,2.9,2024,2024-08-15,80711.0
V04924,CU03121,Ather 450X,450X 3.7kWh,Performance,3.7,2020,2020-11-12,184442.0
V04925,CU03121,Ather Rizta,Rizta S 2.9kWh,Family,2.9,2024,2024-10-30,46836.0
V04926,CU03121,Ather 450X,450X 3.7kWh,Performance,3.7,2024,2024-12-19,57966.0
V04927,CU03121,Ather Rizta,Rizta Z 3.7kWh,Family,3.7,2025,2025-08-26,35933.0
V04928,CU03121,Ather Rizta,Rizta S 2.9kWh,Family,2.9,2026,2026-08-02,5203.0
V04929,CU03122,Ather 450X,450X 2.9kWh,Performance,2.9,2022,2022-01-23,30201.0
V04930,CU03123,Ather Rizta,Rizta S 2.9kWh,Family,2.9,2026,2026-02-25,7245.0
V04931,CU03124,Ather 450X,450X 3.7kWh,Performance,3.7,2021,2021-08-04,32194.0
V04932,CU03125,Ather 450X,450X 2.9kWh,Performance,2.9,2021,2021-04-20,62567.0
V04933,CU03126,Ather Rizta,Rizta Z 3.7kWh,Family,3.7,2025,2025-04-26,11141.0
V04934,CU03127,Ather 450 Apex,450 Apex 3.7kWh,Performance,3.7,2025,2025-09-05,4993.0
V04935,CU03128,Ather 450X,450X 3.7kWh,Performance,3.7,2021,2021-07-22,183687.0
V04936,CU03128,Ather 450X,450X 3.7kWh,Performance,3.7,2023,2023-02-07,128964.0
V04937,CU03128,Ather 450X,450X 3.7kWh,Performance,3.7,2020,2020-08-27,159869.0
V04938,CU03128,Ather Rizta,Rizta Z 3.7kWh,Family,3.7,2025,2025-08-13,35486.0
V04939,CU03128,Ather 450X,450X 3.7kWh,Performance,3.7,2021,2021-01-07,175896.0
V04940,CU03128,Ather Rizta,Rizta Z 2.9kWh,Family,2.9,2026,2026-08-30,3305.0
V04941,CU03128,Ather 450X,450X 3.7kWh,Performance,3.7,2024,2024-01-22,61947.0
V04942,CU03128,Ather Rizta,Rizta Z 3.7kWh,Family,3.7,2024,2024-11-15,42391.0
V04943,CU03128,Ather Rizta,Rizta Z 3.7kWh,Family,3.7,2025,2025-08-03,36244.0
V04944,CU03128,Ather 450X,450X 3.7kWh,Performance,3.7,2025,2025-05-30,34663.0
V04945,CU03129,Ather Rizta,Rizta S 2.9kWh,Family,2.9,2024,2024-11-03,12885.0
V04946,CU03130,Ather Rizta,Rizta Z 2.9kWh,Family,2.9,2025,2025-08-13,27440.0
V04947,CU03130,Ather Rizta,Rizta Z 2.9kWh,Family,2.9,2024,2024-11-04,50527.0
V04948,CU03130,Ather 450X,450X 3.7kWh,Performance,3.7,2023,2023-12-07,56362.0
V04949,CU03130,Ather Rizta,Rizta S 2.9kWh,Family,2.9,2025,2025-09-11,26415.0
V04950,CU03130,Ather Rizta,Rizta Z 3.7kWh,Family,3.7,2026,2026-04-07,13319.0
V04951,CU03130,Ather 450X,450X 3.7kWh,Performance,3.7,2023,2023-05-15,129806.0
V04952,CU03130,Ather 450X,450X 3.7kWh,Performance,3.7,2023,2023-11-29,76722.0
V04953,CU03130,Ather 450X,450X 2.9kWh,Performance,2.9,2025,2025-11-01,31083.0
V04954,CU03130,Ather 450X,450X 3.7kWh,Performance,3.7,2020,2020-10-29,148594.0
V04955,CU03130,Ather Rizta,Rizta S 2.9kWh,Family,2.9,2025,2025-03-27,46680.0
V04956,CU03130,Ather Rizta,Rizta Z 2.9kWh,Family,2.9,2024,2024-09-15,62506.0
V04957,CU03130,Ather Rizta,Rizta Z 3.7kWh,Family,3.7,2026,2026-03-17,21832.0
V04958,CU03130,Ather 450X,450X 3.7kWh,Performance,3.7,2024,2024-02-24,90441.0
V04959,CU03130,Ather 450X,450X 3.7kWh,Performance,3.7,2024,2024-03-20,79586.0
V04960,CU03130,Ather Rizta,Rizta S 2.9kWh,Family,2.9,2026,2026-06-14,9104.0
V04961,CU03130,Ather Rizta,Rizta S 2.9kWh,Family,2.9,2025,2025-01-25,50715.0
V04962,CU03131,Ather 450X,450X 3.7kWh,Performance,3.7,2026,2026-03-08,7029.0
V04963,CU03132,Ather Rizta,Rizta Z 3.7kWh,Family,3.7,2025,2025-02-25,54209.0
V04964,CU03132,Ather 450X,450X 3.7kWh,Performance,3.7,2026,2026-03-20,17222.0
V04965,CU03132,Ather 450X,450X 2.9kWh,Performance,2.9,2025,2025-06-24,46094.0
V04966,CU03132,Ather Rizta,Rizta S 2.9kWh,Family,2.9,2024,2024-09-27,43964.0
V04967,CU03132,Ather Rizta,Rizta S 2.9kWh,Family,2.9,2024,2024-11-12,64013.0
V04968,CU03133,Ather Rizta,Rizta S 2.9kWh,Family,2.9,2025,2025-11-09,7711.0
V04969,CU03134,Ather 450X,450X 2.9kWh,Performance,2.9,2023,2023-03-12,14081.0
V04970,CU03135,Ather 450 Apex,450 Apex 3.7kWh,Performance,3.7,2025,2025-03-16,16815.0
V04971,CU03135,Ather 450X,450X 2.9kWh,Performance,2.9,2020,2020-11-26,68792.0
V04972,CU03136,Ather 450X,450X 3.7kWh,Performance,3.7,2023,2023-12-15,36492.0
V04973,CU03137,Ather 450X,450X 3.7kWh,Performance,3.7,2022,2022-09-14,34559.0
V04974,CU03138,Ather Rizta,Rizta S 2.9kWh,Family,2.9,2025,2025-07-25,8982.0
V04975,CU03139,Ather Rizta,Rizta Z 2.9kWh,Family,2.9,2025,2025-08-03,11488.0
V04976,CU03140,Ather Rizta,Rizta Z 2.9kWh,Family,2.9,2025,2025-06-05,9143.0
V04977,CU03141,Ather 450X,450X 2.9kWh,Performance,2.9,2024,2024-04-03,29773.0
V04978,CU03142,Ather 450X,450X 3.7kWh,Performance,3.7,2021,2021-03-15,71712.0
V04979,CU03142,Ather 450X,450X 3.7kWh,Performance,3.7,2023,2023-01-26,52436.0
V04980,CU03142,Ather Rizta,Rizta S 2.9kWh,Family,2.9,2026,2026-07-23,3110.0
V04981,CU03142,Ather Rizta,Rizta Z 3.7kWh,Family,3.7,2025,2025-11-07,14199.0
V04982,CU03143,Ather Rizta,Rizta S 2.9kWh,Family,2.9,2026,2026-03-27,5917.0
V04983,CU03144,Ather Rizta,Rizta Z 3.7kWh,Family,3.7,2026,2026-03-11,4658.0
V04984,CU03145,Ather Rizta,Rizta S 2.9kWh,Family,2.9,2025,2025-11-03,7442.0
V04985,CU03146,Ather 450X,450X 3.7kWh,Performance,3.7,2021,2021-07-14,31619.0
V04986,CU03147,Ather Rizta,Rizta Z 2.9kWh,Family,2.9,2026,2026-01-10,9696.0
V04987,CU03148,Ather 450X,450X 3.7kWh,Performance,3.7,2024,2024-06-07,27242.0
V04988,CU03149,Ather 450X,450X 2.9kWh,Performance,2.9,2025,2025-04-20,23646.0
V04989,CU03149,Ather 450X,450X 2.9kWh,Performance,2.9,2020,2020-02-08,108800.0
V04990,CU03149,Ather Rizta,Rizta Z 2.9kWh,Family,2.9,2025,2025-10-24,21006.0
V04991,CU03150,Ather 450X,450X 3.7kWh,Performance,3.7,2024,2024-05-24,55882.0
V04992,CU03150,Ather 450X,450X 2.9kWh,Performance,2.9,2025,2025-04-20,40374.0
V04993,CU03150,Ather Rizta,Rizta Z 2.9kWh,Family,2.9,2024,2024-11-30,51333.0
V04994,CU03150,Ather Rizta,Rizta S 2.9kWh,Family,2.9,2025,2025-02-05,61393.0
V04995,CU03150,Ather 450X,450X 2.9kWh,Performance,2.9,2023,2023-02-14,99653.0
V04996,CU03150,Ather Rizta,Rizta S 2.9kWh,Family,2.9,2025,2025-12-22,22349.0
V04997,CU03150,Ather 450X,450X 2.9kWh,Performance,2.9,2026,2026-08-25,3868.0
V04998,CU03150,Ather Rizta,Rizta S 2.9kWh,Family,2.9,2025,2025-01-16,67250.0
V04999,CU03150,Ather 450X,450X 3.7kWh,Performance,3.7,2021,2021-07-25,165555.0
V05000,CU03150,Ather 450X,450X 2.9kWh,Performance,2.9,2023,2023-04-10,91298.0
V05001,CU03150,Ather 450X,450X 2.9kWh,Performance,2.9,2023,2023-06-06,94720.0
V05002,CU03151,Ather 450 Apex,450 Apex 3.7kWh,Performance,3.7,2025,2025-02-14,6712.0
V05003,CU03152,Ather Rizta,Rizta Z 3.7kWh,Family,3.7,2026,2026-08-21,1081.0
V05004,CU03153,Ather Rizta,Rizta Z 3.7kWh,Family,3.7,2025,2025-11-14,7525.0
V05005,CU03154,Ather 450X,450X 2.9kWh,Performance,2.9,2026,2026-01-31,6365.0
V05006,CU03155,Ather Rizta,Rizta Z 3.7kWh,Family,3.7,2026,2026-08-29,1155.0
V05007,CU03156,Ather 450X,450X 3.7kWh,Performance,3.7,2025,2025-04-27,31125.0
V05008,CU03156,Ather Rizta,Rizta Z 3.7kWh,Family,3.7,2024,2024-07-02,69090.0
V05009,CU03156,Ather 450X,450X 2.9kWh,Performance,2.9,2020,2020-11-06,216106.0
V05010,CU03156,Ather 450X,450X 3.7kWh,Performance,3.7,2021,2021-09-08,135638.0
V05011,CU03156,Ather 450X,450X 3.7kWh,Performance,3.7,2021,2021-05-21,159367.0
V05012,CU03156,Ather 450X,450X 3.7kWh,Performance,3.7,2023,2023-10-21,96022.0
V05013,CU03156,Ather Rizta,Rizta Z 3.7kWh,Family,3.7,2024,2024-11-15,61018.0
V05014,CU03157,Ather 450X,450X 3.7kWh,Performance,3.7,2025,2025-03-27,14094.0
V05015,CU03158,Ather Rizta,Rizta S 2.9kWh,Family,2.9,2026,2026-08-15,1605.0
V05016,CU03159,Ather Rizta,Rizta Z 2.9kWh,Family,2.9,2026,2026-04-24,3823.0
V05017,CU03160,Ather 450 Apex,450 Apex 3.7kWh,Performance,3.7,2025,2025-09-27,8024.0
V05018,CU03161,Ather 450X,450X 2.9kWh,Performance,2.9,2025,2025-04-21,7462.0
V05019,CU03162,Ather Rizta,Rizta S 2.9kWh,Family,2.9,2026,2026-01-09,3979.0
V05020,CU03163,Ather Rizta,Rizta S 2.9kWh,Family,2.9,2025,2025-03-04,10072.0
V05021,CU03164,Ather 450 Apex,450 Apex 3.7kWh,Performance,3.7,2024,2024-07-23,10231.0
V05022,CU03165,Ather 450X,450X 2.9kWh,Performance,2.9,2020,2020-02-06,68934.0
V05023,CU03166,Ather Rizta,Rizta S 2.9kWh,Family,2.9,2024,2024-12-02,12944.0
V05024,CU03167,Ather Rizta,Rizta Z 3.7kWh,Family,3.7,2025,2025-03-20,15795.0
V05025,CU03168,Ather Rizta,Rizta Z 3.7kWh,Family,3.7,2024,2024-08-20,10631.0
V05026,CU03169,Ather 450X,450X 3.7kWh,Performance,3.7,2021,2021-08-31,53141.0
V05027,CU03170,Ather Rizta,Rizta Z 2.9kWh,Family,2.9,2025,2025-12-07,7218.0
V05028,CU03171,Ather 450X,450X 3.7kWh,Performance,3.7,2022,2022-10-12,23009.0
V05029,CU03172,Ather 450X,450X 2.9kWh,Performance,2.9,2023,2023-09-03,26487.0
V05030,CU03173,Ather 450X,450X 3.7kWh,Performance,3.7,2022,2022-02-19,40894.0
V05031,CU03174,Ather Rizta,Rizta S 2.9kWh,Family,2.9,2026,2026-02-01,12531.0
V05032,CU03174,Ather 450X,450X 3.7kWh,Performance,3.7,2023,2023-06-19,75997.0
V05033,CU03174,Ather 450X,450X 3.7kWh,Performance,3.7,2021,2021-12-12,124279.0
V05034,CU03174,Ather 450X,450X 3.7kWh,Performance,3.7,2023,2023-09-24,
V05035,CU03174,Ather Rizta,Rizta S 2.9kWh,Family,2.9,2026,2026-05-05,10481.0
V05036,CU03174,Ather Rizta,Rizta S 2.9kWh,Family,2.9,2024,2024-11-09,58835.0
V05037,CU03174,Ather Rizta,Rizta S 2.9kWh,Family,2.9,2026,2026-04-19,11855.0
V05038,CU03174,Ather Rizta,Rizta S 2.9kWh,Family,2.9,2026,2026-05-30,12149.0
V05039,CU03174,Ather 450X,450X 2.9kWh,Performance,2.9,2023,2023-01-30,86927.0
V05040,CU03174,Ather 450X,450X 3.7kWh,Performance,3.7,2020,2020-01-29,150827.0
V05041,CU03174,Ather Rizta,Rizta S 2.9kWh,Family,2.9,2024,2024-08-12,69723.0
V05042,CU03174,Ather 450X,450X 3.7kWh,Performance,3.7,2024,2024-02-21,118354.0
V05043,CU03174,Ather Rizta,Rizta S 2.9kWh,Family,2.9,2026,2026-01-22,12235.0
V05044,CU03174,Ather 450X,450X 3.7kWh,Performance,3.7,2021,2021-08-27,122744.0
V05045,CU03175,Ather Rizta,Rizta S 2.9kWh,Family,2.9,2026,2026-08-09,1377.0
V05046,CU03176,Ather Rizta,Rizta Z 2.9kWh,Family,2.9,2024,2024-09-14,21735.0
V05047,CU03177,Ather Rizta,Rizta Z 3.7kWh,Family,3.7,2026,2026-02-14,5899.0
V05048,CU03178,Ather Rizta,Rizta S 2.9kWh,Family,2.9,2025,2025-08-12,11316.0
V05049,CU03179,Ather 450X,450X 2.9kWh,Performance,2.9,2025,2025-06-06,14087.0
V05050,CU03180,Ather 450X,450X 3.7kWh,Performance,3.7,2023,2023-01-09,38548.0
V05051,CU03181,Ather 450X,450X 3.7kWh,Performance,3.7,2021,2021-03-12,54212.0
V05052,CU03182,Ather 450X,450X 3.7kWh,Performance,3.7,2023,2023-01-08,41085.0
V05053,CU03183,Ather Rizta,Rizta Z 3.7kWh,Family,3.7,2026,2026-03-14,8185.0
V05054,CU03184,Ather Rizta,Rizta S 2.9kWh,Family,2.9,2025,2025-06-06,13001.0
V05055,CU03185,Ather 450X,450X 2.9kWh,Performance,2.9,2024,2024-03-06,30568.0
V05056,CU03186,Ather 450X,450X 3.7kWh,Performance,3.7,2021,2021-03-19,29797.0
V05057,CU03187,Ather 450X,450X 2.9kWh,Performance,2.9,2025,2025-01-17,22795.0
V05058,CU03188,Ather 450X,450X 3.7kWh,Performance,3.7,2025,2025-09-12,8114.0
V05059,CU03189,Ather 450X,450X 3.7kWh,Performance,3.7,2020,2020-12-03,49258.0
V05060,CU03190,Ather Rizta,Rizta Z 2.9kWh,Family,2.9,2026,2026-09-08,813.0
V05061,CU03191,Ather 450X,450X 3.7kWh,Performance,3.7,2025,2025-04-09,9863.0
V05062,CU03192,Ather 450 Apex,450 Apex 3.7kWh,Performance,3.7,2026,2026-04-13,4106.0
V05063,CU03193,Ather 450X,450X 3.7kWh,Performance,3.7,2021,2021-01-07,50326.0
V05064,CU03194,Ather 450X,450X 3.7kWh,Performance,3.7,2025,2025-11-04,12377.0
V05065,CU03195,Ather 450X,450X 2.9kWh,Performance,2.9,2022,2022-09-19,30328.0
V05066,CU03196,Ather 450 Apex,450 Apex 3.7kWh,Performance,3.7,2024,2024-05-26,17187.0
V05067,CU03197,Ather 450X,450X 2.9kWh,Performance,2.9,2023,2023-10-14,24563.0
V05068,CU03198,Ather Rizta,Rizta Z 3.7kWh,Family,3.7,2026,2026-04-09,3373.0
V05069,CU03199,Ather Rizta,Rizta Z 3.7kWh,Family,3.7,2026,2026-05-20,3801.0
V05070,CU03200,Ather Rizta,Rizta Z 3.7kWh,Family,3.7,2024,2024-08-08,16753.0
V05071,CU03201,Ather Rizta,Rizta S 2.9kWh,Family,2.9,2025,2025-02-24,17376.0
V05072,CU03202,Ather Rizta,Rizta S 2.9kWh,Family,2.9,2026,2026-03-29,5208.0
V05073,CU03203,Ather Rizta,Rizta Z 3.7kWh,Family,3.7,2026,2026-04-10,4603.0
V05074,CU03204,Ather Rizta,Rizta S 2.9kWh,Family,2.9,2025,2025-01-10,26208.0
V05075,CU03205,Ather 450 Apex,450 Apex 3.7kWh,Performance,3.7,2026,2026-09-02,862.0
V05076,CU03206,Ather Rizta,Rizta S 2.9kWh,Family,2.9,2025,2025-08-15,13511.0
V05077,CU03207,Ather 450 Apex,450 Apex 3.7kWh,Performance,3.7,2025,2025-07-26,15184.0
V05078,CU03208,Ather 450X,450X 3.7kWh,Performance,3.7,2025,2025-06-25,9016.0
V05079,CU03209,Ather 450X,450X 2.9kWh,Performance,2.9,2023,2023-10-07,61244.0
V05080,CU03209,Ather 450X,450X 3.7kWh,Performance,3.7,2021,2021-09-25,58669.0
V05081,CU03209,Ather Rizta,Rizta Z 3.7kWh,Family,3.7,2026,2026-02-10,8119.0
V05082,CU03209,Ather 450 Apex,450 Apex 3.7kWh,Performance,3.7,2025,2025-08-18,19186.0
V05083,CU03210,Ather 450X,450X 3.7kWh,Performance,3.7,2021,2021-12-18,45145.0
V05084,CU03211,Ather 450X,450X 2.9kWh,Performance,2.9,2025,2025-04-18,14449.0
V05085,CU03212,Ather 450X,450X 3.7kWh,Performance,3.7,2023,2023-03-13,40317.0
V05086,CU03213,Ather Rizta,Rizta S 2.9kWh,Family,2.9,2025,2025-11-20,8834.0
V05087,CU03214,Ather Rizta,Rizta Z 3.7kWh,Family,3.7,2026,2026-01-20,7360.0
V05088,CU03215,Ather Rizta,Rizta S 2.9kWh,Family,2.9,2025,2025-08-27,10554.0
V05089,CU03216,Ather Rizta,Rizta Z 2.9kWh,Family,2.9,2025,2025-02-12,17630.0
V05090,CU03217,Ather 450X,450X 2.9kWh,Performance,2.9,2022,2022-10-15,43691.0
V05091,CU03218,Ather 450X,450X 3.7kWh,Performance,3.7,2022,2022-04-27,52689.0
V05092,CU03219,Ather Rizta,Rizta S 2.9kWh,Family,2.9,2025,2025-03-27,12515.0
V05093,CU03220,Ather Rizta,Rizta Z 2.9kWh,Family,2.9,2026,2026-02-11,5785.0
V05094,CU03221,Ather Rizta,Rizta Z 3.7kWh,Family,3.7,2026,2026-03-06,3393.0
V05095,CU03221,Ather Rizta,Rizta Z 2.9kWh,Family,2.9,2026,2026-06-23,2604.0
V05096,CU03222,Ather 450 Apex,450 Apex 3.7kWh,Performance,3.7,2025,2025-03-13,13537.0
V05097,CU03223,Ather Rizta,Rizta S 2.9kWh,Family,2.9,2025,2025-04-06,18033.0
V05098,CU03224,Ather 450X,450X 3.7kWh,Performance,3.7,2025,2025-12-16,6952.0
V05099,CU03225,Ather 450X,450X 2.9kWh,Performance,2.9,2024,2024-08-10,18513.0
V05100,CU03226,Ather Rizta,Rizta Z 2.9kWh,Family,2.9,2025,2025-12-07,5012.0
V05101,CU03227,Ather Rizta,Rizta S 2.9kWh,Family,2.9,2025,2025-03-22,12121.0
V05102,CU03228,Ather Rizta,Rizta Z 2.9kWh,Family,2.9,2026,2026-01-02,3451.0
V05103,CU03229,Ather Rizta,Rizta Z 3.7kWh,Family,3.7,2024,2024-09-09,16301.0
V05104,CU03230,Ather Rizta,Rizta Z 3.7kWh,Family,3.7,2025,2025-01-17,17842.0
V05105,CU03231,Ather Rizta,Rizta S 2.9kWh,Family,2.9,2025,2025-03-06,18645.0
V05106,CU03232,Ather 450X,450X 2.9kWh,Performance,2.9,2025,2025-06-03,9502.0
V05107,CU03233,Ather Rizta,Rizta Z 2.9kWh,Family,2.9,2025,2025-05-17,15395.0
V05108,CU03234,Ather 450X,450X 3.7kWh,Performance,3.7,2022,2022-10-10,30516.0
V05109,CU03235,Ather Rizta,Rizta Z 3.7kWh,Family,3.7,2026,2026-04-22,5293.0
V05110,CU03236,Ather Rizta,Rizta Z 3.7kWh,Family,3.7,2025,2025-02-02,13739.0
V05111,CU03237,Ather Rizta,Rizta S 2.9kWh,Family,2.9,2024,2024-08-24,17076.0
V05112,CU03238,Ather 450X,450X 2.9kWh,Performance,2.9,2021,2021-10-16,29055.0
V05113,CU03239,Ather Rizta,Rizta Z 3.7kWh,Family,3.7,2026,2026-08-09,1344.0
V05114,CU03240,Ather Rizta,Rizta Z 3.7kWh,Family,3.7,2025,2025-06-07,15375.0
V05115,CU03241,Ather 450X,450X 2.9kWh,Performance,2.9,2024,2024-12-20,21906.0
V05116,CU03242,Ather 450X,450X 3.7kWh,Performance,3.7,2021,2021-09-08,59551.0
V05117,CU03243,Ather 450X,450X 2.9kWh,Performance,2.9,2023,2023-08-02,10645.0
V05118,CU03244,Ather Rizta,Rizta Z 3.7kWh,Family,3.7,2025,2025-07-30,13025.0
V05119,CU03245,Ather 450X,450X 3.7kWh,Performance,3.7,2024,2024-12-24,23605.0
V05120,CU03246,Ather Rizta,Rizta Z 2.9kWh,Family,2.9,2026,2026-08-11,1548.0
V05121,CU03247,Ather Rizta,Rizta S 2.9kWh,Family,2.9,2026,2026-04-17,5428.0
V05122,CU03247,Ather 450X,450X 2.9kWh,Performance,2.9,2026,2026-07-31,2233.0
V05123,CU03247,Ather Rizta,Rizta Z 3.7kWh,Family,3.7,2024,2024-10-24,37633.0
V05124,CU03247,Ather 450X,450X 3.7kWh,Performance,3.7,2022,2022-06-22,69702.0
V05125,CU03247,Ather 450X,450X 3.7kWh,Performance,3.7,2024,2024-03-29,39233.0
V05126,CU03248,Ather Rizta,Rizta S 2.9kWh,Family,2.9,2024,2024-12-07,20105.0
V05127,CU03249,Ather 450X,450X 2.9kWh,Performance,2.9,2024,2024-03-20,31670.0
V05128,CU03250,Ather Rizta,Rizta Z 3.7kWh,Family,3.7,2025,2025-02-05,12066.0
V05129,CU03251,Ather 450 Apex,450 Apex 3.7kWh,Performance,3.7,2026,2026-07-21,1218.0
V05130,CU03252,Ather Rizta,Rizta Z 3.7kWh,Family,3.7,2024,2024-09-17,22249.0
V05131,CU03253,Ather Rizta,Rizta Z 3.7kWh,Family,3.7,2025,2025-01-27,21542.0
V05132,CU03254,Ather 450X,450X 3.7kWh,Performance,3.7,2020,2020-11-24,35464.0
V05133,CU03255,Ather 450 Apex,450 Apex 3.7kWh,Performance,3.7,2024,2024-04-06,21926.0
V05134,CU03256,Ather Rizta,Rizta Z 3.7kWh,Family,3.7,2024,2024-08-10,20487.0
V05135,CU03257,Ather Rizta,Rizta Z 3.7kWh,Family,3.7,2025,2025-05-15,21323.0
V05136,CU03258,Ather Rizta,Rizta S 2.9kWh,Family,2.9,2026,2026-07-20,1764.0
V05137,CU03259,Ather Rizta,Rizta Z 2.9kWh,Family,2.9,2024,2024-11-28,16124.0
V05138,CU03260,Ather Rizta,Rizta S 2.9kWh,Family,2.9,2026,2026-05-03,4077.0
V05139,CU03261,Ather Rizta,Rizta S 2.9kWh,Family,2.9,2025,2025-05-23,11157.0
V05140,CU03262,Ather Rizta,Rizta S 2.9kWh,Family,2.9,2026,2026-05-05,4925.0
V05141,CU03263,Ather 450X,450X 3.7kWh,Performance,3.7,2023,2023-03-03,36603.0
V05142,CU03264,Ather Rizta,Rizta S 2.9kWh,Family,2.9,2026,2026-04-02,4135.0
V05143,CU03265,Ather Rizta,Rizta Z 3.7kWh,Family,3.7,2026,2026-03-31,4950.0
V05144,CU03266,Ather Rizta,Rizta S 2.9kWh,Family,2.9,2025,2025-09-13,9842.0
V05145,CU03267,Ather 450X,450X 2.9kWh,Performance,2.9,2023,2023-09-22,30376.0
V05146,CU03268,Ather 450X,450X 2.9kWh,Performance,2.9,2023,2023-04-28,86756.0
V05147,CU03268,Ather Rizta,Rizta Z 3.7kWh,Family,3.7,2026,2026-05-31,12167.0
V05148,CU03268,Ather 450X,450X 2.9kWh,Performance,2.9,2023,2023-03-14,118129.0
V05149,CU03268,Ather 450X,450X 3.7kWh,Performance,3.7,2026,2026-04-29,13379.0
V05150,CU03268,Ather Rizta,Rizta S 2.9kWh,Family,2.9,2026,2026-05-15,14196.0
V05151,CU03268,Ather Rizta,Rizta Z 2.9kWh,Family,2.9,2024,2024-07-15,76111.0
V05152,CU03268,Ather 450X,450X 3.7kWh,Performance,3.7,2024,2024-01-04,71284.0
V05153,CU03268,Ather Rizta,Rizta S 2.9kWh,Family,2.9,2026,2026-05-13,15144.0
V05154,CU03268,Ather 450X,450X 3.7kWh,Performance,3.7,2024,2024-05-20,81452.0
V05155,CU03268,Ather 450X,450X 3.7kWh,Performance,3.7,2022,2022-07-03,115134.0
V05156,CU03268,Ather 450X,450X 2.9kWh,Performance,2.9,2025,2025-09-14,29324.0
V05157,CU03268,Ather Rizta,Rizta Z 3.7kWh,Family,3.7,2026,2026-06-18,8035.0
V05158,CU03268,Ather Rizta,Rizta Z 2.9kWh,Family,2.9,2026,2026-09-07,1984.0
V05159,CU03268,Ather Rizta,Rizta Z 3.7kWh,Family,3.7,2025,2025-10-12,19509.0
V05160,CU03268,Ather Rizta,Rizta S 2.9kWh,Family,2.9,2026,2026-02-20,20204.0
V05161,CU03268,Ather 450X,450X 2.9kWh,Performance,2.9,2020,2020-06-17,232741.0
V05162,CU03268,Ather Rizta,Rizta S 2.9kWh,Family,2.9,2025,2025-01-16,40494.0
V05163,CU03269,Ather Rizta,Rizta Z 2.9kWh,Family,2.9,2026,2026-01-02,5073.0
V05164,CU03270,Ather Rizta,Rizta Z 3.7kWh,Family,3.7,2026,2026-03-13,3897.0
V05165,CU03271,Ather 450 Apex,450 Apex 3.7kWh,Performance,3.7,2024,2024-04-05,29134.0
V05166,CU03272,Ather 450X,450X 2.9kWh,Performance,2.9,2022,2022-06-17,49215.0
V05167,CU03273,Ather 450 Apex,450 Apex 3.7kWh,Performance,3.7,2024,2024-07-15,19204.0
V05168,CU03274,Ather 450X,450X 2.9kWh,Performance,2.9,2023,2023-10-04,31255.0
V05169,CU03275,Ather Rizta,Rizta Z 3.7kWh,Family,3.7,2025,2025-04-29,20807.0
V05170,CU03276,Ather 450X,450X 2.9kWh,Performance,2.9,2021,2021-09-07,52704.0
V05171,CU03277,Ather Rizta,Rizta S 2.9kWh,Family,2.9,2026,2026-05-07,3762.0
V05172,CU03278,Ather 450 Apex,450 Apex 3.7kWh,Performance,3.7,2026,2026-03-14,4318.0
V05173,CU03279,Ather Rizta,Rizta S 2.9kWh,Family,2.9,2025,2025-12-12,6984.0
V05174,CU03280,Ather 450X,450X 3.7kWh,Performance,3.7,2022,2022-01-02,43092.0
V05175,CU03281,Ather Rizta,Rizta Z 3.7kWh,Family,3.7,2025,2025-01-05,17205.0
V05176,CU03282,Ather 450 Apex,450 Apex 3.7kWh,Performance,3.7,2025,2025-08-21,7822.0
V05177,CU03283,Ather 450X,450X 3.7kWh,Performance,3.7,2025,2025-11-23,5770.0
V05178,CU03284,Ather 450 Apex,450 Apex 3.7kWh,Performance,3.7,2024,2024-11-17,17182.0
V05179,CU03285,Ather 450X,450X 3.7kWh,Performance,3.7,2022,2022-02-16,26018.0
V05180,CU03286,Ather Rizta,Rizta Z 2.9kWh,Family,2.9,2025,2025-09-02,7212.0
V05181,CU03287,Ather 450 Apex,450 Apex 3.7kWh,Performance,3.7,2025,2025-02-09,19953.0
V05182,CU03288,Ather Rizta,Rizta Z 2.9kWh,Family,2.9,2024,2024-08-18,18703.0
V05183,CU03289,Ather 450X,450X 2.9kWh,Performance,2.9,2025,2025-04-19,33199.0
V05184,CU03289,Ather 450X,450X 2.9kWh,Performance,2.9,2024,2024-08-12,54438.0
V05185,CU03289,Ather 450X,450X 2.9kWh,Performance,2.9,2021,2021-06-14,231199.0
V05186,CU03289,Ather Rizta,Rizta Z 2.9kWh,Family,2.9,2026,2026-04-14,16797.0
V05187,CU03289,Ather Rizta,Rizta Z 3.7kWh,Family,3.7,2025,2025-04-17,50649.0
V05188,CU03289,Ather 450X,450X 2.9kWh,Performance,2.9,2025,2025-04-28,44220.0
V05189,CU03289,Ather Rizta,Rizta Z 2.9kWh,Family,2.9,2025,2025-08-24,33036.0
V05190,CU03289,Ather 450X,450X 2.9kWh,Performance,2.9,2021,2021-08-29,168535.0
V05191,CU03289,Ather Rizta,Rizta Z 3.7kWh,Family,3.7,2026,2026-08-04,5771.0
V05192,CU03289,Ather Rizta,Rizta Z 2.9kWh,Family,2.9,2024,2024-12-25,26028.0
V05193,CU03289,Ather 450X,450X 2.9kWh,Performance,2.9,2025,2025-05-04,23428.0
V05194,CU03289,Ather Rizta,Rizta Z 3.7kWh,Family,3.7,2026,2026-02-07,20024.0
V05195,CU03289,Ather Rizta,Rizta Z 2.9kWh,Family,2.9,2025,2025-07-05,34476.0
V05196,CU03289,Ather Rizta,Rizta Z 3.7kWh,Family,3.7,2026,2026-07-10,8696.0
V05197,CU03289,Ather 450X,450X 3.7kWh,Performance,3.7,2021,2021-01-21,98633.0
V05198,CU03289,Ather 450X,450X 2.9kWh,Performance,2.9,2024,2024-03-13,75901.0
V05199,CU03289,Ather 450X,450X 3.7kWh,Performance,3.7,2020,2020-04-07,164133.0
V05200,CU03289,Ather 450X,450X 3.7kWh,Performance,3.7,2021,2021-05-25,202923.0
V05201,CU03289,Ather 450X,450X 2.9kWh,Performance,2.9,2026,2026-09-02,1986.0
V05202,CU03290,Ather 450X,450X 2.9kWh,Performance,2.9,2022,2022-01-10,50714.0
V05203,CU03291,Ather Rizta,Rizta Z 2.9kWh,Family,2.9,2025,2025-03-25,17954.0
V05204,CU03291,Ather Rizta,Rizta S 2.9kWh,Family,2.9,2026,2026-08-07,1585.0
V05205,CU03292,Ather 450X,450X 3.7kWh,Performance,3.7,2022,2022-02-26,26803.0
V05206,CU03293,Ather 450X,450X 3.7kWh,Performance,3.7,2020,2020-05-18,71467.0
V05207,CU03294,Ather Rizta,Rizta Z 3.7kWh,Family,3.7,2026,2026-03-26,4025.0
V05208,CU03295,Ather Rizta,Rizta S 2.9kWh,Family,2.9,2024,2024-06-12,24459.0
V05209,CU03296,Ather Rizta,Rizta S 2.9kWh,Family,2.9,2026,2026-06-22,3490.0
V05210,CU03297,Ather Rizta,Rizta Z 2.9kWh,Family,2.9,2024,2024-06-17,17878.0
V05211,CU03298,Ather Rizta,Rizta Z 3.7kWh,Family,3.7,2026,2026-06-23,1767.0
V05212,CU03299,Ather 450X,450X 3.7kWh,Performance,3.7,2025,2025-12-31,6094.0
V05213,CU03300,Ather Rizta,Rizta Z 3.7kWh,Family,3.7,2024,2024-11-19,17171.0
V05214,CU03301,Ather 450X,450X 2.9kWh,Performance,2.9,2025,2025-11-07,2616.0
V05215,CU03302,Ather 450X,450X 3.7kWh,Performance,3.7,2026,2026-02-05,6773.0
V05216,CU03303,Ather 450X,450X 2.9kWh,Performance,2.9,2025,2025-01-09,18295.0
V05217,CU03304,Ather Rizta,Rizta Z 3.7kWh,Family,3.7,2026,2026-04-08,6007.0
V05218,CU03305,Ather 450X,450X 2.9kWh,Performance,2.9,2020,2020-11-20,75216.0
V05219,CU03306,Ather Rizta,Rizta Z 3.7kWh,Family,3.7,2026,2026-03-16,2641.0
V05220,CU03307,Ather Rizta,Rizta Z 2.9kWh,Family,2.9,2025,2025-09-19,15422.0
V05221,CU03307,Ather 450X,450X 3.7kWh,Performance,3.7,2024,2024-04-26,22751.0
V05222,CU03308,Ather Rizta,Rizta S 2.9kWh,Family,2.9,2024,2024-07-31,21466.0
V05223,CU03309,Ather Rizta,Rizta Z 3.7kWh,Family,3.7,2026,2026-08-04,1498.0
V05224,CU03310,Ather 450X,450X 2.9kWh,Performance,2.9,2023,2023-12-12,27529.0
V05225,CU03311,Ather 450X,450X 3.7kWh,Performance,3.7,2025,2025-05-24,10051.0
V05226,CU03312,Ather Rizta,Rizta S 2.9kWh,Family,2.9,2026,2026-03-30,5486.0
V05227,CU03313,Ather Rizta,Rizta Z 2.9kWh,Family,2.9,2025,2025-08-20,7377.0
V05228,CU03313,Ather 450X,450X 2.9kWh,Performance,2.9,2021,2021-02-02,110917.0
V05229,CU03313,Ather 450X,450X 3.7kWh,Performance,3.7,2023,2023-02-17,48550.0
V05230,CU03313,Ather Rizta,Rizta Z 3.7kWh,Family,3.7,2026,2026-09-03,1612.0
V05231,CU03314,Ather Rizta,Rizta Z 3.7kWh,Family,3.7,2026,2026-07-31,1365.0
V05232,CU03315,Ather 450X,450X 2.9kWh,Performance,2.9,2024,2024-09-22,23973.0
V05233,CU03316,Ather Rizta,Rizta Z 2.9kWh,Family,2.9,2026,2026-01-29,7915.0
V05234,CU03317,Ather Rizta,Rizta S 2.9kWh,Family,2.9,2026,2026-07-21,2259.0
V05235,CU03318,Ather 450 Apex,450 Apex 3.7kWh,Performance,3.7,2025,2025-02-11,14946.0
V05236,CU03319,Ather 450 Apex,450 Apex 3.7kWh,Performance,3.7,2024,2024-11-13,23423.0
V05237,CU03320,Ather Rizta,Rizta Z 3.7kWh,Family,3.7,2025,2025-07-25,8698.0
V05238,CU03321,Ather 450X,450X 2.9kWh,Performance,2.9,2026,2026-02-09,20886.0
V05239,CU03321,Ather Rizta,Rizta Z 2.9kWh,Family,2.9,2026,2026-07-12,6580.0
V05240,CU03321,Ather 450X,450X 2.9kWh,Performance,2.9,2024,2024-01-06,69882.0
V05241,CU03321,Ather Rizta,Rizta Z 3.7kWh,Family,3.7,2025,2025-10-06,14360.0
V05242,CU03321,Ather 450X,450X 2.9kWh,Performance,2.9,2025,2025-10-04,30537.0
V05243,CU03321,Ather Rizta,Rizta Z 2.9kWh,Family,2.9,2025,2025-04-18,36703.0
V05244,CU03321,Ather Rizta,Rizta S 2.9kWh,Family,2.9,2025,2025-05-15,38035.0
V05245,CU03321,Ather 450X,450X 2.9kWh,Performance,2.9,2025,2025-01-29,61589.0
V05246,CU03321,Ather 450X,450X 3.7kWh,Performance,3.7,2023,2023-02-22,66811.0
V05247,CU03321,Ather Rizta,Rizta S 2.9kWh,Family,2.9,2024,2024-10-05,59286.0
V05248,CU03322,Ather Rizta,Rizta S 2.9kWh,Family,2.9,2025,2025-02-26,19072.0
V05249,CU03322,Ather Rizta,Rizta S 2.9kWh,Family,2.9,2024,2024-11-08,28555.0
V05250,CU03323,Ather Rizta,Rizta Z 2.9kWh,Family,2.9,2026,2026-07-05,2478.0
V05251,CU03324,Ather 450X,450X 3.7kWh,Performance,3.7,2020,2020-05-20,57146.0
V05252,CU03325,Ather 450X,450X 2.9kWh,Performance,2.9,2023,2023-07-20,82828.0
V05253,CU03325,Ather 450X,450X 3.7kWh,Performance,3.7,2022,2022-12-15,131694.0
V05254,CU03325,Ather Rizta,Rizta Z 2.9kWh,Family,2.9,2026,2026-03-21,17076.0
V05255,CU03325,Ather Rizta,Rizta S 2.9kWh,Family,2.9,2024,2024-10-23,60456.0
V05256,CU03325,Ather 450X,450X 3.7kWh,Performance,3.7,2021,2021-05-02,
V05257,CU03325,Ather 450X,450X 3.7kWh,Performance,3.7,2026,2026-01-24,21509.0
V05258,CU03325,Ather 450X,450X 2.9kWh,Performance,2.9,2023,2023-03-06,85290.0
V05259,CU03325,Ather 450X,450X 2.9kWh,Performance,2.9,2020,2020-11-21,199781.0
V05260,CU03325,Ather 450X,450X 3.7kWh,Performance,3.7,2023,2023-01-04,124698.0
V05261,CU03325,Ather 450X,450X 3.7kWh,Performance,3.7,2023,2023-10-29,97005.0
V05262,CU03325,Ather 450X,450X 2.9kWh,Performance,2.9,2025,2025-06-24,31165.0
V05263,CU03325,Ather Rizta,Rizta Z 3.7kWh,Family,3.7,2026,2026-01-14,18215.0
V05264,CU03325,Ather Rizta,Rizta S 2.9kWh,Family,2.9,2025,2025-10-14,30853.0
V05265,CU03325,Ather 450X,450X 2.9kWh,Performance,2.9,2021,2021-11-30,144010.0
V05266,CU03326,Ather Rizta,Rizta S 2.9kWh,Family,2.9,2026,2026-03-01,5781.0
V05267,CU03326,Ather Rizta,Rizta S 2.9kWh,Family,2.9,2026,2026-02-08,6509.0
V05268,CU03327,Ather Rizta,Rizta Z 2.9kWh,Family,2.9,2025,2025-06-08,8163.0
V05269,CU03328,Ather 450X,450X 2.9kWh,Performance,2.9,2022,2022-11-04,48884.0
V05270,CU03329,Ather 450X,450X 3.7kWh,Performance,3.7,2020,2020-10-10,76781.0
V05271,CU03330,Ather Rizta,Rizta Z 3.7kWh,Family,3.7,2025,2025-12-04,9680.0
V05272,CU03331,Ather Rizta,Rizta Z 2.9kWh,Family,2.9,2026,2026-08-10,1697.0
V05273,CU03332,Ather Rizta,Rizta S 2.9kWh,Family,2.9,2025,2025-03-26,13180.0
V05274,CU03333,Ather Rizta,Rizta S 2.9kWh,Family,2.9,2024,2024-09-02,41385.0
V05275,CU03334,Ather 450X,450X 3.7kWh,Performance,3.7,2023,2023-05-27,33328.0
V05276,CU03335,Ather Rizta,Rizta Z 2.9kWh,Family,2.9,2025,2025-11-17,10831.0
V05277,CU03336,Ather Rizta,Rizta S 2.9kWh,Family,2.9,2026,2026-01-19,5536.0
V05278,CU03337,Ather Rizta,Rizta Z 3.7kWh,Family,3.7,2024,2024-07-19,20895.0
V05279,CU03338,Ather Rizta,Rizta Z 2.9kWh,Family,2.9,2025,2025-02-08,23343.0
V05280,CU03339,Ather 450X,450X 2.9kWh,Performance,2.9,2024,2024-01-29,48180.0
V05281,CU03339,Ather Rizta,Rizta S 2.9kWh,Family,2.9,2024,2024-06-20,59187.0
V05282,CU03339,Ather 450X,450X 3.7kWh,Performance,3.7,2022,2022-01-24,127021.0
V05283,CU03339,Ather Rizta,Rizta Z 2.9kWh,Family,2.9,2026,2026-02-09,16463.0
V05284,CU03340,Ather 450X,450X 3.7kWh,Performance,3.7,2021,2021-02-10,43604.0
V05285,CU03341,Ather 450X,450X 3.7kWh,Performance,3.7,2022,2022-04-08,53187.0
V05286,CU03342,Ather 450X,450X 3.7kWh,Performance,3.7,2020,2020-03-21,70204.0
V05287,CU03342,Ather 450X,450X 3.7kWh,Performance,3.7,2025,2025-07-07,21395.0
V05288,CU03342,Ather Rizta,Rizta S 2.9kWh,Family,2.9,2026,2026-09-01,934.0
V05289,CU03342,Ather Rizta,Rizta Z 3.7kWh,Family,3.7,2025,2025-10-23,12751.0
V05290,CU03342,Ather Rizta,Rizta S 2.9kWh,Family,2.9,2026,2026-03-05,13533.0
V05291,CU03342,Ather Rizta,Rizta Z 3.7kWh,Family,3.7,2025,2025-03-23,27704.0
V05292,CU03343,Ather Rizta,Rizta Z 2.9kWh,Family,2.9,2025,2025-02-17,13099.0
V05293,CU03344,Ather 450X,450X 3.7kWh,Performance,3.7,2025,2025-11-19,8242.0
V05294,CU03345,Ather 450X,450X 2.9kWh,Performance,2.9,2024,2024-12-07,9571.0
V05295,CU03346,Ather 450 Apex,450 Apex 3.7kWh,Performance,3.7,2024,2024-11-28,18229.0
V05296,CU03347,Ather Rizta,Rizta S 2.9kWh,Family,2.9,2024,2024-07-03,21121.0
V05297,CU03348,Ather Rizta,Rizta S 2.9kWh,Family,2.9,2026,2026-05-05,3109.0
V05298,CU03349,Ather Rizta,Rizta Z 2.9kWh,Family,2.9,2025,2025-06-21,7104.0
V05299,CU03350,Ather 450X,450X 2.9kWh,Performance,2.9,2023,2023-08-30,49127.0
V05300,CU03351,Ather Rizta,Rizta Z 2.9kWh,Family,2.9,2026,2026-06-10,1718.0
